CampaignId,AccountId,ProductId,Date,Impressions,Clicks,Spend,Conversions,RevenueAttributed
1,26,1,2025-08-23,7909,500,1222.66,55,12207.83
1,26,1,2025-08-24,46272,3345,6532.63,461,145350.72
1,26,1,2025-09-12,19451,1065,3057.74,91,29867.19
1,26,1,2025-09-13,20694,1180,2516.12,170,61664.48
1,26,1,2025-09-22,8954,575,838.92,27,3254.94
1,26,1,2025-09-24,8715,607,1363.23,83,14103.56
1,26,1,2025-10-10,22804,1429,3529.09,137,11049.12
1,26,1,2025-10-18,41909,2769,8185.65,142,31407.92
1,26,1,2025-10-19,33291,1593,2902.91,77,27278.96
1,26,1,2025-10-20,32155,1197,4312.01,56,3203.39
1,26,1,2025-10-21,17375,959,3206.57,24,5082.14
1,26,1,2025-10-23,38220,999,4505.79,38,13593.9
1,26,1,2025-10-27,15754,932,4513.21,68,18451.97
1,26,1,2025-10-29,24904,1918,6110.72,24,2090.72
1,26,1,2025-11-07,23467,1800,2211.86,205,33266.38
1,26,1,2025-11-13,40448,1473,5986.83,123,23461.15
1,26,1,2025-11-14,7187,383,1667.75,31,4063.74
1,26,1,2025-11-15,8114,623,1064.45,38,11871.2
1,26,1,2025-11-16,39099,1560,2792.91,119,42305.1
1,26,1,2025-11-17,44091,2162,9117.61,77,24104.7
1,26,1,2025-11-28,12881,793,3578.66,30,10518.21
1,26,1,2025-12-04,19148,306,453.97,22,8750.7
1,26,1,2025-12-10,3533,59,200.6,2,280.18
1,26,1,2025-12-15,43204,2918,2516.38,382,96716.41
1,26,1,2025-12-19,46832,3076,7180.11,384,87565.87
1,26,1,2025-12-22,17951,650,3006.59,36,8488.83
1,26,1,2025-12-27,19036,279,316.92,14,913.43
1,26,1,2025-12-29,20979,1552,981.09,189,35282.65
1,26,1,2026-01-02,36901,942,3615.7,17,1153.05
1,26,1,2026-01-08,12706,737,1160.19,93,28145.98
1,26,1,2026-01-09,9882,595,2406.5,67,13941.9
1,26,1,2026-01-10,34062,1315,4917.74,48,16207.44
1,26,1,2026-01-22,15989,407,918.36,33,7503.11
1,26,1,2026-01-24,3834,242,449.49,4,252.67
1,26,1,2026-01-27,44686,2845,1860.3,357,114621.4
1,26,1,2026-02-01,2066,27,49.25,2,316.74
1,26,1,2026-02-06,44038,939,734.34,35,10753.27
1,26,1,2026-02-07,8787,599,1188.27,55,5424.46
1,26,1,2026-02-10,31494,1798,1509.18,163,22195.8
1,26,1,2026-02-17,13875,549,499.24,25,4499.17
1,26,1,2026-03-03,21830,1269,2389.95,79,24005.48
1,26,1,2026-03-07,18242,449,1008.55,42,11757.12
1,26,1,2026-03-12,9948,238,466.09,34,2717.47
1,26,1,2026-03-14,4533,353,1571.61,9,1516.32
1,26,1,2026-03-16,6870,227,138.13,18,4085.35
1,26,1,2026-03-17,48276,1820,8200.25,150,25750.46
1,26,1,2026-03-19,27065,1844,2849.22,35,6408.24
1,26,1,2026-03-21,47401,1496,4607.44,100,14879.49
1,26,1,2026-03-26,25564,1389,4799.22,105,10984.34
1,26,1,2026-03-27,25944,1624,7830.83,114,20279.1
1,26,1,2026-04-18,36159,1893,8139.62,38,6532.38
1,26,1,2026-04-21,8553,109,353.49,10,3646.29
1,26,1,2026-04-22,46412,1792,2472.53,259,26955.59
1,26,1,2026-04-26,45031,2611,6799.23,46,17088.01
1,26,1,2026-05-02,43623,2832,1565.77,301,48663.51
1,26,1,2026-05-03,11097,710,1170.0,26,4739.7
1,26,1,2026-05-10,19440,375,402.26,20,6231.28
1,26,1,2026-05-11,35215,1966,1668.61,35,7693.54
1,26,1,2026-05-19,4273,341,1401.3,23,6596.72
1,26,1,2026-05-23,37976,1822,1431.22,195,13968.05
1,26,1,2026-05-28,20017,889,3314.77,73,3845.18
1,26,1,2026-05-29,41793,1587,6397.98,160,40564.89
1,26,1,2026-05-31,22735,1418,1755.24,182,17502.28
1,26,1,2026-06-01,46648,2396,10836.86,62,12966.86
1,26,1,2026-06-04,32309,1363,2308.66,99,31599.21
1,26,1,2026-06-09,28277,1465,3011.63,90,26096.62
1,26,1,2026-06-13,48154,2626,10162.53,117,24877.25
1,26,1,2026-06-16,38959,2887,6529.64,360,42859.56
1,26,1,2026-06-17,3884,208,662.72,6,1632.59
1,26,1,2026-06-19,1382,25,117.03,1,236.27
1,26,1,2026-06-20,48883,919,657.9,133,40635.9
1,26,1,2026-06-22,6805,283,428.38,9,1709.98
1,26,1,2026-06-24,43143,1421,4069.72,184,48214.84
1,26,1,2026-06-26,29544,982,3046.09,23,8678.29
1,26,1,2026-07-01,12308,156,119.5,3,965.61
1,26,1,2026-07-02,14919,694,1967.76,44,9417.83
1,26,1,2026-07-12,7374,113,482.16,16,1293.46
1,26,1,2026-07-15,20625,826,752.59,119,23955.33
1,26,1,2026-07-18,14211,286,1229.85,28,9917.81
1,26,1,2026-07-27,46908,1288,5793.32,116,30419.01
1,26,1,2026-07-28,4321,100,313.15,3,994.66
1,26,1,2026-08-06,47014,1021,1401.97,66,25517.27
1,26,1,2026-08-14,22471,870,1553.59,49,8430.59
1,26,1,2026-08-15,41610,3217,7186.08,438,147704.5
1,26,1,2026-08-18,49474,865,2624.89,48,9621.51
2,26,2,2025-08-23,30431,2117,2892.51,151,8844.09
2,26,2,2025-08-24,21693,1355,3475.11,44,6079.65
2,26,2,2025-08-26,10919,796,930.16,58,12576.49
2,26,2,2025-08-27,2360,115,236.53,7,2303.93
2,26,2,2025-08-28,20699,1329,5954.04,24,6537.39
2,26,2,2025-09-02,30733,2188,1104.75,184,23023.3
2,26,2,2025-09-03,17544,509,2236.95,25,4460.25
2,26,2,2025-09-16,12432,898,3288.11,16,4554.29
2,26,2,2025-09-17,21011,1075,5125.68,116,17019.93
2,26,2,2025-09-19,19567,804,2693.11,79,25844.7
2,26,2,2025-09-26,9749,355,1640.14,46,9162.58
2,26,2,2025-09-27,17858,411,2015.11,45,6195.17
2,26,2,2025-10-03,27603,338,1065.91,19,2254.68
2,26,2,2025-10-15,26205,1836,4771.1,154,48337.18
2,26,2,2025-10-24,20186,209,233.73,14,1418.03
2,26,2,2025-10-27,32895,2214,9107.75,315,125729.64
2,26,2,2025-11-15,49646,1139,1554.09,27,5432.82
2,26,2,2025-11-16,27032,570,1649.21,28,2343.19
2,26,2,2025-11-19,37074,1074,2821.07,107,39187.71
2,26,2,2025-11-21,34313,1398,1624.32,33,5091.21
2,26,2,2025-11-24,11354,697,2077.37,96,24527.47
2,26,2,2025-11-27,43217,2538,12011.66,114,33427.36
2,26,2,2025-11-30,3484,202,437.97,26,8971.43
2,26,2,2025-12-01,23012,940,3531.46,116,26307.56
2,26,2,2025-12-04,41272,1457,6363.59,206,26166.88
2,26,2,2025-12-09,49343,1119,3780.98,23,6262.87
2,26,2,2025-12-12,48964,1236,5583.23,127,44772.83
2,26,2,2025-12-14,5620,372,1635.9,34,6055.41
2,26,2,2025-12-17,6531,502,1696.38,28,8782.73
2,26,2,2025-12-20,13888,1063,1656.31,126,19239.98
2,26,2,2025-12-23,25547,1081,4699.58,81,22784.18
2,26,2,2025-12-24,10734,797,2419.54,47,5053.7
2,26,2,2026-01-06,48114,1950,2528.64,226,83689.98
2,26,2,2026-01-10,18870,596,2177.28,77,9310.49
2,26,2,2026-01-14,39948,1884,2096.15,193,63166.86
2,26,2,2026-01-18,16508,213,589.63,3,562.11
2,26,2,2026-01-20,3948,123,86.36,10,3421.99
2,26,2,2026-01-25,4343,279,812.5,7,1946.82
2,26,2,2026-01-26,42880,1905,5392.38,253,91887.82
2,26,2,2026-02-07,37922,1745,8012.5,79,21000.93
2,26,2,2026-02-20,44042,1975,2633.04,148,50722.58
2,26,2,2026-02-22,6108,178,565.49,10,3454.14
2,26,2,2026-02-24,1010,80,331.38,2,317.62
2,26,2,2026-02-27,19936,1581,3791.66,37,3411.37
2,26,2,2026-03-10,26319,470,511.69,60,20689.59
2,26,2,2026-03-16,9498,746,1616.48,107,35198.45
2,26,2,2026-03-21,42077,1255,1243.21,132,13206.49
2,26,2,2026-03-25,11149,475,2281.46,63,20076.95
2,26,2,2026-04-03,15863,585,338.34,37,12323.97
2,26,2,2026-04-05,45883,675,3280.3,98,25852.87
2,26,2,2026-04-09,48526,1088,3145.27,17,3820.14
2,26,2,2026-04-10,26976,2114,1409.42,180,37346.14
2,26,2,2026-04-11,28391,855,1353.98,23,7239.94
2,26,2,2026-04-14,46380,2547,12321.11,234,36593.66
2,26,2,2026-04-16,17185,490,687.28,64,7213.86
2,26,2,2026-04-25,13228,409,217.74,33,3390.94
2,26,2,2026-04-26,23585,574,2436.93,19,6693.63
2,26,2,2026-04-30,28870,956,4011.69,71,9101.34
2,26,2,2026-05-02,13893,850,2224.05,92,18002.27
2,26,2,2026-05-17,15793,673,2029.37,90,22740.86
2,26,2,2026-05-18,30810,896,2365.04,60,10425.98
2,26,2,2026-05-19,34530,2569,1746.97,293,18255.71
2,26,2,2026-05-27,3545,70,242.19,8,2002.77
2,26,2,2026-05-30,9048,409,700.52,41,6868.63
2,26,2,2026-06-09,45649,796,2143.7,78,6730.47
2,26,2,2026-06-13,34517,469,971.15,10,3487.62
2,26,2,2026-06-18,17025,613,3013.39,15,3702.46
2,26,2,2026-06-19,25970,903,1054.44,28,1828.77
2,26,2,2026-06-21,14008,148,718.96,13,3925.54
2,26,2,2026-06-23,30644,1601,2541.88,110,19240.66
2,26,2,2026-06-26,6481,281,703.82,23,6904.23
2,26,2,2026-06-30,29894,540,579.2,10,2927.55
2,26,2,2026-07-08,41729,2943,8542.13,37,4806.8
2,26,2,2026-07-10,20361,220,785.71,28,5998.33
2,26,2,2026-07-20,30146,2324,1561.5,324,36742.71
2,26,2,2026-07-22,34388,2481,10431.35,155,7993.76
2,26,2,2026-08-03,39754,1444,2697.8,65,4379.96
2,26,2,2026-08-05,26334,1018,2631.61,20,2922.66
2,26,2,2026-08-14,32403,1108,3063.24,105,23187.5
2,26,2,2026-08-16,49503,1629,6143.53,226,61709.29
2,26,2,2026-08-18,37479,1825,8342.37,219,80325.08
3,26,3,2025-08-22,45233,2084,7333.99,40,2757.62
3,26,3,2025-08-28,32803,1165,4228.08,163,37685.53
3,26,3,2025-08-29,40163,2961,2859.03,145,34531.41
3,26,3,2025-09-04,33350,2557,6471.66,117,27196.05
3,26,3,2025-09-09,45422,1728,3483.57,171,40609.56
3,26,3,2025-09-14,11497,749,2118.2,52,7698.84
3,26,3,2025-09-16,18577,536,1624.38,26,4836.38
3,26,3,2025-09-20,33812,2357,10066.61,27,6380.03
3,26,3,2025-09-21,41716,1492,3106.08,148,57206.57
3,26,3,2025-10-04,11924,292,800.9,39,10377.97
3,26,3,2025-10-06,43695,2900,13799.03,307,94013.2
3,26,3,2025-10-10,9170,496,1307.98,29,7819.5
3,26,3,2025-10-11,49486,887,1300.84,30,5238.13
3,26,3,2025-10-15,20998,977,4375.73,135,26086.51
3,26,3,2025-10-17,23942,1825,5518.95,188,16827.76
3,26,3,2025-10-18,48164,3640,2573.03,490,89995.42
3,26,3,2025-10-21,24818,1168,5033.26,167,9553.29
3,26,3,2025-10-26,46179,2202,10316.31,245,34935.95
3,26,3,2025-11-01,38892,2632,9947.98,110,42330.45
3,26,3,2025-11-02,5292,149,106.77,9,2412.81
3,26,3,2025-11-20,26093,1995,3592.3,297,38688.8
3,26,3,2025-11-21,18081,1190,3244.04,90,22754.48
3,26,3,2025-11-22,23016,247,652.08,14,4006.86
3,26,3,2025-11-25,1303,46,123.62,4,612.87
3,26,3,2025-11-28,29225,2226,10584.51,118,39352.5
3,26,3,2025-12-07,35796,2451,10098.82,237,35111.46
3,26,3,2025-12-09,47941,2851,13895.65,95,18397.19
3,26,3,2025-12-10,26131,1605,1264.8,105,8416.86
3,26,3,2025-12-16,25587,1461,6007.7,24,6227.45
3,26,3,2025-12-22,16096,374,1350.23,50,19380.35
3,26,3,2025-12-24,25560,1415,3700.99,205,35533.46
3,26,3,2026-01-01,48679,803,2881.22,66,8069.5
3,26,3,2026-01-02,29409,782,3133.07,74,9029.46
3,26,3,2026-01-05,24647,1552,1969.84,137,47577.59
3,26,3,2026-01-06,46483,1264,2308.41,44,11814.69
3,26,3,2026-01-08,15725,306,1124.92,42,10572.65
3,26,3,2026-01-09,21042,470,2215.86,56,19593.56
3,26,3,2026-01-10,47518,1938,5102.01,172,51078.02
3,26,3,2026-01-11,38676,468,409.31,66,5232.47
3,26,3,2026-01-25,37610,2160,3147.57,90,14115.77
3,26,3,2026-01-31,11071,614,2400.89,27,8086.78
3,26,3,2026-02-05,39022,3081,5633.72,308,107620.57
3,26,3,2026-02-10,18425,687,3243.38,70,17605.78
3,26,3,2026-02-12,30333,863,2612.76,59,16406.9
3,26,3,2026-02-16,47737,3010,9422.03,71,17773.48
3,26,3,2026-02-24,8647,332,704.48,27,1668.95
3,26,3,2026-02-26,17161,669,2794.86,42,10966.47
3,26,3,2026-02-27,28856,775,3610.66,101,13929.15
3,26,3,2026-03-11,33488,1371,5354.88,67,8451.11
3,26,3,2026-03-20,32586,2570,7831.52,204,45931.09
3,26,3,2026-03-24,1348,16,68.19,2,213.73
3,26,3,2026-03-27,33785,1337,5240.82,170,14139.12
3,26,3,2026-03-31,34089,1214,1670.22,126,19809.91
3,26,3,2026-04-02,3619,115,58.25,4,325.3
3,26,3,2026-04-03,45763,822,2686.78,34,9809.55
3,26,3,2026-04-05,10834,451,486.49,60,11996.3
3,26,3,2026-04-06,35712,663,2031.68,26,2615.65
3,26,3,2026-04-08,28244,2184,3786.73,198,31317.52
3,26,3,2026-04-10,46891,2685,1979.12,372,118512.32
3,26,3,2026-04-11,17549,422,563.13,60,15382.95
3,26,3,2026-04-15,40648,465,318.42,48,13854.16
3,26,3,2026-04-23,34532,1989,6696.28,159,36858.65
3,26,3,2026-04-28,44547,1256,5825.93,146,35551.49
3,26,3,2026-04-30,6559,217,603.16,12,3318.27
3,26,3,2026-05-04,15171,1000,4950.41,34,11789.27
3,26,3,2026-05-13,32222,566,958.09,10,2609.21
3,26,3,2026-05-15,10390,328,1281.94,28,3639.37
3,26,3,2026-05-16,24808,795,722.26,53,19560.05
3,26,3,2026-05-22,15228,450,333.61,12,3158.05
3,26,3,2026-06-03,18087,719,2295.54,35,11039.91
3,26,3,2026-06-04,4957,338,999.94,25,4612.45
3,26,3,2026-06-05,6731,80,239.19,8,2473.95
3,26,3,2026-06-07,28339,1164,2802.25,100,39372.87
3,26,3,2026-06-10,6511,204,921.14,14,2130.91
3,26,3,2026-06-11,12614,923,4365.19,30,10455.59
3,26,3,2026-06-15,5562,265,425.66,16,950.42
3,26,3,2026-07-02,23547,615,441.51,66,25886.32
3,26,3,2026-07-05,3278,34,40.23,0,0.0
3,26,3,2026-07-08,24356,1093,5291.79,87,12751.12
3,26,3,2026-07-09,24410,1950,5527.17,282,15714.9
3,26,3,2026-07-14,41498,3093,4788.47,460,132413.75
3,26,3,2026-07-19,14690,358,849.49,19,6186.1
3,26,3,2026-07-20,44779,454,711.76,7,620.96
3,26,3,2026-07-22,6586,173,596.68,13,2735.78
3,26,3,2026-07-27,16426,873,3784.5,23,8374.56
3,26,3,2026-07-28,8537,515,753.63,13,4061.07
3,26,3,2026-07-29,46528,1055,4777.13,92,34737.07
3,26,3,2026-07-30,19297,1385,4894.2,85,9916.39
3,26,3,2026-08-06,34841,1293,2673.59,49,17840.8
3,26,3,2026-08-07,9298,666,437.64,83,16077.91
3,26,3,2026-08-12,14272,1003,961.43,52,11611.37
3,26,3,2026-08-14,47534,3355,9192.42,205,57779.91
4,67,1,2025-08-18,36892,1653,4744.03,177,40399.54
4,67,1,2025-08-21,2350,137,487.15,10,3110.61
4,67,1,2025-08-22,19150,1332,3028.32,145,14748.24
4,67,1,2025-08-28,3709,117,461.58,16,6266.08
4,67,1,2025-08-30,21762,1247,5835.72,37,6984.26
4,67,1,2025-08-31,25997,1894,2684.9,120,29535.37
4,67,1,2025-09-10,16211,713,2096.01,83,15574.6
4,67,1,2025-09-17,43172,633,1439.81,80,15835.2
4,67,1,2025-09-23,31190,2116,7995.88,77,24585.48
4,67,1,2025-09-30,46507,2843,6498.79,255,38935.1
4,67,1,2025-10-01,9192,726,1295.14,61,18918.12
4,67,1,2025-10-02,14536,1051,3135.06,25,3773.56
4,67,1,2025-10-08,19356,1308,5236.68,104,12941.82
4,67,1,2025-10-10,27157,1616,6896.33,234,18728.21
4,67,1,2025-10-11,38976,3113,9224.71,214,78825.71
4,67,1,2025-10-12,31343,2153,8434.79,43,14737.07
4,67,1,2025-10-15,33179,1204,1318.48,114,34734.16
4,67,1,2025-10-17,35961,2452,8555.0,320,125325.21
4,67,1,2025-10-22,23546,1003,1108.34,69,18015.86
4,67,1,2025-10-30,10486,717,3209.45,48,8213.24
4,67,1,2025-10-31,46793,1815,8403.31,21,5190.28
4,67,1,2025-11-05,8948,714,2019.96,100,32518.74
4,67,1,2025-11-09,17656,1362,5259.78,70,9506.9
4,67,1,2025-11-11,20365,523,519.88,61,23507.29
4,67,1,2025-11-19,36934,1381,5107.11,125,37451.63
4,67,1,2025-11-20,29769,1086,3930.5,44,8874.37
4,67,1,2025-11-22,27519,1261,1523.23,123,31644.22
4,67,1,2025-11-23,13769,435,765.18,25,3161.51
4,67,1,2025-11-27,22762,1067,965.01,79,26679.2
4,67,1,2025-11-28,6773,252,473.3,7,964.56
4,67,1,2025-12-04,27286,317,774.38,28,3183.56
4,67,1,2025-12-06,6639,274,521.19,39,3850.93
4,67,1,2025-12-07,25761,1427,6813.25,185,60658.31
4,67,1,2025-12-09,18311,253,488.99,22,4198.6
4,67,1,2025-12-18,15815,189,853.17,21,1834.14
4,67,1,2025-12-19,3285,203,221.88,16,3911.22
4,67,1,2025-12-20,26553,2043,5444.15,214,48882.77
4,67,1,2025-12-23,19117,1013,2319.84,106,16980.45
4,67,1,2025-12-28,10726,727,3395.08,49,15149.86
4,67,1,2025-12-29,19747,1202,5703.55,39,10738.88
4,67,1,2026-01-02,7907,172,143.29,7,491.37
4,67,1,2026-01-08,19824,284,356.47,19,4373.98
4,67,1,2026-01-09,13525,540,849.73,62,22038.25
4,67,1,2026-01-11,43941,1270,1173.36,118,22221.16
4,67,1,2026-01-13,35006,1866,3156.39,140,50820.75
4,67,1,2026-01-15,42379,2038,4298.22,217,46657.11
4,67,1,2026-01-22,26973,2128,6616.35,274,106105.35
4,67,1,2026-01-26,31950,1735,5552.13,197,13765.03
4,67,1,2026-01-30,2337,101,342.72,12,4360.32
4,67,1,2026-02-01,42532,866,2219.55,117,32519.29
4,67,1,2026-02-02,43774,3303,13979.62,369,37838.05
4,67,1,2026-02-05,35398,2077,8398.17,150,24469.76
4,67,1,2026-02-06,5921,90,344.37,3,995.38
4,67,1,2026-02-10,49295,2979,5469.83,70,25419.31
4,67,1,2026-02-13,9429,470,1831.46,11,3930.83
4,67,1,2026-02-15,40803,2937,2460.56,379,56115.09
4,67,1,2026-02-17,11738,222,1039.87,12,1418.1
4,67,1,2026-02-19,2136,122,592.95,12,1542.36
4,67,1,2026-02-22,25193,942,2040.32,98,17821.31
4,67,1,2026-03-02,16866,280,571.21,7,1515.47
4,67,1,2026-03-07,22155,889,2005.15,91,28713.81
4,67,1,2026-03-08,38825,1291,4006.86,56,18428.56
4,67,1,2026-03-16,34386,2088,5664.26,26,3362.68
4,67,1,2026-03-24,10291,536,2642.57,27,9364.31
4,67,1,2026-03-30,5776,343,570.25,40,13628.98
4,67,1,2026-04-01,22718,576,883.88,47,9082.54
4,67,1,2026-04-03,31200,554,874.48,18,1902.96
4,67,1,2026-04-04,15185,586,2751.04,79,9704.9
4,67,1,2026-04-06,41503,2206,7831.17,215,71050.56
4,67,1,2026-04-11,8296,152,98.84,9,1513.53
4,67,1,2026-04-19,22816,403,1360.61,11,2629.62
4,67,1,2026-04-21,35155,1397,5441.8,178,69906.35
4,67,1,2026-04-22,32748,2014,4467.3,44,14100.96
4,67,1,2026-04-23,8986,359,465.69,52,4558.11
4,67,1,2026-04-29,20463,1052,3202.06,105,39805.59
4,67,1,2026-05-02,38985,1867,8393.91,184,55736.78
4,67,1,2026-05-06,45543,2914,12749.67,391,90501.49
4,67,1,2026-05-10,27870,779,1270.19,74,24808.48
4,67,1,2026-05-14,30069,1160,1092.22,55,3297.49
4,67,1,2026-05-22,3227,173,404.32,6,1680.65
4,67,1,2026-05-23,45480,834,3967.5,59,6972.95
4,67,1,2026-05-25,12254,152,732.14,8,2397.69
4,67,1,2026-05-28,15036,1177,2440.08,54,6904.17
4,67,1,2026-05-29,30319,1004,1813.84,48,8259.53
4,67,1,2026-06-02,14550,801,3725.29,63,19326.15
4,67,1,2026-06-05,30799,926,3634.19,71,7590.01
4,67,1,2026-06-06,13744,1047,4506.21,74,16183.68
4,67,1,2026-06-11,23949,1818,4085.46,203,39334.74
4,67,1,2026-06-14,4747,244,834.72,35,10339.66
4,67,1,2026-06-22,12020,358,223.01,36,9396.38
4,67,1,2026-06-23,43232,2201,10131.69,301,31008.95
4,67,1,2026-06-25,14105,173,827.41,13,2936.48
4,67,1,2026-07-06,36564,2493,2739.66,301,60664.31
4,67,1,2026-07-07,12764,733,1593.58,96,29471.58
4,67,1,2026-07-08,1746,123,207.54,8,2762.56
4,67,1,2026-07-15,45006,3277,15337.09,67,16240.41
4,67,1,2026-08-05,6263,465,985.26,65,13702.02
4,67,1,2026-08-09,24925,1045,903.77,112,8546.58
4,67,1,2026-08-10,47427,2351,2009.46,188,56370.82
4,67,1,2026-08-11,46054,3191,13112.14,72,21171.31
4,67,1,2026-08-16,19103,203,367.56,6,1623.64
5,67,2,2025-08-20,19832,1196,869.95,142,32043.37
5,67,2,2025-08-25,31992,936,3545.24,97,20926.14
5,67,2,2025-08-26,8810,545,2430.14,37,7206.29
5,67,2,2025-09-05,1792,80,86.21,0,0.0
5,67,2,2025-09-09,32764,429,1724.26,27,2254.98
5,67,2,2025-09-20,12169,165,209.33,4,309.1
5,67,2,2025-09-21,20397,1269,4915.9,47,2361.1
5,67,2,2025-10-08,25189,1869,8895.84,62,8781.43
5,67,2,2025-10-26,16641,1031,2830.8,122,25352.73
5,67,2,2025-10-29,17606,1364,4092.72,113,39197.76
5,67,2,2025-10-31,15847,1024,3737.51,149,8749.38
5,67,2,2025-11-06,43430,2149,7425.96,121,34318.59
5,67,2,2025-11-09,12929,574,477.76,58,6597.52
5,67,2,2025-11-16,25771,507,1071.23,38,13809.17
5,67,2,2025-11-17,24255,492,804.53,36,3177.77
5,67,2,2025-11-19,7822,541,1208.18,52,2600.37
5,67,2,2025-11-27,9835,124,511.87,1,279.89
5,67,2,2025-11-28,21674,850,2557.46,23,5882.68
5,67,2,2025-11-30,18191,265,283.7,7,2785.55
5,67,2,2025-12-01,13093,645,1810.94,90,28759.07
5,67,2,2025-12-07,36935,2086,9697.76,288,104250.4
5,67,2,2025-12-09,30203,930,774.42,71,10966.81
5,67,2,2025-12-12,12678,718,1861.75,36,3367.48
5,67,2,2025-12-18,45132,2655,2242.45,244,82315.17
5,67,2,2025-12-20,49652,3091,3599.47,387,32102.42
5,67,2,2025-12-23,22827,436,678.95,42,2360.09
5,67,2,2025-12-26,16283,677,1854.82,35,13961.71
5,67,2,2026-01-02,34635,2158,2729.48,96,19279.3
5,67,2,2026-01-16,43125,1643,4953.22,56,20840.49
5,67,2,2026-01-19,25810,867,2449.35,106,20055.65
5,67,2,2026-01-25,3439,176,272.61,20,4132.78
5,67,2,2026-01-28,9369,195,644.28,4,262.86
5,67,2,2026-01-29,46048,2707,8202.37,106,13944.48
5,67,2,2026-02-03,21840,451,1859.21,38,12877.13
5,67,2,2026-02-04,44731,3370,15044.15,127,22002.97
5,67,2,2026-02-06,42250,2492,8579.65,271,80580.46
5,67,2,2026-02-10,44854,3400,9564.0,495,122441.46
5,67,2,2026-02-14,27007,1519,968.15,197,60353.39
5,67,2,2026-02-20,42284,3119,5850.79,253,24364.77
5,67,2,2026-02-25,39403,2485,8292.23,245,77714.38
5,67,2,2026-03-13,35280,1314,4616.65,32,7075.71
5,67,2,2026-03-15,32742,682,1100.32,100,32897.23
5,67,2,2026-03-22,24712,1288,947.17,84,6382.28
5,67,2,2026-03-24,5652,371,744.8,39,5906.56
5,67,2,2026-03-25,29242,1048,3107.19,54,9383.56
5,67,2,2026-04-03,19224,1019,1114.53,46,2674.33
5,67,2,2026-04-05,4314,127,353.37,2,268.53
5,67,2,2026-04-07,1392,88,328.49,10,1477.11
5,67,2,2026-04-08,32530,599,1691.89,43,6832.83
5,67,2,2026-04-11,10448,781,3840.57,69,24904.91
5,67,2,2026-04-12,3119,173,674.17,15,5676.0
5,67,2,2026-04-23,11748,446,1209.56,17,6245.52
5,67,2,2026-04-26,45119,2934,9149.54,371,52786.72
5,67,2,2026-04-27,21357,729,2451.34,32,4220.0
5,67,2,2026-05-04,27794,1546,6921.08,135,36372.34
5,67,2,2026-05-05,38456,681,2795.12,39,3026.25
5,67,2,2026-05-09,9532,539,1010.46,25,8370.21
5,67,2,2026-05-17,42447,824,2640.25,65,11773.51
5,67,2,2026-05-18,17652,742,2483.16,52,4897.0
5,67,2,2026-05-21,15434,641,2912.12,33,6124.04
5,67,2,2026-05-23,43711,1110,3571.34,74,8291.15
5,67,2,2026-05-25,4542,64,235.07,5,269.79
5,67,2,2026-05-28,16097,338,1346.99,13,2526.77
5,67,2,2026-05-31,30309,1320,6536.21,145,57622.87
5,67,2,2026-06-02,20529,267,149.67,14,1062.34
5,67,2,2026-06-05,10771,561,490.89,78,16058.66
5,67,2,2026-06-08,36151,982,491.55,133,10453.82
5,67,2,2026-06-10,21722,829,2060.63,65,18309.0
5,67,2,2026-06-15,45724,3361,4409.82,52,13294.79
5,67,2,2026-06-18,20391,848,902.0,37,3580.33
5,67,2,2026-06-19,18581,1062,4945.64,106,36610.58
5,67,2,2026-07-02,23365,368,1173.76,48,3740.13
5,67,2,2026-07-12,27428,892,4184.83,71,21699.29
5,67,2,2026-07-14,37091,2733,12414.47,341,99995.74
5,67,2,2026-07-15,25335,1422,3168.12,108,13391.02
5,67,2,2026-07-17,43067,1420,6867.44,209,65567.89
5,67,2,2026-07-19,44899,774,1834.02,33,12666.92
5,67,2,2026-07-25,49543,640,1717.49,77,18948.86
5,67,2,2026-07-26,44252,1389,4477.41,170,64237.71
5,67,2,2026-07-27,40161,1900,3345.88,163,48529.53
5,67,2,2026-07-29,16479,801,3098.95,89,22609.35
5,67,2,2026-08-03,7078,431,1238.98,61,16268.01
5,67,2,2026-08-07,14573,923,4190.03,104,17560.91
5,67,2,2026-08-08,40102,1461,6198.11,148,33793.63
5,67,2,2026-08-09,28641,1575,3753.9,21,8075.4
5,67,2,2026-08-10,43387,1741,7708.24,221,83865.84
5,67,2,2026-08-13,12180,896,3469.68,117,22901.26
5,67,2,2026-08-16,5114,379,1142.39,17,1035.53
6,67,3,2025-08-18,25007,731,2600.97,79,27408.68
6,67,3,2025-08-21,16995,360,1056.95,19,4457.78
6,67,3,2025-08-23,11031,357,1528.43,22,1429.84
6,67,3,2025-08-28,31905,2210,8805.33,221,78379.96
6,67,3,2025-09-06,39439,2951,14021.46,283,82704.35
6,67,3,2025-09-07,17712,1155,3198.18,94,16613.49
6,67,3,2025-09-10,43425,2776,10092.66,346,38491.09
6,67,3,2025-09-13,26377,2069,2949.16,187,9699.92
6,67,3,2025-09-16,41373,1256,5228.21,50,2701.78
6,67,3,2025-09-18,34211,1649,5133.95,201,47254.13
6,67,3,2025-09-22,6500,121,413.2,10,1834.46
6,67,3,2025-09-24,13099,441,303.12,31,8077.08
6,67,3,2025-09-29,34166,1244,2596.11,71,26488.9
6,67,3,2025-09-30,34439,1707,5201.35,69,17637.53
6,67,3,2025-10-11,2028,155,328.45,20,2041.43
6,67,3,2025-10-20,26440,1969,5879.39,179,28966.99
6,67,3,2025-10-23,27712,315,1172.66,7,2137.64
6,67,3,2025-10-27,24030,892,1931.2,9,935.8
6,67,3,2025-11-04,10127,760,3405.82,61,16919.86
6,67,3,2025-11-06,7719,503,693.92,70,11238.07
6,67,3,2025-11-13,48082,2622,9960.22,222,16844.23
6,67,3,2025-11-17,49903,1582,4215.74,180,39387.74
6,67,3,2025-11-19,36870,1082,3315.83,119,40841.01
6,67,3,2025-11-23,6458,384,833.2,30,8288.39
6,67,3,2025-11-26,37144,1199,2854.75,131,6974.88
6,67,3,2025-11-28,28005,2160,4740.17,180,55230.78
6,67,3,2025-11-29,44215,3363,7394.4,343,44031.21
6,67,3,2025-11-30,31288,959,984.82,44,8165.11
6,67,3,2025-12-01,9679,142,111.38,6,1348.51
6,67,3,2025-12-14,31235,908,1305.16,34,9824.87
6,67,3,2025-12-19,12242,360,1209.87,22,3690.7
6,67,3,2025-12-23,48624,633,2328.02,32,4345.06
6,67,3,2025-12-30,1509,82,50.95,8,1652.03
6,67,3,2026-01-02,14276,425,1797.6,57,19303.89
6,67,3,2026-01-03,1229,67,224.95,2,344.29
6,67,3,2026-01-05,6189,228,816.23,8,3166.4
6,67,3,2026-01-13,21802,757,1042.17,36,12143.93
6,67,3,2026-01-14,25480,1768,8232.87,190,11494.97
6,67,3,2026-01-19,13793,566,2509.19,64,11254.18
6,67,3,2026-01-22,44886,3005,14067.47,113,6090.49
6,67,3,2026-01-24,11781,181,456.26,12,1361.91
6,67,3,2026-02-04,32000,629,2938.58,58,20346.05
6,67,3,2026-02-11,15722,219,661.63,25,5596.67
6,67,3,2026-02-14,45787,546,1779.87,50,16462.26
6,67,3,2026-02-18,4332,97,151.78,6,960.59
6,67,3,2026-02-20,9727,279,331.79,34,4644.36
6,67,3,2026-02-22,38714,2366,4248.17,42,12036.78
6,67,3,2026-02-26,3258,175,723.49,20,3085.05
6,67,3,2026-02-27,26728,1707,4911.64,160,43180.57
6,67,3,2026-02-28,11333,528,537.78,76,17289.59
6,67,3,2026-03-02,39597,1234,1105.26,179,25550.88
6,67,3,2026-03-04,30113,1801,6096.8,138,39498.06
6,67,3,2026-03-11,31541,2126,8748.29,204,41533.19
6,67,3,2026-03-12,45124,1779,4778.7,249,21924.02
6,67,3,2026-03-20,41692,3179,11492.65,213,65789.49
6,67,3,2026-03-22,2610,78,71.51,6,1787.53
6,67,3,2026-03-24,23922,710,2846.28,44,14804.52
6,67,3,2026-03-29,16106,1170,1388.41,43,3752.28
6,67,3,2026-04-11,4212,213,867.23,24,7416.48
6,67,3,2026-04-13,25648,936,4386.41,46,9879.73
6,67,3,2026-04-14,47157,1207,3879.4,146,48492.06
6,67,3,2026-04-15,20317,1278,2107.48,44,11457.28
6,67,3,2026-04-18,17588,1075,1851.69,85,5076.84
6,67,3,2026-04-22,37965,1173,3650.19,56,11133.29
6,67,3,2026-04-23,24063,957,547.91,13,2793.66
6,67,3,2026-04-24,21675,954,2785.4,74,14604.63
6,67,3,2026-04-26,12498,931,1362.13,117,42931.06
6,67,3,2026-05-04,39921,2125,3301.42,245,31517.3
6,67,3,2026-05-13,24154,427,1646.71,19,5300.07
6,67,3,2026-05-20,33281,2065,2283.78,278,53734.58
6,67,3,2026-05-22,27092,1688,7806.02,96,19733.23
6,67,3,2026-05-28,33683,1169,5385.96,175,56157.76
6,67,3,2026-05-30,38850,1105,4880.2,148,26423.15
6,67,3,2026-05-31,45614,530,1963.44,35,10493.93
6,67,3,2026-06-02,17855,414,518.1,46,6156.78
6,67,3,2026-06-04,14366,636,333.48,26,3062.94
6,67,3,2026-06-07,12635,608,923.05,75,4876.02
6,67,3,2026-06-08,1157,38,50.31,4,1467.89
6,67,3,2026-06-23,1919,139,595.18,14,1030.33
6,67,3,2026-06-24,8945,655,1642.61,69,6804.78
6,67,3,2026-06-25,34368,1725,1017.65,256,56900.44
6,67,3,2026-06-28,4442,180,418.91,7,424.54
6,67,3,2026-07-15,27831,386,820.84,13,3971.2
6,67,3,2026-07-17,16784,647,854.35,62,8227.44
6,67,3,2026-07-18,15072,550,1791.35,43,11987.21
6,67,3,2026-07-19,4498,85,392.61,7,417.66
6,67,3,2026-07-26,8214,504,2346.46,41,11771.1
6,67,3,2026-07-28,42262,1240,5273.06,38,10102.48
6,67,3,2026-07-31,45528,501,920.21,55,21212.47
6,67,3,2026-08-02,33219,875,1176.49,10,1941.87
6,67,3,2026-08-05,30093,1665,5886.17,220,87465.47
6,67,3,2026-08-06,36608,1228,5099.22,141,51095.79
6,67,3,2026-08-08,18280,652,3101.76,51,12482.45
6,67,3,2026-08-12,36903,396,473.91,58,9391.97
6,67,3,2026-08-13,16413,520,348.09,42,5241.99
6,67,3,2026-08-15,9067,498,848.5,64,10575.12
6,67,3,2026-08-18,36331,1967,2389.85,98,12091.98
7,29,1,2025-08-22,13361,242,962.87,14,4939.78
7,29,1,2025-08-23,45016,1507,7488.59,223,25964.2
7,29,1,2025-08-26,41007,3159,7501.66,94,24167.41
7,29,1,2025-08-31,31230,1026,837.65,138,16499.74
7,29,1,2025-09-08,37105,877,2963.63,20,5340.96
7,29,1,2025-09-10,43984,772,522.36,97,21470.04
7,29,1,2025-09-13,10882,186,781.74,10,2588.8
7,29,1,2025-09-18,49001,2648,9761.97,263,74888.43
7,29,1,2025-09-23,12180,369,854.45,45,12282.55
7,29,1,2025-09-25,1121,18,9.35,1,265.07
7,29,1,2025-10-01,45906,3633,12014.8,517,44637.51
7,29,1,2025-10-03,12883,922,2540.94,33,3118.22
7,29,1,2025-10-09,22933,654,483.11,47,14514.29
7,29,1,2025-10-12,10132,333,1580.34,33,7802.91
7,29,1,2025-10-13,4226,270,427.73,39,8917.83
7,29,1,2025-10-16,10875,835,1283.89,9,2336.48
7,29,1,2025-10-19,32811,988,1714.71,40,6655.4
7,29,1,2025-10-31,17501,213,201.3,12,910.66
7,29,1,2025-11-09,16314,663,2012.2,33,5144.13
7,29,1,2025-11-13,10079,671,2853.64,17,6643.89
7,29,1,2025-11-18,43330,1325,5915.31,168,37424.91
7,29,1,2025-11-21,9696,127,85.61,9,1254.24
7,29,1,2025-11-30,45752,3057,13103.88,317,87028.46
7,29,1,2025-12-08,8755,353,1119.17,36,4989.43
7,29,1,2025-12-12,43983,1688,1501.97,17,6195.62
7,29,1,2025-12-13,34606,919,1343.6,54,5997.23
7,29,1,2025-12-14,15400,906,3554.95,67,7475.39
7,29,1,2025-12-18,48369,925,595.12,44,16074.4
7,29,1,2025-12-19,32514,1045,4292.24,72,19011.49
7,29,1,2025-12-22,26772,1002,3842.14,41,10513.21
7,29,1,2025-12-23,44113,2529,10094.79,120,8520.75
7,29,1,2025-12-25,18982,459,579.75,10,3292.44
7,29,1,2025-12-30,45238,1494,2133.94,99,20110.81
7,29,1,2025-12-31,10435,672,2483.52,26,2354.69
7,29,1,2026-01-02,15197,329,395.98,5,970.7
7,29,1,2026-01-06,47182,2330,8455.25,185,40552.97
7,29,1,2026-01-11,12318,672,1415.4,11,4199.73
7,29,1,2026-01-16,42289,1507,4537.9,120,31292.32
7,29,1,2026-01-17,7639,462,632.51,46,11099.87
7,29,1,2026-01-22,13805,927,1365.11,49,9980.22
7,29,1,2026-01-25,27947,1908,4504.16,189,24815.85
7,29,1,2026-01-30,1538,84,158.2,10,2956.71
7,29,1,2026-02-03,24732,1880,7592.37,71,19386.32
7,29,1,2026-02-05,33441,2335,11272.94,102,32306.82
7,29,1,2026-02-07,38087,2999,12196.51,294,52125.31
7,29,1,2026-02-08,8609,590,1402.95,71,16751.14
7,29,1,2026-02-13,18379,1423,3609.82,165,49029.84
7,29,1,2026-02-20,44848,3049,2632.65,297,105096.9
7,29,1,2026-02-28,15027,729,2365.53,78,28964.37
7,29,1,2026-03-02,41218,3194,9273.92,267,47685.14
7,29,1,2026-03-05,26297,1009,4902.69,38,9608.74
7,29,1,2026-03-06,47075,1632,5899.3,91,25817.31
7,29,1,2026-03-09,48131,2295,5233.83,156,42924.19
7,29,1,2026-03-11,48507,3169,7905.99,105,16760.72
7,29,1,2026-03-12,38595,2239,1724.55,196,39377.86
7,29,1,2026-03-13,41702,2837,4818.74,37,12644.37
7,29,1,2026-03-14,3733,274,851.6,8,1687.48
7,29,1,2026-03-20,38411,712,2616.7,104,6787.05
7,29,1,2026-03-21,44201,471,405.12,55,15948.63
7,29,1,2026-03-27,47762,525,602.2,20,3461.2
7,29,1,2026-03-31,31238,1719,5048.85,80,8545.82
7,29,1,2026-04-05,23726,431,1299.51,22,8780.18
7,29,1,2026-04-07,17466,285,587.72,9,3492.72
7,29,1,2026-04-14,33103,1101,3309.83,18,6660.46
7,29,1,2026-04-15,31238,1289,4246.54,123,37953.55
7,29,1,2026-04-18,34649,2174,9379.39,210,47355.65
7,29,1,2026-04-20,35762,983,3654.9,36,9780.26
7,29,1,2026-04-27,26800,352,916.89,24,4224.16
7,29,1,2026-05-07,34957,2366,10768.46,324,58740.8
7,29,1,2026-05-12,35092,926,2869.9,56,15796.19
7,29,1,2026-05-15,39060,2485,5366.46,82,18545.32
7,29,1,2026-05-17,48981,1950,988.66,220,78681.93
7,29,1,2026-05-20,30864,1770,4639.53,244,45659.79
7,29,1,2026-05-21,47281,3614,10517.1,329,87269.66
7,29,1,2026-05-23,34224,1902,4723.62,124,22043.23
7,29,1,2026-05-25,5083,239,390.65,35,9601.8
7,29,1,2026-06-05,38579,1584,4526.07,104,31312.3
7,29,1,2026-06-09,21614,632,2841.4,23,4689.15
7,29,1,2026-06-17,15150,970,4529.95,143,44434.02
7,29,1,2026-06-20,4281,292,1088.33,22,4119.51
7,29,1,2026-06-21,13924,966,2152.35,72,10450.23
7,29,1,2026-06-23,17664,589,991.75,75,8864.44
7,29,1,2026-06-27,46905,1826,6889.31,65,21968.95
7,29,1,2026-06-28,36413,1655,1918.98,22,8266.76
7,29,1,2026-06-29,46669,821,1480.57,89,22775.17
7,29,1,2026-07-04,35695,437,1538.01,18,2492.89
7,29,1,2026-07-11,18736,1205,3986.63,106,28078.61
7,29,1,2026-07-20,33335,515,419.02,47,12268.3
7,29,1,2026-07-23,48116,1272,3179.63,167,30339.88
7,29,1,2026-07-26,12433,635,3066.25,15,1388.26
7,29,1,2026-07-31,28384,523,2484.79,51,3484.27
7,29,1,2026-08-02,11896,527,1830.13,32,1912.73
7,29,1,2026-08-05,15703,556,2333.94,80,10355.61
7,29,1,2026-08-06,24488,1755,2064.43,235,93359.52
7,29,1,2026-08-07,8973,263,1164.18,27,4617.47
7,29,1,2026-08-10,47343,2267,9430.67,141,30012.52
7,29,1,2026-08-16,8648,676,665.91,26,4405.94
7,29,1,2026-08-17,13748,175,227.23,8,2313.37
8,29,2,2025-08-19,29318,900,1449.19,65,20236.88
8,29,2,2025-08-24,42968,2430,9238.86,183,50462.08
8,29,2,2025-08-25,21073,943,480.72,90,15712.66
8,29,2,2025-08-26,2753,203,777.23,21,4872.69
8,29,2,2025-08-27,12908,430,490.27,21,7658.55
8,29,2,2025-08-28,44925,1910,8235.94,269,53540.04
8,29,2,2025-08-30,31938,878,1677.72,73,10768.38
8,29,2,2025-09-08,16498,195,834.14,6,1715.12
8,29,2,2025-09-19,4749,359,622.49,14,1749.13
8,29,2,2025-09-20,39433,586,1750.25,44,4043.12
8,29,2,2025-09-30,4810,378,450.08,52,12107.02
8,29,2,2025-10-06,34747,1273,2683.06,21,4460.64
8,29,2,2025-10-08,38451,1654,3585.4,146,55695.5
8,29,2,2025-10-17,12422,237,199.3,22,2556.0
8,29,2,2025-10-18,14786,272,700.55,7,1432.53
8,29,2,2025-10-19,36301,2384,8447.31,193,65632.65
8,29,2,2025-10-20,5268,348,694.69,10,3557.09
8,29,2,2025-10-21,36511,850,1699.86,71,12194.5
8,29,2,2025-10-25,6650,287,516.07,21,6626.47
8,29,2,2025-10-27,26275,1629,3923.09,73,14570.37
8,29,2,2025-11-07,29975,354,882.86,32,12318.39
8,29,2,2025-11-09,41636,1169,1483.54,42,9495.94
8,29,2,2025-11-16,42819,564,1886.59,35,12868.32
8,29,2,2025-11-17,41478,504,1342.16,61,16865.25
8,29,2,2025-11-21,25536,682,414.89,11,664.03
8,29,2,2025-11-28,3415,140,404.71,13,3882.06
8,29,2,2025-12-03,37002,403,530.69,38,12766.72
8,29,2,2025-12-07,2344,157,685.9,17,2093.96
8,29,2,2025-12-09,37651,699,1540.28,32,5645.03
8,29,2,2025-12-13,5482,393,1370.95,56,3096.1
8,29,2,2025-12-14,42164,1500,5084.85,20,3589.34
8,29,2,2025-12-16,18926,907,1505.82,42,11226.65
8,29,2,2025-12-21,26935,1250,4345.78,75,13939.0
8,29,2,2025-12-25,3363,123,581.73,18,6191.38
8,29,2,2025-12-31,24214,1260,4301.92,134,42197.66
8,29,2,2026-01-01,19531,1115,1488.62,115,6071.04
8,29,2,2026-01-09,28727,375,908.52,8,2485.02
8,29,2,2026-01-13,35055,1069,1634.27,107,10227.04
8,29,2,2026-01-25,48193,2689,9756.91,155,25121.92
8,29,2,2026-01-27,4924,190,533.94,3,685.36
8,29,2,2026-02-05,19831,1072,4565.74,117,16531.41
8,29,2,2026-02-09,34500,1937,8882.41,82,19629.57
8,29,2,2026-02-12,29222,1107,2090.59,118,38211.57
8,29,2,2026-02-13,2210,166,236.32,23,6419.7
8,29,2,2026-02-14,26695,285,725.73,5,1811.34
8,29,2,2026-02-15,5423,345,683.55,48,18166.23
8,29,2,2026-02-16,5075,324,281.81,32,10598.41
8,29,2,2026-02-19,43922,2601,4008.77,168,49284.61
8,29,2,2026-02-21,16601,1006,1955.3,27,9189.19
8,29,2,2026-03-05,9190,229,678.32,24,1645.63
8,29,2,2026-03-06,27876,2130,3430.89,170,18354.4
8,29,2,2026-03-12,23381,789,2225.25,26,8636.21
8,29,2,2026-03-13,27162,1156,1359.74,79,7620.22
8,29,2,2026-03-14,15055,1194,3988.13,144,7930.23
8,29,2,2026-03-27,42340,3328,9969.1,470,157299.28
8,29,2,2026-04-13,14018,726,2021.42,86,12336.28
8,29,2,2026-04-14,23955,1880,4785.71,235,74971.28
8,29,2,2026-04-17,17621,865,1407.95,122,27931.44
8,29,2,2026-04-18,19134,679,713.18,16,2955.38
8,29,2,2026-04-26,5996,205,439.2,30,5287.93
8,29,2,2026-04-27,37861,2696,4991.78,142,26344.49
8,29,2,2026-04-29,35341,1868,2277.02,138,7270.17
8,29,2,2026-05-24,14830,1105,3668.92,136,53764.65
8,29,2,2026-05-29,3604,200,795.57,19,4442.97
8,29,2,2026-06-01,43001,1255,4734.97,69,4810.36
8,29,2,2026-06-02,47772,1311,2503.04,23,3225.03
8,29,2,2026-06-08,34699,399,1824.06,10,965.76
8,29,2,2026-06-09,34884,622,2277.45,77,25996.05
8,29,2,2026-06-22,9567,660,1898.31,18,2486.19
8,29,2,2026-06-26,15045,479,1635.05,22,6415.93
8,29,2,2026-06-28,22223,1344,2247.52,123,42405.64
8,29,2,2026-07-11,19461,868,4000.86,94,26989.2
8,29,2,2026-07-15,18574,656,2840.03,72,17875.13
8,29,2,2026-07-16,36264,2411,9726.37,29,1933.56
8,29,2,2026-07-21,18785,828,3943.78,68,8388.43
8,29,2,2026-07-25,44394,3307,15493.68,237,15810.96
8,29,2,2026-07-27,18175,1363,821.82,189,48424.45
8,29,2,2026-07-31,2716,181,729.23,2,121.31
8,29,2,2026-08-05,41771,1694,4789.44,208,58126.51
8,29,2,2026-08-06,46953,2492,11989.4,140,44282.83
8,29,2,2026-08-08,44024,2670,4047.59,212,44596.4
8,29,2,2026-08-09,8074,556,2105.28,41,15097.35
8,29,2,2026-08-16,42767,2638,10132.2,212,11434.79
9,29,3,2025-08-20,30140,352,674.89,9,937.49
9,29,3,2025-08-22,22814,1317,1751.15,83,15104.98
9,29,3,2025-08-23,40303,1192,1894.74,14,2398.25
9,29,3,2025-09-02,37396,2756,2838.12,98,15587.73
9,29,3,2025-09-04,10923,313,261.17,17,3798.72
9,29,3,2025-09-05,30989,1038,1287.09,117,37486.24
9,29,3,2025-09-07,40802,601,1182.44,12,3554.52
9,29,3,2025-09-10,10429,117,288.88,6,1988.06
9,29,3,2025-09-11,13872,387,375.27,42,4034.6
9,29,3,2025-09-19,24235,918,4436.61,97,33096.22
9,29,3,2025-09-21,9672,426,2069.72,19,7549.32
9,29,3,2025-09-22,12575,818,782.41,96,12963.19
9,29,3,2025-10-02,23182,486,1565.99,35,8469.11
9,29,3,2025-10-11,8597,280,1136.04,37,11466.43
9,29,3,2025-10-12,45353,2371,9426.16,80,9067.12
9,29,3,2025-10-13,16100,898,2295.37,57,11915.54
9,29,3,2025-10-15,22833,866,3688.98,78,27031.27
9,29,3,2025-10-18,15256,240,1130.09,18,1305.25
9,29,3,2025-10-24,24562,1441,1912.77,117,26330.2
9,29,3,2025-11-05,29734,1139,5337.85,60,20709.99
9,29,3,2025-11-22,37806,2357,1384.86,155,21713.84
9,29,3,2025-11-26,32843,1938,8168.75,129,37464.52
9,29,3,2025-12-04,37422,2139,3525.66,38,11000.18
9,29,3,2025-12-11,24138,537,1794.86,12,4679.68
9,29,3,2025-12-16,3666,45,116.64,0,0.0
9,29,3,2025-12-20,22836,1158,5346.78,70,27576.52
9,29,3,2025-12-23,44039,538,1785.68,60,21588.86
9,29,3,2025-12-25,38021,2225,1719.23,276,17957.1
9,29,3,2025-12-26,30557,1921,4525.81,36,9172.59
9,29,3,2025-12-27,39661,2718,7073.7,149,36716.78
9,29,3,2026-01-05,35459,1972,5384.48,278,101678.11
9,29,3,2026-01-15,1183,27,27.62,0,0.0
9,29,3,2026-01-16,29841,2330,4219.39,308,26215.62
9,29,3,2026-01-21,42147,998,2264.31,24,2654.91
9,29,3,2026-01-25,33714,2218,5871.51,191,49378.84
9,29,3,2026-02-01,30329,2230,10185.93,310,69332.65
9,29,3,2026-02-09,40903,759,1381.35,35,12026.92
9,29,3,2026-02-10,30048,405,1569.11,18,3887.69
9,29,3,2026-02-11,15836,168,485.7,24,2499.54
9,29,3,2026-02-24,42877,2116,9168.09,92,5891.85
9,29,3,2026-02-25,14284,257,849.08,16,1134.93
9,29,3,2026-03-02,24442,1587,7702.02,211,44048.02
9,29,3,2026-03-10,39022,1624,1249.19,127,13842.93
9,29,3,2026-03-13,12391,690,1261.42,86,4726.31
9,29,3,2026-03-16,28168,1788,1456.38,139,22701.68
9,29,3,2026-03-20,26977,1289,5429.91,104,24863.61
9,29,3,2026-03-21,21631,308,888.46,24,1253.14
9,29,3,2026-03-29,47618,2739,8330.07,115,8271.98
9,29,3,2026-04-02,19332,819,3926.87,24,4948.24
9,29,3,2026-04-07,3634,95,446.67,4,564.3
9,29,3,2026-04-10,17376,596,2541.11,27,2069.64
9,29,3,2026-04-11,20157,648,2307.75,20,4922.7
9,29,3,2026-04-12,32099,1428,6032.58,89,16859.22
9,29,3,2026-04-13,43058,2033,9413.17,177,11876.0
9,29,3,2026-04-15,21554,1467,1904.39,59,9449.14
9,29,3,2026-04-21,1299,38,69.16,1,294.05
9,29,3,2026-04-25,16459,983,4635.64,100,5248.77
9,29,3,2026-04-30,44636,3409,16447.55,232,64539.19
9,29,3,2026-05-03,3433,204,523.38,17,3559.63
9,29,3,2026-05-13,36629,1732,5614.57,62,22509.83
9,29,3,2026-05-15,6221,372,485.61,4,423.72
9,29,3,2026-05-17,7307,359,1407.11,38,8820.27
9,29,3,2026-05-25,29336,811,3892.89,63,3347.31
9,29,3,2026-05-26,33115,1008,1496.35,126,15526.05
9,29,3,2026-06-09,46457,536,1158.82,22,3708.67
9,29,3,2026-06-11,43928,1329,1906.12,155,58498.5
9,29,3,2026-06-12,8539,156,476.38,22,5277.35
9,29,3,2026-06-16,45082,3447,12591.67,438,96334.77
9,29,3,2026-06-27,23698,1271,5000.5,14,2298.42
9,29,3,2026-06-28,5763,392,1535.08,43,7494.79
9,29,3,2026-07-03,27783,955,2710.42,134,41178.95
9,29,3,2026-07-05,2243,31,124.4,3,703.91
9,29,3,2026-07-07,30000,2228,6581.85,122,19919.33
9,29,3,2026-07-08,13509,793,3016.69,9,1302.14
9,29,3,2026-07-09,10224,643,528.96,82,27901.55
9,29,3,2026-07-14,39183,837,3264.75,59,14214.63
9,29,3,2026-07-23,12892,447,833.14,20,6267.4
9,29,3,2026-07-24,1785,94,163.68,6,744.97
9,29,3,2026-07-25,12556,636,2251.14,62,10854.44
9,29,3,2026-07-28,20173,1199,3733.01,95,16519.27
9,29,3,2026-08-01,41711,2096,3586.68,168,65011.39
9,29,3,2026-08-02,4123,64,297.61,7,2313.14
9,29,3,2026-08-12,29143,1836,976.42,146,44983.87
9,29,3,2026-08-14,45602,642,573.18,82,16812.81
9,29,3,2026-08-15,41817,1684,8124.14,24,6168.78
10,31,1,2025-08-19,12631,534,2410.73,17,2071.78
10,31,1,2025-09-02,8959,710,1940.44,93,10701.04
10,31,1,2025-09-07,42382,1814,7792.29,254,71254.25
10,31,1,2025-09-14,19378,1089,3606.38,59,3371.54
10,31,1,2025-09-15,16295,583,2164.54,81,19327.35
10,31,1,2025-09-26,3023,216,254.73,4,612.43
10,31,1,2025-09-28,44647,2272,9447.42,269,30348.74
10,31,1,2025-09-29,20853,348,290.84,7,1753.8
10,31,1,2025-10-03,28132,609,2223.09,77,11227.36
10,31,1,2025-10-04,47254,3593,15269.63,378,139597.51
10,31,1,2025-10-05,47213,1305,2090.16,69,17351.49
10,31,1,2025-10-06,41431,944,806.46,134,21192.9
10,31,1,2025-10-11,44124,1732,3310.98,253,95522.07
10,31,1,2025-10-13,17899,599,1346.11,19,4431.0
10,31,1,2025-10-17,38257,2542,2258.23,217,76045.32
10,31,1,2025-10-18,21328,1672,7753.84,54,13261.05
10,31,1,2025-10-22,21431,522,1499.7,62,8453.97
10,31,1,2025-10-27,46242,2968,12443.17,131,36905.46
10,31,1,2025-10-28,16853,366,868.19,16,3853.03
10,31,1,2025-11-04,8398,201,838.04,16,2071.14
10,31,1,2025-11-07,4109,125,112.82,8,2118.41
10,31,1,2025-11-08,19027,948,2638.14,130,41474.4
10,31,1,2025-11-11,44005,3305,4677.35,351,29515.7
10,31,1,2025-11-12,42898,1597,2530.19,66,14658.68
10,31,1,2025-11-13,48385,3276,9385.41,475,24466.94
10,31,1,2025-11-20,4808,61,200.48,2,220.27
10,31,1,2025-11-24,32803,2507,7499.93,145,45901.87
10,31,1,2025-11-25,42321,2572,6437.04,297,89062.81
10,31,1,2025-11-26,44386,1665,3623.26,163,18118.67
10,31,1,2025-11-30,14028,1028,1191.7,47,18730.6
10,31,1,2025-12-01,1746,84,169.12,10,1034.74
10,31,1,2025-12-02,28881,665,2312.23,52,9636.65
10,31,1,2025-12-10,25559,1707,3244.17,61,17846.4
10,31,1,2025-12-13,17711,1113,1109.8,153,22447.97
10,31,1,2025-12-15,33987,2553,3011.04,259,47466.67
10,31,1,2025-12-18,7857,366,526.01,34,8093.06
10,31,1,2025-12-19,25050,872,753.87,63,18407.48
10,31,1,2025-12-20,38146,1225,2501.82,34,8548.1
10,31,1,2026-01-03,17862,1254,5517.89,118,22149.0
10,31,1,2026-01-11,18585,1295,5506.6,83,21123.27
10,31,1,2026-01-15,34057,581,2627.7,17,4790.97
10,31,1,2026-01-19,23299,1105,2341.17,38,11690.31
10,31,1,2026-01-20,14499,679,2692.15,78,21840.09
10,31,1,2026-01-28,18527,815,412.87,110,16520.41
10,31,1,2026-02-05,49616,1561,1033.02,124,23333.54
10,31,1,2026-02-10,46976,2684,11357.46,355,105279.39
10,31,1,2026-02-12,33256,1194,5143.55,23,5485.09
10,31,1,2026-02-16,6321,363,1371.13,22,7142.55
10,31,1,2026-02-17,41094,1462,4933.17,108,7915.13
10,31,1,2026-02-27,45821,3439,13376.28,414,84139.87
10,31,1,2026-03-03,14239,713,2971.03,14,3744.04
10,31,1,2026-03-04,41030,1923,4394.81,108,24466.67
10,31,1,2026-03-05,27680,1450,2546.91,50,3777.24
10,31,1,2026-03-12,23930,344,1473.75,41,14999.89
10,31,1,2026-03-24,6648,226,1051.68,30,5330.91
10,31,1,2026-03-27,27451,637,1317.13,90,13477.6
10,31,1,2026-03-28,36399,2889,4757.13,220,45499.55
10,31,1,2026-03-29,32739,2531,6194.94,232,88315.02
10,31,1,2026-03-31,3759,141,502.68,11,735.33
10,31,1,2026-04-04,21487,1029,5020.45,113,24672.86
10,31,1,2026-04-07,39813,3150,6869.2,333,89239.77
10,31,1,2026-04-10,31928,2094,6867.85,39,13399.71
10,31,1,2026-04-11,43649,1332,5091.21,25,3988.43
10,31,1,2026-04-13,31089,2279,7037.83,319,125658.4
10,31,1,2026-04-17,5677,291,1095.54,6,1908.99
10,31,1,2026-04-29,8691,612,689.45,78,4552.1
10,31,1,2026-05-13,38601,3041,6367.28,75,21037.63
10,31,1,2026-05-14,15464,660,1532.02,43,3146.5
10,31,1,2026-05-21,36797,1922,1077.38,30,8615.47
10,31,1,2026-05-24,40038,2318,5047.82,54,6127.85
10,31,1,2026-05-29,6033,427,680.38,30,5095.35
10,31,1,2026-06-01,43582,878,1939.1,9,2348.59
10,31,1,2026-06-17,30281,346,218.11,36,10936.59
10,31,1,2026-06-28,45408,904,1891.69,49,18520.05
10,31,1,2026-07-02,48375,2858,8346.28,357,108379.39
10,31,1,2026-07-03,28483,1520,3131.87,149,7801.52
10,31,1,2026-07-05,42921,3206,13273.51,343,21235.34
10,31,1,2026-07-11,10695,234,496.24,4,391.51
10,31,1,2026-07-19,14307,375,680.35,26,4450.06
10,31,1,2026-07-22,41091,2833,12545.76,423,71889.72
10,31,1,2026-07-24,42340,2666,4600.1,222,71103.0
10,31,1,2026-07-27,10943,850,3286.89,9,874.31
10,31,1,2026-07-28,10415,561,1647.65,57,20676.43
10,31,1,2026-07-30,34755,1251,2934.92,68,13834.55
10,31,1,2026-08-05,9549,137,476.93,3,934.36
10,31,1,2026-08-06,19612,406,472.39,27,2837.47
10,31,1,2026-08-10,40164,3096,7361.92,209,74716.66
10,31,1,2026-08-13,49640,1270,3324.23,176,27118.19
10,31,1,2026-08-15,22061,1299,1763.61,70,6841.14
11,31,2,2025-08-27,10357,717,736.27,104,14807.75
11,31,2,2025-08-29,46563,2638,2667.95,123,28338.7
11,31,2,2025-08-31,13146,190,591.58,12,1013.27
11,31,2,2025-09-10,13919,830,3968.04,60,5874.2
11,31,2,2025-09-16,42239,3327,9047.21,38,14606.38
11,31,2,2025-09-20,21398,1707,1120.34,218,28867.18
11,31,2,2025-09-27,1065,24,22.03,1,301.62
11,31,2,2025-09-30,24949,1425,2408.31,207,32697.62
11,31,2,2025-10-06,7842,455,2196.02,28,3313.74
11,31,2,2025-10-11,29375,696,639.44,98,30385.22
11,31,2,2025-10-15,14349,558,2119.19,40,12612.16
11,31,2,2025-10-18,28895,1412,6701.65,193,42269.09
11,31,2,2025-10-24,1916,35,55.09,4,625.85
11,31,2,2025-10-25,2335,178,667.68,19,4885.85
11,31,2,2025-10-26,43913,1215,6067.74,57,7452.18
11,31,2,2025-10-29,6644,524,2531.63,25,4636.05
11,31,2,2025-11-08,30657,1422,3117.93,183,46026.34
11,31,2,2025-11-13,34756,1758,6460.26,118,36278.15
11,31,2,2025-11-14,14574,1023,2438.11,41,6525.08
11,31,2,2025-11-26,16098,382,1247.73,56,9959.63
11,31,2,2025-12-01,4247,106,515.76,9,2503.84
11,31,2,2025-12-05,13706,579,984.09,9,723.03
11,31,2,2025-12-08,42383,2157,2945.61,227,18663.25
11,31,2,2025-12-10,16307,318,1552.33,22,8437.63
11,31,2,2025-12-19,2062,58,232.27,7,1580.68
11,31,2,2025-12-21,22784,1766,7746.7,219,17572.82
11,31,2,2025-12-22,37872,2062,2600.64,42,6533.58
11,31,2,2025-12-23,4734,338,1557.53,21,3788.16
11,31,2,2025-12-28,16876,433,272.63,32,3906.69
11,31,2,2026-01-06,27395,1807,7348.54,194,69863.09
11,31,2,2026-01-07,46750,3414,16293.16,507,168997.58
11,31,2,2026-01-08,24829,474,1686.28,58,3159.78
11,31,2,2026-01-12,14963,883,3014.6,91,32578.7
11,31,2,2026-01-13,26497,1220,1411.68,37,9730.96
11,31,2,2026-01-17,12187,485,632.39,57,20236.18
11,31,2,2026-01-23,46628,1685,3916.97,89,20483.69
11,31,2,2026-01-30,38187,400,945.63,16,4626.65
11,31,2,2026-01-31,10978,315,714.62,16,4405.97
11,31,2,2026-02-01,48229,2378,5649.44,247,47559.21
11,31,2,2026-02-06,7002,554,362.58,41,7590.11
11,31,2,2026-02-10,5403,149,331.5,10,1566.56
11,31,2,2026-02-11,47522,1466,6154.47,42,13016.81
11,31,2,2026-02-15,20788,579,2523.48,68,19374.2
11,31,2,2026-02-17,44422,3024,14768.26,223,18735.35
11,31,2,2026-02-20,7408,317,1464.9,37,11386.74
11,31,2,2026-02-21,10245,710,3452.94,36,5624.56
11,31,2,2026-02-24,15176,730,3132.02,51,4033.81
11,31,2,2026-03-01,24185,502,1629.6,6,1787.59
11,31,2,2026-03-04,11836,266,1266.14,27,2250.83
11,31,2,2026-03-05,35139,2785,13914.67,375,102704.17
11,31,2,2026-03-06,20670,993,4776.43,97,6547.28
11,31,2,2026-03-08,25677,1175,5531.04,131,29689.77
11,31,2,2026-03-12,23817,1712,4607.98,122,23494.14
11,31,2,2026-03-22,38849,2090,9611.0,22,7957.31
11,31,2,2026-03-24,31131,1010,4247.62,59,17890.51
11,31,2,2026-03-31,6846,448,1192.35,23,4557.61
11,31,2,2026-04-01,9362,671,2557.56,36,6780.2
11,31,2,2026-04-04,14672,268,471.02,28,2161.8
11,31,2,2026-04-08,25054,1875,1708.43,127,47217.76
11,31,2,2026-04-09,27659,1297,1231.53,94,15433.99
11,31,2,2026-04-14,48460,1809,1530.75,76,12044.48
11,31,2,2026-04-16,37584,2377,2335.72,257,14651.09
11,31,2,2026-04-17,24066,1164,3489.42,23,4824.43
11,31,2,2026-04-21,24202,528,1636.17,37,14117.5
11,31,2,2026-04-25,47637,2899,3100.82,299,87569.4
11,31,2,2026-05-02,49817,3607,15529.13,239,14510.8
11,31,2,2026-05-04,15403,804,2138.34,56,17715.76
11,31,2,2026-05-07,21155,1021,4062.51,146,42994.76
11,31,2,2026-05-08,19537,282,1262.81,23,8210.22
11,31,2,2026-05-14,4706,375,659.36,34,5056.53
11,31,2,2026-05-15,20928,961,3920.52,11,3708.83
11,31,2,2026-05-16,46042,1886,8353.47,273,38026.81
11,31,2,2026-05-17,40034,2237,2127.19,293,99978.37
11,31,2,2026-05-27,15586,1188,4326.72,13,4384.63
11,31,2,2026-06-08,30225,1745,5507.22,171,29079.25
11,31,2,2026-06-13,43148,2057,3566.26,120,35640.57
11,31,2,2026-06-15,33081,1634,6008.6,234,86469.15
11,31,2,2026-06-16,35075,471,1542.26,51,8052.86
11,31,2,2026-06-20,34907,2556,5792.92,327,78425.4
11,31,2,2026-06-23,25238,1738,8307.52,118,45958.48
11,31,2,2026-07-01,38230,1768,5703.25,204,17420.83
11,31,2,2026-07-08,47794,589,600.84,69,23084.02
11,31,2,2026-07-14,44518,978,738.51,80,26923.87
11,31,2,2026-07-15,19091,1339,2309.8,15,2448.21
11,31,2,2026-07-16,19725,719,2993.01,87,17584.74
11,31,2,2026-07-17,24815,1717,8493.19,185,33850.82
11,31,2,2026-07-30,13648,218,889.74,14,1089.59
11,31,2,2026-08-09,3422,190,245.01,26,8584.49
11,31,2,2026-08-10,43478,535,881.37,20,4425.7
11,31,2,2026-08-11,30363,2122,7809.67,264,72642.44
11,31,2,2026-08-13,39839,607,1468.89,24,4234.22
11,31,2,2026-08-15,23287,276,1338.24,15,4399.58
12,31,3,2025-08-19,9594,488,258.01,34,10034.04
12,31,3,2025-08-20,42660,2981,14357.88,227,88504.62
12,31,3,2025-08-22,26063,1155,2932.37,138,19836.19
12,31,3,2025-08-23,37123,2846,7824.34,129,40707.41
12,31,3,2025-08-26,41352,1511,4162.26,126,40303.13
12,31,3,2025-08-30,36789,1974,8089.8,197,21365.58
12,31,3,2025-09-07,16523,165,531.59,1,299.88
12,31,3,2025-09-08,30576,938,3895.43,130,25259.63
12,31,3,2025-09-10,30113,2337,1362.05,298,115157.79
12,31,3,2025-09-14,31845,1004,2287.41,108,8706.75
12,31,3,2025-09-20,13217,692,1910.47,58,7608.19
12,31,3,2025-09-26,26811,2081,3831.17,142,27160.79
12,31,3,2025-10-01,33477,728,2553.75,100,29422.2
12,31,3,2025-10-02,2724,166,712.35,22,2438.81
12,31,3,2025-10-10,5006,80,321.32,2,220.46
12,31,3,2025-10-18,37880,1668,3982.04,98,7854.23
12,31,3,2025-10-19,15538,349,695.09,49,14168.92
12,31,3,2025-10-20,25166,1951,3673.83,217,67474.68
12,31,3,2025-11-04,40019,2003,7214.6,295,54517.8
12,31,3,2025-11-10,19015,531,605.17,7,1278.13
12,31,3,2025-11-11,33717,973,4225.26,33,5891.57
12,31,3,2025-11-14,27520,715,2163.85,37,2390.15
12,31,3,2025-11-17,12630,878,3683.58,66,8197.92
12,31,3,2025-11-24,2971,184,364.06,14,4456.45
12,31,3,2025-11-26,23291,1747,6091.69,102,30501.31
12,31,3,2025-12-01,31267,822,1294.93,65,16518.38
12,31,3,2025-12-02,43890,2343,7468.62,347,93638.09
12,31,3,2025-12-05,38279,2031,4600.6,265,73672.78
12,31,3,2025-12-08,20840,904,4427.79,51,20088.93
12,31,3,2025-12-09,32477,1357,5698.88,163,53801.99
12,31,3,2025-12-10,37577,2534,8483.55,262,36361.59
12,31,3,2025-12-16,21876,1276,3860.22,152,59512.8
12,31,3,2025-12-21,1827,67,253.72,2,362.74
12,31,3,2025-12-23,37264,2960,9957.72,391,130093.12
12,31,3,2025-12-30,27194,2046,3422.66,111,31428.6
12,31,3,2025-12-31,15761,493,326.5,32,10948.35
12,31,3,2026-01-02,8003,274,878.06,18,1312.46
12,31,3,2026-01-06,39885,423,1698.1,54,17220.54
12,31,3,2026-01-07,28241,1425,3095.81,172,52659.64
12,31,3,2026-01-08,49691,1030,1563.19,51,4757.56
12,31,3,2026-01-11,9499,687,1404.17,22,8635.34
12,31,3,2026-01-15,14508,1098,688.1,129,30590.56
12,31,3,2026-01-17,26744,1875,3544.57,131,16329.23
12,31,3,2026-01-19,19059,562,420.13,58,12760.11
12,31,3,2026-01-20,34923,1594,3354.94,163,13577.9
12,31,3,2026-01-22,11851,553,1039.57,36,2069.8
12,31,3,2026-02-01,40575,457,1902.34,19,3005.11
12,31,3,2026-02-02,42591,478,1062.28,47,3826.35
12,31,3,2026-02-08,37609,2404,9248.58,307,86889.09
12,31,3,2026-02-10,16362,401,1456.07,34,1910.13
12,31,3,2026-02-12,44988,2416,11073.4,59,22756.75
12,31,3,2026-02-19,40498,2489,12120.99,61,9026.19
12,31,3,2026-02-21,49839,707,3079.06,83,15068.94
12,31,3,2026-02-22,33862,1563,6576.63,121,44187.89
12,31,3,2026-02-25,1372,100,218.77,8,1186.86
12,31,3,2026-02-26,20996,411,1136.09,9,3477.07
12,31,3,2026-02-27,49799,3862,10319.51,337,113818.61
12,31,3,2026-03-01,26130,503,640.57,65,15239.91
12,31,3,2026-03-08,23615,1569,2922.8,44,7522.65
12,31,3,2026-03-10,34330,1531,992.06,72,18609.97
12,31,3,2026-03-18,18503,1306,1945.19,119,31967.58
12,31,3,2026-03-19,44728,3158,5634.5,419,32834.1
12,31,3,2026-03-23,44546,2517,4035.6,185,41082.57
12,31,3,2026-03-26,9064,315,996.65,45,3123.66
12,31,3,2026-03-27,41663,1085,2397.63,100,28509.68
12,31,3,2026-03-30,3663,62,183.87,5,628.42
12,31,3,2026-04-02,39954,2213,10471.04,114,13261.22
12,31,3,2026-04-08,8900,351,1638.0,52,16809.22
12,31,3,2026-04-11,15525,929,3092.23,74,14661.87
12,31,3,2026-04-13,2976,125,597.44,15,1830.18
12,31,3,2026-04-16,13953,395,1212.33,26,2026.82
12,31,3,2026-04-18,1580,59,260.72,0,0.0
12,31,3,2026-04-19,37884,1469,4677.34,139,7681.37
12,31,3,2026-04-20,31033,815,1570.82,89,29846.37
12,31,3,2026-04-24,30763,404,585.3,32,3434.1
12,31,3,2026-04-27,34606,2631,5667.9,271,46296.48
12,31,3,2026-05-02,33928,1470,3502.61,77,15940.8
12,31,3,2026-05-09,19411,305,590.14,21,4756.21
12,31,3,2026-05-11,21232,1323,6182.27,115,23767.6
12,31,3,2026-05-23,12324,791,1140.27,33,2225.34
12,31,3,2026-05-24,3987,168,683.01,5,917.34
12,31,3,2026-05-28,4442,217,649.74,22,3664.25
12,31,3,2026-06-05,2358,180,241.48,12,4168.68
12,31,3,2026-06-06,36584,2423,7461.57,232,49181.43
12,31,3,2026-06-13,22185,762,2790.88,9,2561.99
12,31,3,2026-06-14,41579,2320,2313.88,317,54680.02
12,31,3,2026-06-16,33739,1101,733.38,46,6132.02
12,31,3,2026-06-23,29353,692,665.9,30,2802.34
12,31,3,2026-06-26,37680,2717,2083.55,396,20943.01
12,31,3,2026-06-30,27696,1048,2702.65,79,11412.68
12,31,3,2026-07-08,18871,946,2148.68,54,8720.24
12,31,3,2026-07-11,33448,346,418.62,24,6810.76
12,31,3,2026-07-12,14730,160,423.8,21,5436.25
12,31,3,2026-07-14,47070,2777,9733.66,225,66748.27
12,31,3,2026-07-16,34791,1754,5386.33,39,4337.59
12,31,3,2026-07-19,43932,1830,2952.55,57,11994.57
12,31,3,2026-07-21,43666,2641,5220.4,76,16611.99
13,45,1,2025-08-22,48204,2434,11449.2,333,111587.79
13,45,1,2025-08-29,40004,2565,9537.23,224,67341.06
13,45,1,2025-09-03,23400,1095,1441.54,53,12373.69
13,45,1,2025-09-06,35436,2556,7350.69,35,6223.0
13,45,1,2025-09-07,22963,801,2738.04,73,26810.82
13,45,1,2025-09-11,17417,939,4340.19,68,18303.0
13,45,1,2025-09-21,27875,659,1616.03,51,11530.91
13,45,1,2025-09-23,14103,852,3072.11,90,33965.74
13,45,1,2025-09-28,40239,609,2222.29,68,23480.42
13,45,1,2025-10-05,31865,2187,6836.37,36,9553.56
13,45,1,2025-10-06,22777,712,1905.95,60,12011.89
13,45,1,2025-10-16,2258,26,25.16,3,746.93
13,45,1,2025-10-30,18896,371,282.86,17,963.35
13,45,1,2025-11-04,25569,397,1904.97,37,13488.09
13,45,1,2025-11-07,27363,359,1643.52,30,3268.9
13,45,1,2025-11-12,22027,755,662.59,108,28746.15
13,45,1,2025-11-16,25347,1699,4961.17,224,74051.27
13,45,1,2025-11-19,1214,24,20.05,3,265.13
13,45,1,2025-11-22,10003,302,1083.37,26,6736.09
13,45,1,2025-11-23,12163,495,826.24,63,8113.02
13,45,1,2025-12-02,10240,373,1009.71,31,10035.44
13,45,1,2025-12-04,41992,932,603.66,138,23709.39
13,45,1,2025-12-06,30597,1642,4698.6,64,13539.68
13,45,1,2025-12-07,41305,479,747.97,22,2312.82
13,45,1,2025-12-13,23077,431,1694.43,24,7516.51
13,45,1,2025-12-16,32898,1987,4624.81,59,12436.96
13,45,1,2025-12-18,26680,578,2407.67,78,23205.48
13,45,1,2025-12-20,30910,695,1491.38,100,14605.76
13,45,1,2025-12-22,42090,1488,5241.13,59,19675.94
13,45,1,2025-12-23,34790,356,429.15,33,6153.58
13,45,1,2026-01-04,37375,2466,3465.68,125,10504.16
13,45,1,2026-01-11,27084,907,3683.33,75,18862.15
13,45,1,2026-01-15,10476,247,1143.87,9,2771.41
13,45,1,2026-01-20,18802,1181,2067.23,130,19911.73
13,45,1,2026-01-21,30185,680,679.86,59,15765.91
13,45,1,2026-01-22,16452,1180,1201.99,108,41444.05
13,45,1,2026-01-24,27266,321,535.96,44,12489.25
13,45,1,2026-01-29,48303,3177,10239.66,426,83572.08
13,45,1,2026-02-08,5406,328,1139.0,12,2233.14
13,45,1,2026-02-10,44760,2960,2197.51,405,143691.51
13,45,1,2026-02-11,40133,1843,9092.08,244,41253.86
13,45,1,2026-02-17,2637,53,177.16,2,232.16
13,45,1,2026-02-21,2808,111,219.88,13,1151.1
13,45,1,2026-02-25,36444,1185,2173.02,18,5214.28
13,45,1,2026-02-28,49187,534,1089.66,77,18819.4
13,45,1,2026-03-03,1791,127,405.73,16,3790.47
13,45,1,2026-03-07,30838,2397,10770.49,130,43994.48
13,45,1,2026-03-08,12682,479,1683.01,12,4474.49
13,45,1,2026-03-19,4880,355,623.5,4,1403.67
13,45,1,2026-03-26,49145,3712,17464.33,494,138870.42
13,45,1,2026-03-27,48536,822,1609.45,66,26244.15
13,45,1,2026-03-31,49248,672,2086.24,100,32481.99
13,45,1,2026-04-01,2823,58,254.72,8,1987.6
13,45,1,2026-04-10,27745,1823,2182.32,155,49339.37
13,45,1,2026-04-14,11413,386,1000.28,38,4028.09
13,45,1,2026-04-17,19707,987,4402.82,67,16160.41
13,45,1,2026-04-18,2794,135,408.62,1,352.81
13,45,1,2026-04-19,22009,1731,1801.45,21,6854.86
13,45,1,2026-04-20,47782,1796,8305.96,183,11751.04
13,45,1,2026-04-21,28718,926,2482.01,117,18741.79
13,45,1,2026-04-24,6765,239,947.79,13,2607.78
13,45,1,2026-04-26,41692,1485,7183.17,179,16598.11
13,45,1,2026-04-28,40927,1582,4450.77,169,39241.16
13,45,1,2026-04-29,36381,2832,11873.2,305,36088.82
13,45,1,2026-05-03,40244,2918,10544.93,72,13884.42
13,45,1,2026-05-14,26117,724,955.58,31,4070.38
13,45,1,2026-05-23,40400,956,2649.47,48,3298.46
13,45,1,2026-05-25,30911,1017,2828.7,59,23480.39
13,45,1,2026-06-03,17179,1068,1096.24,148,56285.66
13,45,1,2026-06-05,8831,509,1693.37,16,3681.84
13,45,1,2026-06-09,1387,79,141.8,6,797.63
13,45,1,2026-06-10,35048,614,1803.61,38,4460.88
13,45,1,2026-06-11,47072,1878,7430.01,269,97367.89
13,45,1,2026-06-13,11952,794,1145.07,25,5143.29
13,45,1,2026-06-16,14429,596,1079.05,69,13340.57
13,45,1,2026-06-22,34370,830,1444.82,8,1996.42
13,45,1,2026-06-25,12475,325,1316.51,9,1293.47
13,45,1,2026-07-01,1061,14,58.23,0,0.0
13,45,1,2026-07-02,36263,2179,7849.43,106,26571.92
13,45,1,2026-07-08,25564,1492,5509.09,79,22260.22
13,45,1,2026-07-21,39575,724,1860.55,80,14383.44
13,45,1,2026-07-23,17185,463,1307.35,38,11917.01
13,45,1,2026-08-03,18614,591,1810.55,58,9706.84
13,45,1,2026-08-05,19993,1092,2889.27,55,20942.77
13,45,1,2026-08-06,22468,1632,6928.75,229,81579.83
13,45,1,2026-08-08,8611,441,1772.74,18,1708.15
13,45,1,2026-08-10,49175,2001,3114.11,221,81364.64
13,45,1,2026-08-12,5851,336,236.25,7,537.87
13,45,1,2026-08-18,36523,1152,2964.91,121,46842.95
14,45,2,2025-08-26,3112,92,459.57,5,989.86
14,45,2,2025-09-01,34246,2538,5808.14,225,61339.9
14,45,2,2025-09-02,4936,275,496.36,26,5889.47
14,45,2,2025-09-03,45108,2150,6410.63,188,56891.35
14,45,2,2025-09-08,20947,1284,907.84,152,59710.0
14,45,2,2025-09-09,44196,2933,11591.65,135,6908.88
14,45,2,2025-09-10,23319,264,997.59,20,4212.58
14,45,2,2025-09-11,49617,3902,2166.72,305,69096.9
14,45,2,2025-09-16,2142,83,348.28,9,2153.01
14,45,2,2025-09-20,9968,412,2050.55,6,567.92
14,45,2,2025-09-26,3848,243,258.09,8,1963.7
14,45,2,2025-09-30,22575,1338,4552.57,125,41498.65
14,45,2,2025-10-04,24670,817,753.78,87,22471.13
14,45,2,2025-10-08,47762,1163,1198.55,126,22679.11
14,45,2,2025-10-17,3155,168,229.33,6,851.24
14,45,2,2025-10-23,27123,1899,8071.11,188,67871.44
14,45,2,2025-10-28,32518,1075,4503.29,40,9676.4
14,45,2,2025-11-05,27685,2182,4896.35,219,66433.4
14,45,2,2025-11-08,7202,430,1521.82,61,10889.27
14,45,2,2025-11-09,47676,1012,3681.59,133,21087.08
14,45,2,2025-11-13,1329,66,246.12,4,1148.09
14,45,2,2025-11-23,23900,1774,3825.05,245,48551.31
14,45,2,2025-12-01,9685,364,611.35,10,3902.67
14,45,2,2025-12-03,31980,687,1556.03,76,9582.97
14,45,2,2025-12-04,7797,305,154.42,5,1018.82
14,45,2,2025-12-05,49393,3010,8011.8,233,60434.69
14,45,2,2025-12-07,22149,1690,1724.78,67,5457.28
14,45,2,2025-12-17,27924,1111,3072.26,152,32832.25
14,45,2,2025-12-18,4562,293,1136.4,16,5038.81
14,45,2,2025-12-27,6516,121,160.57,10,3004.8
14,45,2,2025-12-31,29559,2040,9055.13,239,82466.31
14,45,2,2026-01-01,21973,662,3063.27,18,3447.03
14,45,2,2026-01-02,19559,1162,5158.36,34,6447.87
14,45,2,2026-01-04,33558,1072,3755.16,38,14558.73
14,45,2,2026-01-05,47043,2788,10543.54,353,77638.54
14,45,2,2026-01-10,49324,2808,13495.59,70,21985.04
14,45,2,2026-01-11,27555,2114,4174.06,65,21378.84
14,45,2,2026-01-13,21005,1648,7297.04,41,7984.3
14,45,2,2026-01-15,43251,2623,1706.3,302,53279.11
14,45,2,2026-01-16,7227,347,1538.16,36,7115.49
14,45,2,2026-01-25,9687,208,574.72,12,1719.14
14,45,2,2026-01-29,22049,978,1367.59,126,6432.35
14,45,2,2026-02-02,41338,3029,14293.05,281,32416.92
14,45,2,2026-02-07,23617,474,1687.23,20,2544.93
14,45,2,2026-02-12,47733,3021,8674.64,155,33344.24
14,45,2,2026-02-18,7570,312,460.1,7,714.02
14,45,2,2026-02-19,48606,3083,8969.34,200,65074.6
14,45,2,2026-02-22,14806,521,1819.12,17,5711.35
14,45,2,2026-02-23,42353,1878,5963.39,165,14146.04
14,45,2,2026-03-01,14341,845,1391.48,67,6503.23
14,45,2,2026-03-04,39066,2444,3053.18,189,55319.31
14,45,2,2026-03-05,47471,1493,6540.15,87,30196.89
14,45,2,2026-03-07,6044,453,1186.86,67,7031.71
14,45,2,2026-03-11,41601,654,1416.94,35,13490.75
14,45,2,2026-03-12,44252,1856,1324.71,207,17658.7
14,45,2,2026-03-13,2896,78,282.43,8,1167.1
14,45,2,2026-03-14,13756,359,511.94,14,2569.9
14,45,2,2026-03-16,39179,594,2441.03,52,15005.62
14,45,2,2026-03-19,35825,2582,2937.46,204,12032.66
14,45,2,2026-03-24,14871,720,1135.71,45,6855.48
14,45,2,2026-03-27,27400,1506,3038.75,119,11420.11
14,45,2,2026-03-29,3900,160,86.22,16,3813.98
14,45,2,2026-04-01,15659,1104,4659.85,63,6734.39
14,45,2,2026-04-04,23730,337,371.41,27,3568.39
14,45,2,2026-04-06,13737,567,2799.7,55,9565.07
14,45,2,2026-04-07,39076,2522,9389.87,255,51423.59
14,45,2,2026-04-09,44808,2284,9797.37,105,29242.68
14,45,2,2026-04-10,4539,314,1484.26,5,1477.19
14,45,2,2026-04-20,31439,2250,9478.37,137,15742.38
14,45,2,2026-04-22,13552,626,2335.35,21,4412.48
14,45,2,2026-04-23,27057,1193,1536.03,28,4470.27
14,45,2,2026-04-26,19673,1164,1882.83,76,28507.29
14,45,2,2026-05-05,49555,1940,8912.23,280,30684.23
14,45,2,2026-05-08,14857,922,1403.45,35,10361.85
14,45,2,2026-05-10,43290,1811,1775.15,39,5795.92
14,45,2,2026-05-19,38048,2529,6012.87,117,10682.92
14,45,2,2026-05-25,42042,2118,2488.09,24,2080.75
14,45,2,2026-05-28,9838,578,2879.42,7,2430.05
14,45,2,2026-06-05,38462,2326,11318.48,288,17956.04
14,45,2,2026-06-07,26062,337,875.46,31,5062.17
14,45,2,2026-06-11,41907,2257,6935.4,71,24728.77
14,45,2,2026-06-24,45180,1151,3065.0,172,28368.47
14,45,2,2026-06-25,5342,237,984.95,6,1672.77
14,45,2,2026-06-28,9980,488,2090.5,51,18260.86
14,45,2,2026-07-01,18675,552,716.3,49,4366.46
14,45,2,2026-07-02,34875,2007,7161.62,188,65936.86
14,45,2,2026-07-03,23065,511,855.87,69,18574.82
14,45,2,2026-07-14,2716,151,104.14,7,2001.23
14,45,2,2026-07-15,3353,46,50.31,6,1869.42
14,45,2,2026-07-24,15687,1232,2978.66,148,41370.0
14,45,2,2026-07-25,9679,322,816.34,5,1334.58
14,45,2,2026-07-27,29697,2149,8823.25,121,15155.8
14,45,2,2026-08-05,29277,2025,7683.11,138,49831.54
14,45,2,2026-08-09,3816,263,1310.91,37,6807.87
14,45,2,2026-08-10,15547,693,2858.32,77,25078.86
14,45,2,2026-08-12,24730,1950,1556.18,177,70153.76
14,45,2,2026-08-15,4703,117,157.52,16,5379.35
14,45,2,2026-08-16,18546,374,740.94,23,7173.68
15,45,3,2025-08-28,29082,632,1357.37,33,3356.41
15,45,3,2025-09-05,16665,302,648.57,14,1671.74
15,45,3,2025-09-06,35441,1971,7864.17,45,6984.42
15,45,3,2025-09-07,36817,2637,12682.23,169,60370.87
15,45,3,2025-09-10,18458,502,2338.22,30,8030.66
15,45,3,2025-09-11,19187,988,3479.1,52,15108.73
15,45,3,2025-09-24,17236,742,3181.0,110,36103.01
15,45,3,2025-09-25,45107,3585,16621.6,378,130234.39
15,45,3,2025-09-28,1388,14,57.01,1,386.76
15,45,3,2025-09-29,32924,827,3365.61,39,13920.33
15,45,3,2025-09-30,48336,1391,3741.25,106,16506.16
15,45,3,2025-10-05,25720,1421,969.1,87,12370.38
15,45,3,2025-10-06,47783,3332,15031.93,498,189422.52
15,45,3,2025-10-09,21630,535,2314.2,46,14109.38
15,45,3,2025-10-21,34266,682,1334.89,36,11884.87
15,45,3,2025-10-23,35359,1906,8058.67,163,38417.65
15,45,3,2025-10-30,3525,155,187.81,17,5260.51
15,45,3,2025-11-02,4571,214,532.74,6,1170.79
15,45,3,2025-11-05,21018,1398,5043.64,35,7737.29
15,45,3,2025-11-07,6629,138,417.58,6,403.6
15,45,3,2025-11-09,1610,31,96.22,2,354.68
15,45,3,2025-11-21,33752,953,3663.45,39,7524.84
15,45,3,2025-11-23,25296,711,2468.24,17,969.18
15,45,3,2025-11-24,4321,257,614.91,5,1566.83
15,45,3,2025-11-30,47486,1420,5317.4,57,20363.13
15,45,3,2025-12-04,30565,1565,4106.62,180,71187.21
15,45,3,2025-12-05,43646,1932,5577.37,205,12937.49
15,45,3,2025-12-07,48792,3808,9888.52,399,88685.87
15,45,3,2025-12-09,18986,1018,5078.34,150,26069.96
15,45,3,2025-12-12,13379,450,1916.48,53,11781.2
15,45,3,2025-12-14,9113,647,1099.06,26,3550.31
15,45,3,2025-12-17,36252,2647,8887.45,356,134358.66
15,45,3,2025-12-22,19004,1366,741.52,49,9712.93
15,45,3,2025-12-25,1015,24,56.08,2,528.35
15,45,3,2025-12-29,4582,74,129.27,4,537.59
15,45,3,2026-01-01,31492,1441,6841.12,202,35562.25
15,45,3,2026-01-04,28170,736,1107.87,73,13470.15
15,45,3,2026-01-05,8375,596,2611.13,38,2657.87
15,45,3,2026-01-06,6727,107,139.98,4,1552.48
15,45,3,2026-01-14,11547,385,1769.5,36,10323.81
15,45,3,2026-01-15,36310,1059,1952.35,140,38110.5
15,45,3,2026-01-16,27738,937,3446.76,101,21457.87
15,45,3,2026-01-25,43980,3016,8995.49,236,93331.47
15,45,3,2026-01-29,30789,2338,1425.7,132,7600.37
15,45,3,2026-01-30,45683,2785,12245.36,181,53815.13
15,45,3,2026-02-11,24199,939,3086.98,75,26641.62
15,45,3,2026-02-13,8138,501,1926.88,39,3546.13
15,45,3,2026-02-17,6087,132,621.14,9,1719.85
15,45,3,2026-02-18,49915,2926,6410.38,312,55725.73
15,45,3,2026-02-19,6306,266,922.8,31,10995.41
15,45,3,2026-02-23,21246,1093,1437.12,16,3536.59
15,45,3,2026-02-25,30289,1094,2822.58,40,12750.14
15,45,3,2026-03-07,7119,518,1827.31,62,13248.64
15,45,3,2026-03-13,44970,1812,2266.25,211,26734.33
15,45,3,2026-03-14,26191,495,1423.66,5,1491.66
15,45,3,2026-03-18,35283,1089,5160.1,160,54194.49
15,45,3,2026-03-19,31173,2486,5447.56,332,36264.32
15,45,3,2026-03-21,9955,671,2462.8,48,17156.91
15,45,3,2026-03-22,37024,996,1934.03,62,7521.73
15,45,3,2026-03-24,2365,100,113.97,3,546.42
15,45,3,2026-03-25,45649,506,510.83,7,681.84
15,45,3,2026-03-29,45974,1254,4071.8,83,22606.91
15,45,3,2026-04-03,22137,370,1643.25,10,2555.86
15,45,3,2026-04-04,12648,749,2980.4,20,5555.64
15,45,3,2026-04-06,5617,78,323.53,5,1042.35
15,45,3,2026-04-07,47176,2853,11815.17,237,33719.3
15,45,3,2026-04-08,49056,1067,3304.31,44,9274.4
15,45,3,2026-04-12,25833,1797,1696.41,81,7889.9
15,45,3,2026-04-15,48566,1536,6783.05,131,11328.67
15,45,3,2026-04-22,31899,1613,5365.88,37,12937.42
15,45,3,2026-04-26,48201,3731,7070.4,45,13824.16
15,45,3,2026-04-27,24915,1987,2253.32,287,104965.86
15,45,3,2026-05-04,48645,2665,4065.89,344,107459.3
15,45,3,2026-05-14,23214,1676,1784.45,122,24170.38
15,45,3,2026-05-19,12206,666,1056.86,87,23595.79
15,45,3,2026-05-20,12660,934,2823.09,52,14246.25
15,45,3,2026-05-26,24632,472,749.89,15,3989.52
15,45,3,2026-06-01,26479,1463,4918.04,37,13851.53
15,45,3,2026-06-06,34012,999,4973.78,68,15340.66
15,45,3,2026-06-20,7874,113,542.77,11,4243.55
15,45,3,2026-06-25,16285,1081,3741.97,61,11081.79
15,45,3,2026-06-26,21357,443,860.44,61,15095.89
15,45,3,2026-06-30,8621,468,677.95,14,1413.86
15,45,3,2026-07-06,23244,1461,4816.24,134,30352.34
15,45,3,2026-07-08,11411,806,3426.89,56,15494.45
15,45,3,2026-07-16,43039,1034,854.91,17,4491.86
15,45,3,2026-07-17,32600,1772,1091.19,263,40391.68
15,45,3,2026-07-26,41959,1822,2676.95,20,3211.76
15,45,3,2026-08-01,21529,239,135.43,3,380.33
15,45,3,2026-08-06,12989,946,3450.26,114,10654.31
15,45,3,2026-08-07,11128,196,755.34,12,701.22
15,45,3,2026-08-09,11158,607,421.23,90,5342.91
15,45,3,2026-08-10,7129,120,491.23,12,1921.83
15,45,3,2026-08-14,8305,539,2331.99,15,3141.42
15,45,3,2026-08-17,8109,604,1498.03,76,16989.44
15,45,3,2026-08-18,8381,111,153.06,14,3885.97
16,91,1,2025-08-21,6063,259,814.18,38,10179.73
16,91,1,2025-08-23,41245,1084,1004.63,158,31452.1
16,91,1,2025-08-24,42461,3063,12169.0,159,49324.89
16,91,1,2025-08-28,15065,348,1427.3,23,8528.63
16,91,1,2025-08-29,48379,1767,7201.5,218,65424.02
16,91,1,2025-08-30,12502,947,3274.96,47,5194.35
16,91,1,2025-09-05,48197,2585,3698.47,324,85990.0
16,91,1,2025-09-11,7413,355,1561.77,26,6811.05
16,91,1,2025-09-17,27745,2121,9135.22,275,76522.61
16,91,1,2025-09-18,27485,2064,4918.46,87,28379.68
16,91,1,2025-09-21,46638,2465,4626.67,78,20920.18
16,91,1,2025-10-02,31134,2342,5580.08,204,74885.13
16,91,1,2025-10-09,1263,77,38.81,7,720.62
16,91,1,2025-10-11,19389,475,2311.87,13,4690.91
16,91,1,2025-10-13,14807,762,2637.3,61,18703.44
16,91,1,2025-10-15,23544,1794,7058.5,65,4766.36
16,91,1,2025-10-18,16706,290,262.68,4,1123.24
16,91,1,2025-10-30,30496,1544,4029.32,25,4255.28
16,91,1,2025-10-31,49362,3635,7866.31,442,26998.67
16,91,1,2025-11-01,17057,1044,5037.83,71,12680.19
16,91,1,2025-11-15,25725,704,2866.07,55,2885.59
16,91,1,2025-11-19,18057,498,1855.83,33,2338.75
16,91,1,2025-11-24,6919,100,286.59,2,422.72
16,91,1,2025-11-30,25964,1967,8857.08,187,9431.44
16,91,1,2025-12-05,26860,566,1278.5,29,7531.48
16,91,1,2025-12-10,47476,3213,4812.6,198,39612.87
16,91,1,2025-12-14,23993,717,867.45,34,2901.03
16,91,1,2025-12-18,8773,352,620.19,18,4891.57
16,91,1,2025-12-23,29368,1917,8188.29,147,19311.29
16,91,1,2025-12-28,2596,87,235.72,9,2910.51
16,91,1,2026-01-04,29967,1363,3021.61,104,11120.11
16,91,1,2026-01-05,5102,138,566.06,16,1910.92
16,91,1,2026-01-07,49765,1379,4062.42,28,6609.73
16,91,1,2026-01-16,3775,113,402.26,2,608.13
16,91,1,2026-01-18,20292,1067,4085.81,63,13426.95
16,91,1,2026-01-19,2450,85,208.32,5,1356.72
16,91,1,2026-01-22,27618,873,1084.18,72,27033.22
16,91,1,2026-01-26,45891,1751,3142.0,82,31456.06
16,91,1,2026-01-27,33294,1810,1483.6,62,12390.94
16,91,1,2026-02-02,33639,2358,4568.96,118,19423.32
16,91,1,2026-02-04,47750,508,1879.49,39,11514.41
16,91,1,2026-02-08,23385,1563,4051.24,37,12809.68
16,91,1,2026-02-13,45568,903,640.7,20,3054.03
16,91,1,2026-02-16,8353,358,1267.32,22,2436.81
16,91,1,2026-02-19,47238,2783,2962.14,404,130348.55
16,91,1,2026-02-21,46018,2825,13662.55,128,10106.08
16,91,1,2026-02-25,45949,1988,3775.39,92,17463.23
16,91,1,2026-02-26,47315,892,4300.81,17,3830.79
16,91,1,2026-03-04,33991,1878,7894.11,257,79945.2
16,91,1,2026-03-07,45890,3533,8186.0,372,102404.7
16,91,1,2026-03-08,15581,393,1278.5,15,1361.53
16,91,1,2026-03-21,11683,403,1339.64,32,6998.6
16,91,1,2026-03-30,2869,145,306.22,3,784.97
16,91,1,2026-03-31,2559,103,181.81,1,152.68
16,91,1,2026-04-05,46456,2857,5765.59,274,43144.64
16,91,1,2026-04-09,46649,3009,10057.99,124,38399.39
16,91,1,2026-04-10,13929,782,3421.05,18,5495.07
16,91,1,2026-04-14,29160,1516,7080.06,69,13071.64
16,91,1,2026-04-22,48417,690,2336.27,49,9519.04
16,91,1,2026-04-23,40029,1493,3324.0,60,4983.18
16,91,1,2026-04-26,1944,136,75.76,1,264.03
16,91,1,2026-04-30,25391,1716,3653.97,121,10940.98
16,91,1,2026-05-01,33100,2160,7374.59,269,105404.1
16,91,1,2026-05-03,25253,1894,1155.5,186,63713.34
16,91,1,2026-05-05,21710,1470,5297.51,187,34467.11
16,91,1,2026-05-12,16421,438,1347.34,14,4257.24
16,91,1,2026-05-13,32811,751,515.22,85,33433.34
16,91,1,2026-05-16,48565,2992,12885.81,448,95392.05
16,91,1,2026-05-23,2616,188,866.42,2,784.45
16,91,1,2026-05-26,34487,1971,8964.67,86,7972.2
16,91,1,2026-05-29,26920,913,3586.64,71,19402.25
16,91,1,2026-06-07,36306,1794,7469.64,163,26799.45
16,91,1,2026-06-10,27636,1421,4923.05,123,17860.01
16,91,1,2026-06-13,11895,424,1690.68,57,8482.11
16,91,1,2026-06-17,17202,1098,2950.79,29,11296.59
16,91,1,2026-06-29,26241,860,1523.81,120,44300.89
16,91,1,2026-07-02,26561,945,782.86,131,28343.06
16,91,1,2026-07-11,36145,2698,9022.08,269,87322.0
16,91,1,2026-07-12,49820,2702,11240.97,82,12726.31
16,91,1,2026-07-13,34724,1698,2038.34,154,40168.24
16,91,1,2026-07-16,22266,693,1825.88,8,606.84
16,91,1,2026-07-17,38062,640,320.52,59,7314.66
16,91,1,2026-07-18,1810,40,191.31,0,0.0
16,91,1,2026-07-23,34530,1298,4915.6,69,16381.19
16,91,1,2026-07-30,17335,661,2382.55,93,30992.47
16,91,1,2026-08-03,47461,1364,6493.09,75,7746.06
16,91,1,2026-08-08,8218,192,943.51,28,2167.83
16,91,1,2026-08-12,25838,263,749.26,14,2793.94
16,91,1,2026-08-15,16604,1131,2826.91,38,14599.64
16,91,1,2026-08-18,4163,119,85.51,17,1729.7
17,91,2,2025-08-19,47787,1176,5817.51,154,55540.37
17,91,2,2025-08-21,32582,580,410.54,46,14660.51
17,91,2,2025-08-24,48922,2965,5479.07,280,38172.31
17,91,2,2025-09-12,35096,976,3544.87,37,6938.66
17,91,2,2025-09-23,13565,287,1255.22,18,7086.1
17,91,2,2025-09-25,46004,1534,1820.1,21,6032.44
17,91,2,2025-09-26,6203,271,1214.52,29,10281.94
17,91,2,2025-09-28,19645,313,1251.1,14,2559.24
17,91,2,2025-10-01,23423,1071,2162.4,63,17371.93
17,91,2,2025-10-16,19297,951,1424.13,135,45835.09
17,91,2,2025-10-18,6765,332,651.54,25,9513.36
17,91,2,2025-10-27,29354,771,3665.91,57,11200.55
17,91,2,2025-10-28,20550,1408,3092.33,29,7781.15
17,91,2,2025-11-01,38422,710,895.43,54,20566.17
17,91,2,2025-11-05,12899,968,1289.12,103,39927.24
17,91,2,2025-11-06,49460,1269,1899.73,33,9152.32
17,91,2,2025-11-10,26328,866,2961.53,92,21186.7
17,91,2,2025-11-12,45962,875,3678.68,109,20289.52
17,91,2,2025-11-13,11814,423,307.08,42,8712.99
17,91,2,2025-11-18,41221,1500,2514.33,148,26269.11
17,91,2,2025-11-20,24089,1355,2389.01,88,22600.95
17,91,2,2025-11-21,5518,98,69.97,3,677.43
17,91,2,2025-11-24,49819,3244,4439.92,101,28546.97
17,91,2,2025-12-02,38083,871,1129.53,22,5675.8
17,91,2,2025-12-04,38083,843,2898.84,31,6079.1
17,91,2,2025-12-06,36893,2251,4958.66,24,4024.94
17,91,2,2025-12-12,19689,1162,3146.13,50,11437.57
17,91,2,2025-12-15,36987,922,1690.95,15,5705.73
17,91,2,2025-12-17,13483,904,2395.34,31,4489.21
17,91,2,2025-12-21,46942,487,476.62,67,13511.67
17,91,2,2025-12-22,43658,3039,4407.96,333,88344.06
17,91,2,2025-12-28,30357,1481,5735.15,136,8622.66
17,91,2,2025-12-29,1798,31,17.65,2,225.06
17,91,2,2026-01-07,33503,2076,6259.92,83,19813.31
17,91,2,2026-01-11,3723,242,963.27,6,633.61
17,91,2,2026-01-14,29135,2037,6417.98,117,27409.27
17,91,2,2026-01-17,8586,682,1266.59,95,15411.69
17,91,2,2026-01-21,6708,456,300.23,19,3774.27
17,91,2,2026-01-26,35232,2065,1569.75,165,65471.91
17,91,2,2026-01-30,34578,1988,5461.57,279,34724.92
17,91,2,2026-02-02,29820,607,2851.79,50,11334.27
17,91,2,2026-02-10,5474,82,346.45,5,1156.95
17,91,2,2026-02-11,33723,1622,7651.31,23,1231.27
17,91,2,2026-02-12,1166,46,217.65,4,1123.23
17,91,2,2026-02-25,30386,2244,5622.35,65,19809.89
17,91,2,2026-02-27,48078,2263,2123.78,203,11240.5
17,91,2,2026-03-07,8212,114,320.84,7,1642.34
17,91,2,2026-03-09,45738,2592,3673.68,292,65329.21
17,91,2,2026-03-16,26483,2054,3852.82,208,20406.18
17,91,2,2026-03-21,46932,3589,6058.42,416,114732.53
17,91,2,2026-03-26,38111,2138,6316.14,316,114129.64
17,91,2,2026-04-03,44791,953,3829.39,102,8256.34
17,91,2,2026-04-16,21894,229,231.22,30,7104.08
17,91,2,2026-04-19,30307,1891,8978.09,78,18398.64
17,91,2,2026-04-23,45164,2065,2764.39,125,39091.63
17,91,2,2026-05-04,12117,799,1924.31,79,11884.85
17,91,2,2026-05-05,15451,740,648.32,108,20934.32
17,91,2,2026-05-08,9876,225,455.15,25,7026.26
17,91,2,2026-05-10,36294,1879,6904.67,215,40921.91
17,91,2,2026-05-12,18866,515,1517.08,11,2338.37
17,91,2,2026-05-13,43608,1068,5301.06,61,9114.27
17,91,2,2026-05-14,15135,448,1242.8,59,22944.46
17,91,2,2026-05-20,25333,1815,6204.62,244,62990.02
17,91,2,2026-05-21,17016,1352,1209.91,106,24643.0
17,91,2,2026-05-24,33605,1874,7118.2,29,2436.22
17,91,2,2026-06-01,46002,893,1877.6,47,16828.18
17,91,2,2026-06-04,45487,1028,3803.53,113,26798.63
17,91,2,2026-06-05,29099,563,2552.93,10,847.59
17,91,2,2026-06-06,18633,427,2091.84,7,1026.1
17,91,2,2026-06-18,22798,538,1287.25,72,17004.24
17,91,2,2026-06-20,26371,2036,4048.45,267,76758.52
17,91,2,2026-06-23,44701,551,483.21,59,12989.85
17,91,2,2026-06-24,40123,1173,4061.56,99,16601.96
17,91,2,2026-06-25,18705,294,1218.86,6,1200.35
17,91,2,2026-06-28,24820,250,856.76,3,370.91
17,91,2,2026-07-01,23755,1406,3314.23,38,8218.89
17,91,2,2026-07-06,45216,2881,13927.96,272,102050.21
17,91,2,2026-07-09,26429,315,891.18,17,1109.01
17,91,2,2026-07-16,20813,357,1689.92,17,4396.26
17,91,2,2026-07-17,6375,101,443.66,1,183.23
17,91,2,2026-07-18,8983,644,2524.1,38,9685.34
17,91,2,2026-07-19,47661,1309,4893.66,18,1730.67
17,91,2,2026-07-21,39822,2993,1554.86,127,25888.15
17,91,2,2026-07-28,35953,1539,2303.7,126,34668.47
17,91,2,2026-07-30,13438,873,2767.39,39,14088.31
17,91,2,2026-08-01,16536,525,444.8,12,3896.5
17,91,2,2026-08-06,20146,503,1892.79,26,3778.76
17,91,2,2026-08-08,40474,1875,3555.48,33,6816.43
17,91,2,2026-08-10,4884,380,1034.47,38,2104.05
18,91,3,2025-08-22,1959,60,223.66,3,304.57
18,91,3,2025-08-23,20923,1063,4124.04,155,41349.86
18,91,3,2025-08-24,35398,2339,5934.17,80,9264.28
18,91,3,2025-08-26,24777,1262,1823.64,123,39325.56
18,91,3,2025-09-01,21704,993,3647.28,69,24617.48
18,91,3,2025-09-11,8292,633,2080.21,26,4794.84
18,91,3,2025-09-15,40683,993,3518.76,16,5395.84
18,91,3,2025-09-16,21442,587,2033.94,54,20587.71
18,91,3,2025-09-24,6481,205,508.08,8,2101.2
18,91,3,2025-10-03,9182,655,2879.99,93,8743.86
18,91,3,2025-10-04,14173,1000,2101.47,117,33533.6
18,91,3,2025-10-07,28668,1950,9204.78,236,84371.65
18,91,3,2025-10-08,13850,444,440.12,49,4785.33
18,91,3,2025-10-09,45978,728,1172.18,76,25241.74
18,91,3,2025-10-14,25988,1426,4439.01,159,54712.22
18,91,3,2025-10-16,24519,272,297.38,12,3628.35
18,91,3,2025-10-21,35326,1908,6864.11,33,2492.89
18,91,3,2025-10-22,41789,2603,8436.75,113,12446.8
18,91,3,2025-10-23,13711,573,1606.08,12,2208.67
18,91,3,2025-10-28,48171,3211,14865.95,174,9739.28
18,91,3,2025-10-31,46665,1451,6697.26,58,20381.44
18,91,3,2025-11-01,7306,318,459.67,32,7390.98
18,91,3,2025-11-02,48473,815,1593.66,80,23900.9
18,91,3,2025-11-14,10899,634,3149.87,86,19976.83
18,91,3,2025-12-06,17087,925,2920.35,110,7306.02
18,91,3,2025-12-09,6701,114,145.8,12,2705.09
18,91,3,2025-12-17,25709,1982,1121.5,86,13813.64
18,91,3,2025-12-20,41355,547,693.42,36,6280.56
18,91,3,2025-12-22,1748,88,367.57,7,1930.32
18,91,3,2025-12-28,29374,2020,2219.58,228,54145.78
18,91,3,2026-01-05,38140,1031,2614.72,106,37839.47
18,91,3,2026-01-06,19659,422,1994.66,23,1964.35
18,91,3,2026-01-10,25569,1689,3741.71,56,18078.89
18,91,3,2026-01-14,37142,2309,4755.81,121,33299.49
18,91,3,2026-01-24,14494,544,1248.78,20,3107.09
18,91,3,2026-01-26,13948,385,1336.68,10,1157.38
18,91,3,2026-01-28,19872,872,4086.26,64,18254.93
18,91,3,2026-02-02,36176,2771,5822.49,197,56136.03
18,91,3,2026-02-07,26654,1082,670.27,102,20367.63
18,91,3,2026-02-08,30312,1712,1655.84,176,36787.76
18,91,3,2026-02-14,34044,1232,4698.57,134,49325.47
18,91,3,2026-02-19,24477,518,2175.32,30,10121.51
18,91,3,2026-02-20,36873,1125,4949.6,125,42736.07
18,91,3,2026-02-23,35629,2078,3961.1,234,56782.23
18,91,3,2026-02-26,41857,2625,9879.51,96,32821.94
18,91,3,2026-02-27,29935,1672,7810.16,157,51756.73
18,91,3,2026-03-11,21114,424,1744.88,9,2370.33
18,91,3,2026-03-14,2223,92,88.28,9,3271.95
18,91,3,2026-03-18,1005,30,72.56,1,206.1
18,91,3,2026-03-19,12008,687,2054.97,7,2404.45
18,91,3,2026-03-23,5529,269,1041.08,3,440.16
18,91,3,2026-03-28,1552,99,67.98,9,1452.4
18,91,3,2026-03-29,34443,1772,8515.93,214,36585.22
18,91,3,2026-03-30,31319,1833,7189.27,48,7371.13
18,91,3,2026-04-01,39434,1255,2899.66,30,3050.59
18,91,3,2026-04-03,37941,427,1982.38,34,4398.3
18,91,3,2026-04-04,29647,1843,5152.01,262,25927.58
18,91,3,2026-04-05,47534,2353,5968.75,174,44609.69
18,91,3,2026-04-07,14408,842,2055.43,111,40727.03
18,91,3,2026-04-08,4704,154,470.7,3,931.62
18,91,3,2026-04-22,18219,775,2222.4,43,2973.17
18,91,3,2026-04-24,40701,3220,9300.77,288,98685.61
18,91,3,2026-05-04,10339,659,1385.21,30,6690.67
18,91,3,2026-05-07,44331,1303,2817.93,96,30826.59
18,91,3,2026-05-12,33154,2480,4676.84,224,36431.53
18,91,3,2026-05-15,18716,1164,2828.32,60,5722.23
18,91,3,2026-05-19,23540,1758,2216.54,261,78531.42
18,91,3,2026-05-20,4986,241,189.81,8,716.47
18,91,3,2026-05-24,29935,739,1647.44,8,2928.8
18,91,3,2026-05-25,16037,1106,4494.28,141,52161.21
18,91,3,2026-05-30,24923,1469,5427.47,171,12571.28
18,91,3,2026-06-02,6749,507,860.36,9,2163.18
18,91,3,2026-06-06,5521,286,1041.93,37,12727.9
18,91,3,2026-06-13,38813,1082,2722.73,160,40101.48
18,91,3,2026-06-17,37070,2357,10639.2,134,31450.95
18,91,3,2026-06-24,35687,462,1875.68,54,8803.62
18,91,3,2026-07-02,26131,1242,5365.02,185,73105.03
18,91,3,2026-07-03,25107,715,2169.96,78,19867.37
18,91,3,2026-07-09,23846,325,866.07,20,2433.96
18,91,3,2026-07-16,24457,972,1497.71,100,22460.67
18,91,3,2026-07-23,20826,329,205.68,27,4535.81
18,91,3,2026-07-25,6797,218,328.29,31,10257.96
18,91,3,2026-07-30,5379,110,125.26,8,2199.45
18,91,3,2026-07-31,29363,1426,4881.2,21,8113.16
18,91,3,2026-08-05,33279,1310,5707.15,137,30826.24
18,91,3,2026-08-08,1332,17,32.0,2,760.84
18,91,3,2026-08-09,8744,576,2758.7,16,6280.71
18,91,3,2026-08-10,11183,717,2908.85,80,18821.84
18,91,3,2026-08-18,29806,705,1878.48,27,1572.39
19,81,1,2025-08-21,23993,245,1105.43,27,2976.08
19,81,1,2025-08-25,3751,178,781.52,21,3414.81
19,81,1,2025-08-26,29918,1009,1890.67,15,3018.34
19,81,1,2025-08-27,15996,480,2209.46,35,11595.64
19,81,1,2025-08-31,27833,1349,1595.77,48,10209.7
19,81,1,2025-09-04,27174,1885,2322.76,194,38118.05
19,81,1,2025-09-06,24902,1913,2901.51,34,8245.59
19,81,1,2025-09-15,38473,1684,1856.34,79,5195.23
19,81,1,2025-09-26,5383,310,356.28,45,14387.59
19,81,1,2025-09-28,23479,923,488.09,102,19863.74
19,81,1,2025-09-29,22899,1598,4142.18,58,12979.03
19,81,1,2025-09-30,3668,160,95.22,18,2140.56
19,81,1,2025-10-02,45545,2931,4603.92,319,96434.89
19,81,1,2025-10-09,22650,1675,2237.99,91,33165.47
19,81,1,2025-10-12,38112,1141,4942.79,82,24711.1
19,81,1,2025-10-13,23622,707,2334.9,66,22672.85
19,81,1,2025-10-19,48448,2595,11440.97,136,53644.91
19,81,1,2025-10-22,31689,1985,8400.08,271,65312.88
19,81,1,2025-10-29,33028,2513,7798.62,54,3293.88
19,81,1,2025-10-30,44406,728,734.33,39,2123.03
19,81,1,2025-10-31,8628,523,1479.99,34,7072.07
19,81,1,2025-11-08,41609,1698,2760.44,48,9164.21
19,81,1,2025-11-10,15060,314,712.75,13,3725.77
19,81,1,2025-11-11,39313,1886,4322.33,213,12515.33
19,81,1,2025-11-13,16856,1178,3727.0,125,43486.96
19,81,1,2025-11-14,19543,203,822.93,27,3001.27
19,81,1,2025-11-22,2415,49,118.61,2,725.71
19,81,1,2025-11-28,10167,262,179.79,8,529.36
19,81,1,2025-12-01,46227,2033,8327.8,199,17243.07
19,81,1,2025-12-10,7362,361,1657.69,32,7312.79
19,81,1,2025-12-12,26153,1101,2864.69,73,19496.41
19,81,1,2025-12-14,35416,483,1072.23,69,9679.15
19,81,1,2025-12-16,7917,144,156.83,17,5366.7
19,81,1,2025-12-17,21505,618,1603.41,82,4744.72
19,81,1,2025-12-19,34782,880,2058.17,102,22085.82
19,81,1,2025-12-26,37342,2791,1851.34,218,61317.63
19,81,1,2026-01-13,4390,54,202.77,1,89.1
19,81,1,2026-01-17,8242,582,2752.43,45,8716.43
19,81,1,2026-01-20,26572,788,568.06,10,3759.76
19,81,1,2026-01-25,45626,1295,5771.41,193,29229.67
19,81,1,2026-01-28,49513,2289,1855.17,134,31221.02
19,81,1,2026-01-29,6826,491,1158.89,5,764.93
19,81,1,2026-01-30,26290,1654,4529.88,59,4146.97
19,81,1,2026-02-04,7599,440,596.85,37,7298.57
19,81,1,2026-02-10,22279,994,4726.05,54,13873.94
19,81,1,2026-02-21,33393,1724,928.86,33,10342.99
19,81,1,2026-02-24,3053,84,177.44,3,862.7
19,81,1,2026-02-25,40665,2182,8913.23,22,4567.46
19,81,1,2026-03-02,7384,132,146.14,5,1444.25
19,81,1,2026-03-03,19805,939,3320.97,105,5558.76
19,81,1,2026-03-04,30278,316,1450.46,24,3365.24
19,81,1,2026-03-08,29062,1842,1542.76,243,87473.42
19,81,1,2026-03-10,49353,820,797.74,23,6099.94
19,81,1,2026-03-11,22327,968,2709.01,136,36844.34
19,81,1,2026-03-22,13549,1069,1514.31,78,11308.86
19,81,1,2026-03-26,38607,2172,10553.95,78,18731.02
19,81,1,2026-03-29,18776,1233,4604.31,51,2564.93
19,81,1,2026-03-31,47418,2628,5618.45,54,17965.65
19,81,1,2026-04-09,30252,784,3350.53,19,3348.15
19,81,1,2026-04-15,16860,424,1317.1,34,5865.9
19,81,1,2026-04-16,13708,916,3150.79,102,22530.68
19,81,1,2026-04-18,21375,958,2267.79,132,34838.61
19,81,1,2026-04-26,35407,1246,1368.52,61,23522.37
19,81,1,2026-04-28,17620,791,1870.6,109,42612.48
19,81,1,2026-04-29,45055,711,1434.65,83,26722.92
19,81,1,2026-05-01,5110,361,679.5,27,6262.19
19,81,1,2026-05-02,9583,668,576.06,92,32649.86
19,81,1,2026-05-04,20893,1110,1054.25,97,33369.47
19,81,1,2026-05-09,17813,746,2045.98,57,18976.19
19,81,1,2026-05-13,42895,1826,8364.65,131,47944.86
19,81,1,2026-05-15,46935,534,1505.95,34,10906.38
19,81,1,2026-05-19,35076,2423,8892.75,229,66369.58
19,81,1,2026-05-20,49130,3924,17305.19,426,65108.47
19,81,1,2026-05-23,29975,446,2136.29,40,5432.81
19,81,1,2026-05-29,46334,1777,6276.42,141,23863.41
19,81,1,2026-06-03,35092,585,762.68,39,12024.39
19,81,1,2026-06-09,33355,1817,3350.46,63,11636.65
19,81,1,2026-06-10,7163,374,298.12,42,8992.79
19,81,1,2026-06-16,37376,846,1808.53,37,9266.92
19,81,1,2026-06-19,24457,311,1092.3,42,8117.98
19,81,1,2026-06-21,46572,1771,3180.68,128,9643.2
19,81,1,2026-06-25,25949,269,711.7,27,1481.2
19,81,1,2026-06-28,12345,956,4281.78,64,11036.56
19,81,1,2026-06-29,10923,856,1016.76,71,15185.85
19,81,1,2026-07-03,14331,837,3230.88,100,22580.43
19,81,1,2026-07-05,41914,1110,1906.25,25,2933.43
19,81,1,2026-07-09,14127,304,1516.06,24,3884.26
19,81,1,2026-07-12,44743,1453,5329.87,147,27775.7
19,81,1,2026-07-16,34375,509,746.06,29,9388.43
19,81,1,2026-07-22,28807,927,2619.67,83,9780.3
19,81,1,2026-07-23,16695,1020,4361.97,143,22578.47
19,81,1,2026-08-07,6105,253,1234.78,35,9240.33
19,81,1,2026-08-13,41387,2999,9318.17,73,11592.54
19,81,1,2026-08-14,35830,709,2435.48,14,5470.26
19,81,1,2026-08-18,16825,1239,2571.13,70,23584.04
20,81,2,2025-08-19,27783,1543,7629.66,54,3667.17
20,81,2,2025-08-26,14787,1011,3974.03,106,39107.33
20,81,2,2025-08-28,27108,1707,8016.9,194,37263.14
20,81,2,2025-08-29,40804,917,1978.16,95,16419.55
20,81,2,2025-09-05,15422,1211,4860.92,39,3466.1
20,81,2,2025-09-08,18990,380,1260.75,31,7798.87
20,81,2,2025-09-12,3894,307,382.38,23,3867.79
20,81,2,2025-09-15,48993,1967,6970.57,174,60459.48
20,81,2,2025-09-21,36431,2114,8162.65,111,24004.1
20,81,2,2025-09-22,46196,661,1996.71,64,23721.08
20,81,2,2025-09-25,19583,369,739.91,15,2247.19
20,81,2,2025-09-26,9162,111,442.95,9,1499.52
20,81,2,2025-09-29,21968,815,2291.4,65,24990.72
20,81,2,2025-09-30,12784,163,341.56,18,2393.54
20,81,2,2025-10-01,40886,2343,9175.47,251,86819.46
20,81,2,2025-10-02,16308,353,1346.33,35,5641.34
20,81,2,2025-10-05,17114,702,2014.37,35,12830.25
20,81,2,2025-10-09,11147,626,1927.08,86,12722.24
20,81,2,2025-10-10,41316,2415,7381.74,197,25561.16
20,81,2,2025-10-11,12876,538,1613.01,75,17703.29
20,81,2,2025-10-13,43254,1680,4431.65,64,5422.85
20,81,2,2025-10-20,25592,1524,3076.59,119,35471.26
20,81,2,2025-10-21,45269,1936,8416.05,64,8387.11
20,81,2,2025-10-27,23905,1015,1346.29,112,29429.6
20,81,2,2025-10-30,45678,2472,9236.48,248,22744.89
20,81,2,2025-11-03,35518,2693,2713.45,272,54551.69
20,81,2,2025-11-05,16913,700,2956.73,27,5265.38
20,81,2,2025-11-10,46653,1710,6729.3,140,39195.23
20,81,2,2025-11-12,28191,1433,6976.76,178,19426.71
20,81,2,2025-11-20,25648,1337,5727.34,109,38621.65
20,81,2,2025-11-22,2591,191,161.52,15,4460.43
20,81,2,2025-11-23,36697,1970,5755.29,233,36177.62
20,81,2,2025-11-24,23837,619,2880.72,33,8204.23
20,81,2,2025-11-25,38681,1704,4675.6,163,25866.73
20,81,2,2025-11-29,12752,813,2972.22,36,11681.62
20,81,2,2025-12-10,32064,1452,3347.28,161,61809.84
20,81,2,2025-12-16,14465,867,1929.36,107,5443.95
20,81,2,2025-12-21,9685,324,821.09,18,3885.8
20,81,2,2026-01-01,32715,1134,813.69,103,11491.53
20,81,2,2026-01-09,27858,463,436.09,21,4960.58
20,81,2,2026-01-10,24671,1721,8385.4,27,9395.75
20,81,2,2026-01-15,48642,2223,1861.79,281,23703.62
20,81,2,2026-01-24,42620,1351,3024.07,86,26398.78
20,81,2,2026-01-26,29240,2241,7870.79,289,62825.03
20,81,2,2026-01-27,26616,1520,4216.71,153,54104.01
20,81,2,2026-02-01,24664,1443,3484.33,96,30311.45
20,81,2,2026-02-02,39157,1660,6173.58,167,26248.89
20,81,2,2026-02-03,32401,1211,2989.38,126,26302.48
20,81,2,2026-02-06,45220,2826,4795.48,165,50003.28
20,81,2,2026-02-08,27108,1204,1908.3,59,18153.31
20,81,2,2026-02-11,41792,2889,3271.57,51,12115.24
20,81,2,2026-02-14,7157,431,365.52,21,8118.45
20,81,2,2026-02-15,7500,532,1697.67,68,14568.58
20,81,2,2026-02-22,33925,622,1771.99,56,18790.53
20,81,2,2026-02-23,44154,2753,3530.21,178,56210.53
20,81,2,2026-02-28,2446,88,430.31,0,0.0
20,81,2,2026-03-03,6298,170,703.48,16,3089.54
20,81,2,2026-03-17,41396,1646,4815.66,68,10491.59
20,81,2,2026-03-18,37228,2702,11237.5,88,28648.22
20,81,2,2026-03-21,3852,289,194.96,27,7428.48
20,81,2,2026-03-25,47724,1556,7248.05,111,21484.31
20,81,2,2026-03-27,17404,1178,909.85,102,15644.19
20,81,2,2026-03-28,40895,574,1961.39,79,16338.76
20,81,2,2026-04-05,12368,229,806.8,6,1365.85
20,81,2,2026-04-06,17151,553,2344.42,67,26764.21
20,81,2,2026-04-08,44377,2757,2952.09,106,38972.94
20,81,2,2026-04-13,7239,154,252.95,4,363.17
20,81,2,2026-04-21,13653,1077,3824.18,151,44021.42
20,81,2,2026-04-29,43970,2870,8265.49,95,19547.62
20,81,2,2026-05-04,38987,2393,2811.92,284,49929.29
20,81,2,2026-05-08,24892,1054,4159.81,13,1162.11
20,81,2,2026-05-12,37743,1989,1819.32,76,24371.32
20,81,2,2026-05-13,3293,84,305.85,4,218.38
20,81,2,2026-05-18,9455,271,1197.8,3,735.09
20,81,2,2026-05-23,25284,767,2891.11,102,6749.74
20,81,2,2026-05-24,22595,327,266.59,30,4125.71
20,81,2,2026-05-27,3666,111,255.14,7,618.86
20,81,2,2026-06-02,21735,219,935.07,20,2179.91
20,81,2,2026-06-03,39840,2200,8970.44,314,52137.28
20,81,2,2026-06-07,9509,660,2895.05,51,6758.07
20,81,2,2026-06-17,24026,1402,2926.42,141,18550.38
20,81,2,2026-06-21,29212,1752,5893.12,161,15440.26
20,81,2,2026-06-23,29040,737,398.84,77,6945.31
20,81,2,2026-06-24,30319,2137,1962.13,260,34787.67
20,81,2,2026-06-29,4356,316,1034.0,4,1251.79
20,81,2,2026-06-30,36630,1482,4843.21,73,15788.19
20,81,2,2026-07-05,38053,1005,618.98,74,12140.29
20,81,2,2026-07-14,14024,688,646.29,76,28311.06
20,81,2,2026-07-15,29244,364,812.0,34,11792.92
20,81,2,2026-07-18,36846,2208,5063.78,170,44456.8
20,81,2,2026-07-20,36076,2001,3562.31,216,32661.12
20,81,2,2026-07-21,29206,926,1088.09,97,11644.67
20,81,2,2026-07-22,23901,1857,8565.36,243,57305.07
20,81,2,2026-07-27,40430,3172,3665.86,321,17518.33
20,81,2,2026-08-07,17927,1098,3815.24,59,14142.22
21,81,3,2025-08-21,49139,2924,12211.9,382,90016.78
21,81,3,2025-09-10,32202,949,3202.46,88,27284.73
21,81,3,2025-09-21,32045,2218,5099.91,93,36488.76
21,81,3,2025-10-11,33222,673,1505.39,68,16180.06
21,81,3,2025-10-14,42021,2187,2710.41,143,17802.28
21,81,3,2025-10-18,42064,2149,1204.74,152,22966.08
21,81,3,2025-10-20,26206,1939,1625.41,222,49530.94
21,81,3,2025-10-23,49733,1789,7521.14,234,22986.37
21,81,3,2025-10-26,4719,278,144.87,5,1442.04
21,81,3,2025-10-30,25569,1210,1936.1,19,5086.1
21,81,3,2025-11-04,40005,1608,3679.75,27,9802.11
21,81,3,2025-11-05,28881,1212,807.5,19,5323.96
21,81,3,2025-11-09,29892,663,1986.47,80,20234.12
21,81,3,2025-11-11,13210,1008,1549.15,74,26096.32
21,81,3,2025-11-13,36803,2455,5804.07,138,35136.91
21,81,3,2025-11-21,28447,383,240.67,11,3117.98
21,81,3,2025-11-24,19977,1253,2317.43,86,4721.6
21,81,3,2025-11-27,32371,2485,1519.7,345,84355.67
21,81,3,2025-11-28,28865,987,4851.35,117,42117.89
21,81,3,2025-12-04,41003,665,437.43,87,13889.75
21,81,3,2025-12-08,44269,1787,1341.69,184,41384.39
21,81,3,2025-12-18,43128,3134,6970.65,155,58295.83
21,81,3,2025-12-19,27306,1071,3853.63,105,19699.49
21,81,3,2025-12-23,49848,3270,5340.39,117,15359.6
21,81,3,2025-12-24,26564,707,547.53,33,12177.95
21,81,3,2025-12-25,35837,2125,4570.69,89,20301.37
21,81,3,2025-12-29,2892,209,459.47,13,4203.39
21,81,3,2025-12-30,37777,2631,9361.76,133,7438.05
21,81,3,2026-01-02,21598,758,1959.15,81,27280.52
21,81,3,2026-01-03,33295,1763,2756.2,178,23453.87
21,81,3,2026-01-09,16329,588,1961.18,14,2706.83
21,81,3,2026-01-10,4023,143,543.93,7,2026.7
21,81,3,2026-01-12,19605,1439,5776.25,21,7979.01
21,81,3,2026-01-13,16229,684,2171.33,63,11380.64
21,81,3,2026-01-17,36120,2466,1694.43,115,36463.46
21,81,3,2026-01-20,26966,1516,7013.52,67,25259.26
21,81,3,2026-01-24,10182,196,882.96,18,2378.0
21,81,3,2026-01-29,6751,91,71.27,9,3245.75
21,81,3,2026-02-02,27881,1589,6210.37,127,16142.01
21,81,3,2026-02-08,18048,1056,4177.2,33,12213.84
21,81,3,2026-02-09,49699,1010,4474.3,69,11854.84
21,81,3,2026-02-10,34489,2258,5034.14,76,29122.89
21,81,3,2026-02-20,19451,288,167.64,22,5744.09
21,81,3,2026-02-21,34068,2408,11672.55,277,71923.75
21,81,3,2026-02-22,35317,1550,4005.27,128,29153.49
21,81,3,2026-02-25,15563,1022,666.32,135,29037.33
21,81,3,2026-03-04,15349,857,1771.8,118,13207.85
21,81,3,2026-03-14,38630,796,2743.46,23,4309.72
21,81,3,2026-03-16,15132,924,2664.33,76,6646.28
21,81,3,2026-03-21,33421,2141,5937.41,47,12664.13
21,81,3,2026-03-24,12547,1000,1375.43,67,7868.74
21,81,3,2026-03-26,28932,1521,7505.66,70,10023.34
21,81,3,2026-03-27,4518,165,425.98,15,5542.66
21,81,3,2026-04-15,3889,219,347.09,17,2383.02
21,81,3,2026-04-17,3005,133,226.39,12,1056.44
21,81,3,2026-04-21,34534,1264,4511.75,54,16555.05
21,81,3,2026-04-25,35619,1007,641.79,137,54761.0
21,81,3,2026-05-13,25192,1327,4125.76,53,3839.6
21,81,3,2026-05-18,6714,101,86.06,4,1087.01
21,81,3,2026-05-23,30246,1112,5266.43,162,45027.09
21,81,3,2026-05-24,35029,2693,10868.13,152,27626.57
21,81,3,2026-05-25,16983,198,790.98,7,1958.2
21,81,3,2026-05-26,21021,714,3382.35,80,29197.13
21,81,3,2026-06-01,30533,576,1292.67,72,25531.37
21,81,3,2026-06-04,23854,379,1600.57,29,9303.42
21,81,3,2026-06-05,48068,1307,6353.33,76,28600.66
21,81,3,2026-06-07,3957,130,144.6,15,5922.57
21,81,3,2026-06-11,12670,182,246.73,10,2319.97
21,81,3,2026-06-12,40226,2518,2249.16,205,20609.24
21,81,3,2026-06-15,28467,2153,10573.5,299,106168.82
21,81,3,2026-06-16,48404,3713,11084.85,438,123215.3
21,81,3,2026-06-26,33953,1064,5119.1,157,16719.09
21,81,3,2026-07-07,6122,98,198.78,12,3176.32
21,81,3,2026-07-12,6786,131,654.51,9,681.48
21,81,3,2026-07-14,40079,2690,2695.43,401,128534.72
21,81,3,2026-07-16,13292,375,613.29,47,8611.6
21,81,3,2026-07-19,32635,1647,3974.98,207,78662.38
21,81,3,2026-07-25,30192,1398,4464.96,14,1324.77
21,81,3,2026-07-27,35163,617,3001.51,11,2236.97
21,81,3,2026-07-30,11860,367,698.79,43,2232.19
21,81,3,2026-08-15,31141,1694,1968.74,188,32661.54
22,21,1,2025-08-18,14232,603,2266.27,31,6570.58
22,21,1,2025-08-19,28634,1349,2379.95,15,2979.7
22,21,1,2025-08-24,41527,2539,9978.95,234,41645.74
22,21,1,2025-08-25,44689,532,2607.56,33,11884.54
22,21,1,2025-08-28,47520,2708,12780.09,112,9281.63
22,21,1,2025-08-29,39887,1558,5687.02,224,24068.69
22,21,1,2025-08-30,49276,1583,7892.87,81,24513.88
22,21,1,2025-09-01,48780,3736,2723.17,128,49898.37
22,21,1,2025-09-02,41887,3111,14766.53,457,99837.34
22,21,1,2025-09-03,32957,1965,6107.73,264,97429.08
22,21,1,2025-09-05,23133,1324,6180.75,72,25667.75
22,21,1,2025-09-17,48466,746,3444.6,17,3731.85
22,21,1,2025-09-20,18272,1051,2472.85,143,33574.15
22,21,1,2025-09-23,23530,1828,5707.53,240,28437.96
22,21,1,2025-09-26,30621,1939,9659.12,231,23294.86
22,21,1,2025-09-29,24936,1168,5548.03,108,25165.59
22,21,1,2025-09-30,35959,479,2179.53,67,11165.16
22,21,1,2025-10-08,11790,133,322.61,6,2179.96
22,21,1,2025-10-15,20532,324,166.91,46,18337.65
22,21,1,2025-10-17,5068,378,1642.52,32,2436.66
22,21,1,2025-10-18,13348,682,2902.24,50,4463.41
22,21,1,2025-10-23,3965,262,267.92,9,2593.48
22,21,1,2025-10-31,21036,1512,3650.19,42,6672.81
22,21,1,2025-11-01,32766,537,1913.16,56,14834.15
22,21,1,2025-11-05,43054,2645,2157.91,180,33714.22
22,21,1,2025-11-11,45358,534,1345.73,46,2400.01
22,21,1,2025-11-13,41373,1158,1260.39,47,13519.1
22,21,1,2025-12-03,15965,585,354.8,79,12989.39
22,21,1,2025-12-09,1958,127,323.03,10,2023.78
22,21,1,2025-12-12,21321,1535,5601.53,215,78853.29
22,21,1,2025-12-16,12886,189,687.23,9,1147.19
22,21,1,2025-12-23,4128,71,132.81,10,3870.0
22,21,1,2025-12-28,26503,1655,2090.11,193,30559.28
22,21,1,2026-01-01,29149,1012,4182.13,81,14777.66
22,21,1,2026-01-06,43755,3149,7822.31,253,68815.33
22,21,1,2026-01-10,38563,2169,3332.87,210,75710.01
22,21,1,2026-01-11,44450,3017,11849.21,322,102909.87
22,21,1,2026-01-22,39865,1742,6919.5,109,32497.57
22,21,1,2026-01-24,21343,468,1045.99,61,6821.97
22,21,1,2026-01-26,31288,1622,1884.64,107,33629.83
22,21,1,2026-01-27,25687,456,2033.35,35,8766.97
22,21,1,2026-01-29,10581,346,937.94,34,2555.57
22,21,1,2026-02-03,5444,315,703.24,36,2663.66
22,21,1,2026-02-05,2036,52,133.16,6,2222.32
22,21,1,2026-02-14,20951,992,3289.49,79,15331.29
22,21,1,2026-02-16,16345,818,2150.84,118,43140.59
22,21,1,2026-02-18,24728,1635,5636.85,156,27462.89
22,21,1,2026-02-21,34108,1093,2135.81,148,42857.38
22,21,1,2026-03-01,32088,426,1715.68,31,5635.22
22,21,1,2026-03-12,23488,1014,3647.76,122,30772.78
22,21,1,2026-03-17,7539,395,457.72,6,372.73
22,21,1,2026-03-19,42892,1239,1231.17,30,5599.44
22,21,1,2026-03-20,46818,1437,7012.6,210,29218.37
22,21,1,2026-03-21,28406,1838,4459.48,160,28978.58
22,21,1,2026-03-22,26344,1315,6176.15,38,11274.04
22,21,1,2026-03-29,45146,1880,1472.31,164,25962.67
22,21,1,2026-03-30,22134,1431,959.73,143,54682.83
22,21,1,2026-03-31,42818,2153,5440.35,208,39818.3
22,21,1,2026-04-01,41047,2326,1657.52,137,34298.45
22,21,1,2026-04-03,3015,231,919.83,4,802.29
22,21,1,2026-04-06,25276,1593,7950.72,148,56123.72
22,21,1,2026-04-10,21867,263,1188.27,34,5413.57
22,21,1,2026-04-14,17479,250,144.7,9,1788.65
22,21,1,2026-04-15,24758,1416,1926.83,131,48354.29
22,21,1,2026-04-18,44573,917,1012.99,23,3788.08
22,21,1,2026-04-21,3984,151,751.57,1,293.62
22,21,1,2026-05-02,10317,317,758.82,40,8607.83
22,21,1,2026-05-04,41135,1236,2758.51,170,30370.36
22,21,1,2026-05-06,49475,3660,11772.01,313,59423.0
22,21,1,2026-05-16,21022,706,1272.04,66,26318.23
22,21,1,2026-05-17,4138,53,97.14,7,2676.01
22,21,1,2026-05-19,7546,164,751.0,7,1439.55
22,21,1,2026-05-26,1002,29,116.72,1,159.56
22,21,1,2026-05-27,22730,1248,1547.81,53,16586.73
22,21,1,2026-05-28,7786,288,241.84,24,7817.08
22,21,1,2026-05-31,3564,280,417.04,28,9569.39
22,21,1,2026-06-03,45723,1348,6304.2,114,28814.29
22,21,1,2026-06-06,13049,148,251.31,7,2788.29
22,21,1,2026-06-08,19074,525,1314.63,22,2528.02
22,21,1,2026-06-11,22241,1426,5948.21,114,33425.82
22,21,1,2026-06-12,47837,3634,13702.54,213,47154.75
22,21,1,2026-06-18,14696,237,737.0,31,6116.39
22,21,1,2026-06-21,17465,757,3148.77,49,9835.57
22,21,1,2026-07-09,43373,522,1441.14,70,22985.6
22,21,1,2026-07-10,19124,1219,5275.49,145,14814.14
22,21,1,2026-07-12,17599,1086,2636.39,52,8197.0
22,21,1,2026-07-13,39306,2643,7183.06,189,59815.61
22,21,1,2026-07-14,5533,278,715.18,9,1392.72
22,21,1,2026-07-18,23840,1336,6352.3,128,7584.76
22,21,1,2026-07-24,49945,3181,9945.27,368,102557.71
22,21,1,2026-07-25,6827,501,732.38,24,1661.31
22,21,1,2026-07-28,25288,1314,4009.4,45,4679.67
22,21,1,2026-07-29,7420,563,1513.58,72,8998.27
22,21,1,2026-07-30,47822,1193,4272.19,91,18271.9
22,21,1,2026-08-07,21906,451,1022.14,18,4013.17
22,21,1,2026-08-11,16479,695,2362.02,56,15228.75
22,21,1,2026-08-13,41796,3091,7600.49,103,26220.19
22,21,1,2026-08-14,24862,757,3413.7,8,1671.37
23,21,2,2025-08-22,21273,486,2164.83,40,4017.13
23,21,2,2025-08-25,17469,494,623.84,46,6361.59
23,21,2,2025-08-29,48971,3836,15439.26,131,42696.03
23,21,2,2025-08-31,9307,162,768.49,11,2694.32
23,21,2,2025-09-01,49358,752,1884.95,71,20355.48
23,21,2,2025-09-06,20441,320,1349.35,32,8301.84
23,21,2,2025-09-08,43522,3334,2822.75,188,40474.16
23,21,2,2025-09-09,4197,53,138.6,1,237.87
23,21,2,2025-09-15,35972,660,382.31,39,7128.54
23,21,2,2025-09-16,18922,1498,5750.01,84,11139.0
23,21,2,2025-09-17,39700,1028,4989.28,102,11061.02
23,21,2,2025-09-19,27029,369,1718.82,44,3781.04
23,21,2,2025-10-02,31317,924,1246.44,67,24386.59
23,21,2,2025-10-07,20553,833,2283.69,123,9115.77
23,21,2,2025-10-10,16372,960,2369.05,142,7431.38
23,21,2,2025-10-19,11038,850,2885.41,106,23124.26
23,21,2,2025-10-22,23410,1339,5830.48,34,12605.61
23,21,2,2025-10-24,21572,1702,7099.85,101,26096.1
23,21,2,2025-10-27,42047,3235,16102.11,175,39914.05
23,21,2,2025-10-31,45528,3481,6116.41,120,21816.76
23,21,2,2025-11-05,46339,597,1535.57,42,10136.33
23,21,2,2025-11-18,32247,1706,4694.82,186,31032.47
23,21,2,2025-11-19,21229,340,568.21,24,6198.9
23,21,2,2025-11-22,42199,2388,6002.92,260,89028.12
23,21,2,2025-11-23,5561,96,211.67,1,165.03
23,21,2,2025-11-24,23054,1556,7697.57,96,21785.81
23,21,2,2025-11-27,8219,327,744.7,4,366.48
23,21,2,2025-12-06,45052,2344,8531.51,165,61725.44
23,21,2,2025-12-11,21702,810,2553.11,49,18302.2
23,21,2,2025-12-13,17773,496,1481.64,40,5333.1
23,21,2,2025-12-14,16754,1149,2156.65,88,5362.13
23,21,2,2025-12-16,48873,2769,3332.67,134,30639.8
23,21,2,2025-12-18,34189,942,1586.43,105,25725.94
23,21,2,2025-12-20,45818,1965,9807.64,117,23357.25
23,21,2,2025-12-22,10559,417,1262.73,41,3960.1
23,21,2,2025-12-23,9206,249,875.34,30,7170.41
23,21,2,2025-12-28,5043,114,386.49,4,1578.46
23,21,2,2025-12-30,28704,294,442.88,30,5684.8
23,21,2,2026-01-05,35086,475,1493.57,35,11068.77
23,21,2,2026-01-06,22823,821,2819.48,43,12982.42
23,21,2,2026-01-10,25709,1062,5280.77,71,8496.85
23,21,2,2026-01-26,42376,1926,4356.45,209,54545.68
23,21,2,2026-02-01,11375,803,3214.85,115,8340.83
23,21,2,2026-02-02,33938,2068,7336.56,309,101082.89
23,21,2,2026-02-07,9846,767,2494.59,8,601.86
23,21,2,2026-02-08,38761,1965,5725.5,278,81500.11
23,21,2,2026-02-10,1686,45,211.06,2,709.24
23,21,2,2026-02-27,21366,1071,3415.84,129,8627.55
23,21,2,2026-03-03,38725,2566,2446.81,190,49779.91
23,21,2,2026-03-06,35508,1543,3338.63,43,16198.91
23,21,2,2026-03-09,36164,639,1827.06,85,7502.3
23,21,2,2026-03-12,24348,429,2055.35,21,3221.19
23,21,2,2026-03-13,1262,38,52.82,5,1219.34
23,21,2,2026-03-15,46283,2400,6741.58,278,95129.7
23,21,2,2026-03-17,46522,599,754.33,21,4335.97
23,21,2,2026-03-18,47332,3551,1960.29,216,68323.57
23,21,2,2026-03-19,9571,518,282.2,63,4624.1
23,21,2,2026-03-22,40869,1238,4484.01,44,5475.77
23,21,2,2026-03-23,1019,69,294.19,9,565.62
23,21,2,2026-03-29,10748,395,215.84,5,344.95
23,21,2,2026-04-01,11496,212,748.98,28,3005.53
23,21,2,2026-04-02,30082,1926,5212.84,51,12376.04
23,21,2,2026-04-03,7215,189,412.31,4,823.88
23,21,2,2026-04-05,10049,789,1286.78,28,5796.21
23,21,2,2026-04-07,16651,930,2325.5,135,52496.48
23,21,2,2026-04-23,43172,2087,9908.76,211,75648.69
23,21,2,2026-04-24,19586,1478,1000.32,122,20896.81
23,21,2,2026-04-26,46275,1080,4920.34,88,21788.92
23,21,2,2026-04-27,9014,188,538.94,16,4774.13
23,21,2,2026-04-30,15643,1084,1253.52,106,5785.49
23,21,2,2026-05-01,36861,2573,1761.26,110,29204.82
23,21,2,2026-05-02,32609,1888,5517.32,22,6261.52
23,21,2,2026-05-04,29693,781,2518.04,36,12773.57
23,21,2,2026-05-16,36829,1137,2472.27,140,54694.03
23,21,2,2026-05-26,22487,297,1339.1,17,2885.83
23,21,2,2026-05-30,37123,2664,2238.88,180,37758.73
23,21,2,2026-06-03,24564,1424,2396.32,191,15337.97
23,21,2,2026-06-11,7269,81,185.18,4,788.6
23,21,2,2026-06-15,39910,1719,4451.57,219,70530.54
23,21,2,2026-06-16,9239,560,2143.82,19,3684.35
23,21,2,2026-06-18,37308,2275,10448.88,130,7009.85
23,21,2,2026-06-26,39349,1582,6294.86,224,27102.91
23,21,2,2026-06-29,12734,1015,604.37,53,7819.39
23,21,2,2026-07-01,48780,1739,2831.43,124,41179.18
23,21,2,2026-07-07,8986,305,1505.66,43,14517.61
23,21,2,2026-07-13,24404,1354,1654.54,104,30641.96
23,21,2,2026-07-28,48617,1746,5825.83,139,32215.23
23,21,2,2026-08-01,38990,1781,2764.74,245,79996.24
23,21,2,2026-08-02,27815,676,844.61,23,7025.45
23,21,2,2026-08-05,16171,399,314.68,53,18804.11
23,21,2,2026-08-10,26525,1733,2259.53,46,2426.15
23,21,2,2026-08-16,19605,1023,4802.6,34,7833.82
23,21,2,2026-08-17,8237,120,377.68,2,396.58
24,21,3,2025-08-18,23858,1504,1141.67,29,7044.65
24,21,3,2025-08-22,40873,477,492.28,25,5705.05
24,21,3,2025-08-23,40056,2078,9853.55,180,26991.12
24,21,3,2025-08-24,13388,889,929.01,42,6880.91
24,21,3,2025-08-27,4576,48,75.37,3,489.56
24,21,3,2025-08-28,12676,434,1453.34,56,8416.27
24,21,3,2025-08-29,9759,180,769.96,10,2012.87
24,21,3,2025-09-01,15034,165,574.25,9,1931.73
24,21,3,2025-09-06,25421,1223,1661.86,37,13962.18
24,21,3,2025-09-08,44084,1253,3244.51,122,43217.82
24,21,3,2025-09-09,13201,634,2876.94,58,16910.72
24,21,3,2025-09-10,36405,2524,1925.41,67,10786.3
24,21,3,2025-09-14,48326,2468,9462.03,347,22870.96
24,21,3,2025-09-16,29950,2162,9460.03,219,49333.69
24,21,3,2025-09-19,34127,1421,2323.83,21,7589.33
24,21,3,2025-10-04,10551,784,1596.29,93,13559.67
24,21,3,2025-10-12,42058,2852,13567.63,151,8004.61
24,21,3,2025-10-16,39706,1424,4187.81,134,45933.06
24,21,3,2025-10-17,40604,2947,5847.11,212,16912.52
24,21,3,2025-10-19,8887,321,648.97,29,7211.84
24,21,3,2025-10-24,17676,1169,3914.55,105,30789.28
24,21,3,2025-10-25,23871,920,3860.6,134,52214.91
24,21,3,2025-10-28,46209,3087,5829.64,176,13296.53
24,21,3,2025-10-31,45695,1012,2804.03,70,10750.04
24,21,3,2025-11-02,18000,1244,5711.42,124,21846.56
24,21,3,2025-11-05,10160,243,413.67,31,9904.55
24,21,3,2025-11-06,18830,522,2150.66,36,4816.3
24,21,3,2025-11-15,20451,751,466.88,28,3414.67
24,21,3,2025-11-16,39523,2329,7373.4,149,39995.73
24,21,3,2025-11-19,14616,910,2936.66,73,27144.64
24,21,3,2025-11-26,35482,2227,6772.93,208,33738.39
24,21,3,2025-11-27,25515,1337,3356.99,86,27972.51
24,21,3,2025-11-30,10468,406,942.04,50,6320.08
24,21,3,2025-12-03,36993,879,949.3,73,27298.09
24,21,3,2025-12-04,36474,2131,7372.54,115,40989.82
24,21,3,2025-12-11,15741,570,834.72,81,21826.26
24,21,3,2025-12-12,15260,1156,4271.92,28,7512.84
24,21,3,2025-12-17,13641,220,488.15,6,1303.95
24,21,3,2025-12-22,14387,233,706.82,14,4127.02
24,21,3,2025-12-24,37495,2909,3953.49,35,5698.46
24,21,3,2025-12-25,31666,514,2037.25,67,25963.12
24,21,3,2025-12-27,35558,2654,10119.65,395,140197.24
24,21,3,2025-12-31,7133,316,888.56,29,10308.46
24,21,3,2026-01-01,37125,1872,4377.18,82,9722.37
24,21,3,2026-01-07,26477,1133,4978.26,56,9955.92
24,21,3,2026-01-12,7207,213,993.39,25,8986.27
24,21,3,2026-01-25,25782,750,1484.14,44,15397.09
24,21,3,2026-01-30,22234,529,844.07,30,9022.35
24,21,3,2026-02-01,25358,2026,8181.6,246,75160.77
24,21,3,2026-02-03,15656,749,664.16,10,1769.33
24,21,3,2026-02-05,31873,760,3065.68,79,30893.04
24,21,3,2026-02-07,34173,1971,2907.35,150,10146.29
24,21,3,2026-02-16,12992,958,838.49,96,19018.22
24,21,3,2026-02-20,48162,1960,3084.57,206,54158.51
24,21,3,2026-02-24,22310,1716,1787.3,42,5045.87
24,21,3,2026-02-28,15138,273,413.25,20,1349.0
24,21,3,2026-03-07,32325,2268,3529.22,29,7975.46
24,21,3,2026-03-08,13967,848,1216.26,121,6396.37
24,21,3,2026-03-16,26710,654,856.73,19,2417.05
24,21,3,2026-03-25,5588,354,1676.05,24,1487.31
24,21,3,2026-04-08,47511,2768,12772.41,105,35428.37
24,21,3,2026-04-11,14263,842,1226.97,60,15137.84
24,21,3,2026-04-12,35556,1122,1249.49,70,14313.74
24,21,3,2026-04-13,29571,862,3373.63,88,30245.69
24,21,3,2026-04-16,16653,654,2325.8,96,38200.12
24,21,3,2026-04-17,8809,578,2334.16,13,4650.72
24,21,3,2026-04-22,26443,971,1194.36,29,5585.17
24,21,3,2026-05-03,49061,2980,11719.73,255,65422.24
24,21,3,2026-05-05,4816,174,241.42,26,8622.89
24,21,3,2026-05-19,17594,629,772.56,40,9879.21
24,21,3,2026-05-24,12042,446,1525.11,66,23913.5
24,21,3,2026-05-30,49737,775,2140.69,63,21606.01
24,21,3,2026-06-04,5163,207,953.93,9,3273.83
24,21,3,2026-06-15,37660,2547,11933.15,27,2098.43
24,21,3,2026-06-17,33689,1613,2529.81,131,33117.14
24,21,3,2026-06-18,35489,2549,1329.23,374,40644.79
24,21,3,2026-06-20,9157,490,1055.38,59,8856.93
24,21,3,2026-06-24,17650,278,641.76,37,12925.74
24,21,3,2026-06-29,39818,1327,4438.91,112,6612.51
24,21,3,2026-07-11,7508,225,798.71,10,1845.01
24,21,3,2026-07-14,4754,246,472.37,33,10930.09
24,21,3,2026-07-15,20188,1596,7367.19,29,4154.28
24,21,3,2026-07-17,21548,423,516.29,20,4272.89
24,21,3,2026-07-18,26476,456,1110.38,57,14721.32
24,21,3,2026-07-20,28785,787,3321.63,14,5367.29
24,21,3,2026-07-21,40285,577,1080.61,68,3889.73
24,21,3,2026-07-23,47465,2372,8560.87,36,7363.88
24,21,3,2026-07-29,3164,42,165.68,4,993.33
24,21,3,2026-07-31,28951,488,1109.85,70,20607.43
24,21,3,2026-08-06,23925,723,1159.39,107,10969.81
24,21,3,2026-08-07,26003,458,1842.4,32,1624.88
24,21,3,2026-08-10,30270,2407,10639.85,68,17211.36
24,21,3,2026-08-14,26270,1193,2405.97,80,24497.86
25,27,1,2025-08-18,10177,357,675.02,52,12866.47
25,27,1,2025-08-22,24257,1567,6263.33,225,46437.24
25,27,1,2025-08-23,13092,317,1491.8,26,2141.31
25,27,1,2025-09-06,16661,278,860.03,20,1034.94
25,27,1,2025-09-08,27203,361,378.87,18,2532.41
25,27,1,2025-09-18,28981,2291,9952.25,266,29732.33
25,27,1,2025-09-20,27734,2155,9096.99,253,22511.44
25,27,1,2025-10-09,27596,934,3849.26,134,52830.08
25,27,1,2025-10-12,3162,162,86.58,8,1319.02
25,27,1,2025-10-16,39914,2240,11074.12,32,6795.43
25,27,1,2025-10-20,16573,1246,5491.85,121,6838.92
25,27,1,2025-10-21,1737,72,76.81,4,496.66
25,27,1,2025-10-25,24818,1873,6010.38,185,48084.46
25,27,1,2025-10-27,20231,694,470.79,60,10300.09
25,27,1,2025-11-03,47896,3460,5414.78,517,72325.23
25,27,1,2025-11-06,45058,2579,5201.21,243,29630.42
25,27,1,2025-11-10,25358,1004,4864.02,122,10687.2
25,27,1,2025-11-11,9733,151,167.67,6,719.01
25,27,1,2025-11-12,19299,741,3036.55,37,6850.33
25,27,1,2025-11-13,33938,2652,12569.62,305,112100.4
25,27,1,2025-11-14,25466,1310,5828.59,171,11979.86
25,27,1,2025-11-19,16078,1106,2993.32,136,20940.31
25,27,1,2025-11-25,35397,824,829.46,10,3695.09
25,27,1,2025-11-27,44714,3002,13565.43,177,30715.62
25,27,1,2025-12-01,6328,348,651.22,24,4503.95
25,27,1,2025-12-03,23866,1741,5835.98,84,9473.21
25,27,1,2025-12-04,8264,88,161.63,12,3209.58
25,27,1,2025-12-06,24257,1016,5041.15,112,7608.56
25,27,1,2025-12-18,35663,2138,7041.93,91,32480.08
25,27,1,2025-12-19,3676,92,279.32,2,295.61
25,27,1,2025-12-25,25443,402,397.84,59,23009.23
25,27,1,2026-01-01,12560,219,521.75,32,8923.4
25,27,1,2026-01-03,31679,1584,2237.01,103,29886.34
25,27,1,2026-01-07,10961,856,2957.04,57,13611.68
25,27,1,2026-01-10,13182,351,1103.99,42,10580.89
25,27,1,2026-01-13,11441,136,142.28,18,6169.37
25,27,1,2026-01-19,35601,2748,10957.9,233,64914.7
25,27,1,2026-01-21,18676,1045,1653.5,33,9349.82
25,27,1,2026-01-26,26550,1063,4066.58,103,32114.76
25,27,1,2026-01-29,25987,386,1636.97,10,603.83
25,27,1,2026-01-30,42181,1063,2548.84,29,3295.63
25,27,1,2026-02-01,19757,410,1587.22,37,14311.09
25,27,1,2026-02-04,49303,1617,2151.99,194,58560.75
25,27,1,2026-02-07,2106,22,77.2,1,279.71
25,27,1,2026-02-11,33660,665,1909.56,22,7951.72
25,27,1,2026-02-16,25401,1462,1282.92,78,4046.98
25,27,1,2026-02-20,3809,270,1306.03,28,7594.23
25,27,1,2026-02-26,43316,1973,1252.23,98,25726.79
25,27,1,2026-03-06,33805,848,4071.04,82,30919.09
25,27,1,2026-03-09,21620,1563,4876.94,114,28373.16
25,27,1,2026-03-11,30593,2124,1851.66,135,22380.83
25,27,1,2026-03-13,31285,1745,1911.8,49,3057.51
25,27,1,2026-03-16,13735,976,1572.34,13,2619.1
25,27,1,2026-03-19,15723,798,483.63,105,18129.8
25,27,1,2026-03-31,35447,1853,2323.36,84,32902.63
25,27,1,2026-04-04,26595,1879,1322.89,275,57863.01
25,27,1,2026-04-11,21117,321,699.83,5,1343.6
25,27,1,2026-04-12,16162,534,291.28,51,17787.64
25,27,1,2026-04-14,47736,3197,9451.45,179,14235.21
25,27,1,2026-04-15,37942,1619,2026.68,54,14689.18
25,27,1,2026-04-18,35306,1246,5944.45,82,13750.15
25,27,1,2026-04-22,42184,693,1389.55,47,11144.72
25,27,1,2026-05-04,40637,2540,9846.69,211,30921.51
25,27,1,2026-05-07,30090,901,3012.18,91,11121.15
25,27,1,2026-05-08,23716,1261,6281.1,61,8961.56
25,27,1,2026-05-10,26085,903,2180.16,62,23422.48
25,27,1,2026-05-11,17282,333,1517.28,36,3920.39
25,27,1,2026-05-12,16796,594,2753.04,47,14302.79
25,27,1,2026-05-14,28088,597,1208.19,56,19995.95
25,27,1,2026-05-21,20081,1266,5479.05,86,20055.45
25,27,1,2026-05-29,44841,992,3528.86,101,37211.67
25,27,1,2026-05-31,13147,651,2329.81,84,11112.28
25,27,1,2026-06-05,1421,91,421.59,2,676.31
25,27,1,2026-06-15,25813,1917,4156.62,58,8548.65
25,27,1,2026-06-17,2114,147,510.7,21,7614.86
25,27,1,2026-06-18,48211,927,2407.79,110,11497.87
25,27,1,2026-06-22,32961,1762,7527.02,233,67786.52
25,27,1,2026-06-23,22861,409,1467.21,34,6714.9
25,27,1,2026-06-29,27552,1474,7051.19,215,31735.7
25,27,1,2026-07-02,31152,1205,983.1,123,22363.73
25,27,1,2026-07-04,5621,140,256.99,20,1369.94
25,27,1,2026-07-09,36166,1392,5378.99,14,5002.36
25,27,1,2026-07-11,33519,2077,9954.74,168,40627.81
25,27,1,2026-07-20,31860,935,1260.08,54,21060.75
25,27,1,2026-07-26,46277,1536,2735.58,50,8702.88
25,27,1,2026-07-29,44268,3141,9861.86,216,16996.47
26,27,2,2025-08-18,22996,689,862.68,96,35481.51
26,27,2,2025-08-19,19188,696,499.61,22,4028.3
26,27,2,2025-08-20,17551,1229,4575.45,182,14114.44
26,27,2,2025-08-21,22521,456,1531.09,26,1352.72
26,27,2,2025-08-23,3206,116,490.82,14,1275.4
26,27,2,2025-08-27,29986,1083,4369.27,72,23144.62
26,27,2,2025-09-04,16711,829,2548.68,89,7036.81
26,27,2,2025-09-06,35184,2625,11809.99,226,46853.58
26,27,2,2025-09-07,21062,769,1236.9,114,32365.07
26,27,2,2025-09-08,47875,3467,14311.11,414,43946.92
26,27,2,2025-09-09,2222,34,42.01,3,737.52
26,27,2,2025-09-15,3535,226,165.29,27,6301.42
26,27,2,2025-09-17,3800,75,184.41,10,1016.99
26,27,2,2025-09-18,18985,549,643.77,30,6740.39
26,27,2,2025-09-24,15617,517,1286.17,6,415.95
26,27,2,2025-10-01,9523,605,1155.4,67,15466.42
26,27,2,2025-10-03,38812,2663,10839.07,140,21189.92
26,27,2,2025-10-10,8762,202,736.3,26,9285.56
26,27,2,2025-10-24,12254,252,1002.14,9,1541.85
26,27,2,2025-10-27,21288,834,3160.52,33,13039.48
26,27,2,2025-10-30,39253,2413,7686.33,204,71307.0
26,27,2,2025-11-04,44410,596,709.41,17,1357.73
26,27,2,2025-11-06,3028,56,174.78,4,1379.23
26,27,2,2025-11-12,4114,287,1157.43,9,1223.1
26,27,2,2025-11-16,18493,196,707.88,2,386.49
26,27,2,2025-11-22,46603,895,3228.07,97,5351.73
26,27,2,2025-11-28,17931,181,539.07,23,4615.8
26,27,2,2025-12-01,1574,105,139.05,7,1479.94
26,27,2,2025-12-06,21781,1069,1645.79,30,4660.57
26,27,2,2025-12-10,32106,1007,3254.12,123,11869.44
26,27,2,2025-12-12,46332,2808,3363.62,202,27657.11
26,27,2,2025-12-14,11615,837,1353.66,19,2954.97
26,27,2,2025-12-16,34203,975,1089.13,61,24116.75
26,27,2,2025-12-17,6049,336,191.91,47,18324.45
26,27,2,2025-12-20,38057,2016,4444.8,220,72259.32
26,27,2,2025-12-21,18862,1379,1651.32,72,23519.34
26,27,2,2025-12-31,11499,319,486.0,43,4850.84
26,27,2,2026-01-04,34485,1195,1951.6,139,7069.09
26,27,2,2026-01-05,37579,922,1436.54,29,9184.52
26,27,2,2026-01-06,18465,321,1003.01,45,11812.85
26,27,2,2026-01-09,7960,506,1097.88,58,14654.02
26,27,2,2026-01-12,23051,503,754.84,23,5694.17
26,27,2,2026-01-15,42919,2028,7272.05,118,18247.48
26,27,2,2026-01-17,48774,1078,2757.98,80,25426.44
26,27,2,2026-01-20,9536,180,743.63,18,2795.02
26,27,2,2026-01-23,48999,2391,2588.65,250,86374.19
26,27,2,2026-01-26,7926,555,1476.62,76,20881.71
26,27,2,2026-02-04,30791,2434,4889.98,265,102198.89
26,27,2,2026-02-07,35004,1556,7443.52,212,22931.45
26,27,2,2026-02-11,13004,999,4776.71,88,23966.05
26,27,2,2026-02-12,41224,1057,5122.83,144,16809.22
26,27,2,2026-02-15,41402,2572,4327.06,213,65561.88
26,27,2,2026-02-17,19079,1209,5104.51,83,25753.99
26,27,2,2026-02-25,9801,612,2511.39,19,5351.25
26,27,2,2026-02-28,1108,27,132.85,1,248.37
26,27,2,2026-03-01,44354,1248,4768.54,99,5368.98
26,27,2,2026-03-05,16605,506,443.27,39,2697.9
26,27,2,2026-03-11,45976,2659,11542.0,169,39492.04
26,27,2,2026-03-12,20519,266,444.66,33,3939.87
26,27,2,2026-04-06,48030,3491,7719.23,453,111916.2
26,27,2,2026-04-07,30209,608,881.31,16,3714.42
26,27,2,2026-04-08,42204,2022,8260.62,171,50878.69
26,27,2,2026-04-11,26791,1259,3889.41,179,33984.45
26,27,2,2026-04-15,48827,1952,9653.59,143,38651.54
26,27,2,2026-04-19,45340,457,1368.61,34,12594.24
26,27,2,2026-04-21,9572,687,767.2,34,10510.74
26,27,2,2026-04-26,26604,711,1788.05,9,2183.59
26,27,2,2026-04-28,21815,571,1397.57,56,22165.19
26,27,2,2026-05-02,19137,449,1452.44,6,965.26
26,27,2,2026-05-04,32637,988,4052.95,59,3376.46
26,27,2,2026-05-05,34870,448,407.0,47,16414.62
26,27,2,2026-05-06,19584,1164,5511.23,150,20142.19
26,27,2,2026-05-21,38655,478,866.54,7,696.21
26,27,2,2026-05-26,33014,400,757.13,35,13152.95
26,27,2,2026-05-30,30398,2087,1714.03,158,22337.58
26,27,2,2026-06-05,33190,2090,5920.47,92,25235.33
26,27,2,2026-06-06,9697,469,1057.56,53,13475.27
26,27,2,2026-06-10,27910,390,1714.45,43,8866.13
26,27,2,2026-06-17,6184,198,649.84,16,6063.58
26,27,2,2026-07-01,27610,1668,1109.07,195,11114.59
26,27,2,2026-07-07,15794,1123,5372.44,65,14349.09
26,27,2,2026-07-14,17016,386,669.83,23,8239.25
26,27,2,2026-07-25,7503,227,299.89,8,1007.15
26,27,2,2026-07-26,36774,557,1489.42,56,21636.86
26,27,2,2026-07-27,23573,1126,5441.5,43,6513.52
26,27,2,2026-08-01,37028,594,1129.06,27,5021.85
26,27,2,2026-08-03,14556,999,1733.37,16,3331.61
26,27,2,2026-08-07,17277,434,773.69,11,3326.31
26,27,2,2026-08-12,48583,3023,10983.87,423,79558.2
26,27,2,2026-08-13,23077,230,190.83,32,10174.22
27,27,3,2025-08-22,41055,1431,2327.41,21,4956.28
27,27,3,2025-08-25,36001,1685,5099.17,147,32343.76
27,27,3,2025-08-27,10655,208,638.13,16,3440.15
27,27,3,2025-09-02,35692,1976,8123.44,86,31829.61
27,27,3,2025-09-03,49270,2775,8374.84,365,142069.71
27,27,3,2025-09-16,11977,647,1133.46,65,19074.73
27,27,3,2025-09-27,5048,183,783.86,8,2809.52
27,27,3,2025-09-28,47974,2458,6045.59,117,29728.31
27,27,3,2025-10-07,26641,1149,2558.59,100,10766.82
27,27,3,2025-10-10,41382,1876,7308.19,23,5551.35
27,27,3,2025-10-14,49709,731,521.04,29,10889.08
27,27,3,2025-10-18,18060,582,1875.67,55,6765.7
27,27,3,2025-10-22,10793,502,1550.95,31,5041.06
27,27,3,2025-10-24,17718,1330,1038.6,84,13841.61
27,27,3,2025-10-28,44062,756,2386.35,52,16462.7
27,27,3,2025-11-01,31872,2202,4125.38,261,20169.32
27,27,3,2025-11-06,33369,1076,976.36,131,43434.89
27,27,3,2025-11-10,29327,1818,3410.17,213,19989.92
27,27,3,2025-11-12,14169,837,1844.56,80,19934.43
27,27,3,2025-11-15,37981,456,1282.47,51,10622.7
27,27,3,2025-11-22,23681,1217,5296.53,24,2006.84
27,27,3,2025-11-27,25791,943,2561.96,13,3348.19
27,27,3,2025-11-30,29986,1601,5330.58,133,46615.11
27,27,3,2025-12-02,15892,1030,4532.96,47,10477.95
27,27,3,2025-12-09,47758,633,1567.37,37,9041.45
27,27,3,2025-12-11,6553,92,144.1,1,152.03
27,27,3,2025-12-15,30295,1983,3448.43,283,94397.35
27,27,3,2025-12-18,38554,2925,1977.29,148,10068.3
27,27,3,2025-12-20,10077,179,637.65,15,3672.38
27,27,3,2025-12-21,5439,161,657.27,20,2542.66
27,27,3,2025-12-22,33712,610,583.34,8,2557.11
27,27,3,2026-01-02,5289,347,1641.31,33,6203.17
27,27,3,2026-01-06,5553,348,1368.43,14,3706.91
27,27,3,2026-01-09,28770,1071,1688.76,94,14209.23
27,27,3,2026-01-15,27613,313,811.11,32,7332.11
27,27,3,2026-01-27,17568,327,1108.26,33,9321.31
27,27,3,2026-01-30,40569,2718,6565.66,121,23946.11
27,27,3,2026-01-31,41310,619,1293.45,54,19211.9
27,27,3,2026-02-02,31298,1963,4812.2,34,3026.12
27,27,3,2026-02-05,11596,662,540.64,81,21743.32
27,27,3,2026-02-12,16946,807,2671.64,59,5978.19
27,27,3,2026-02-13,43805,2452,11552.92,144,25129.27
27,27,3,2026-02-20,34537,1845,3773.4,146,34693.85
27,27,3,2026-02-26,38168,1371,5105.73,130,33827.22
27,27,3,2026-02-27,12665,926,820.6,53,12092.22
27,27,3,2026-03-01,15877,433,316.91,29,10051.57
27,27,3,2026-03-02,16008,1123,5525.38,29,6793.48
27,27,3,2026-03-03,22660,541,655.51,12,3546.65
27,27,3,2026-03-05,28025,559,512.64,28,2343.7
27,27,3,2026-03-09,18178,906,1920.88,114,35425.1
27,27,3,2026-03-11,48548,3832,5888.84,166,51213.68
27,27,3,2026-03-12,12569,650,2100.39,49,18798.17
27,27,3,2026-03-13,41619,1580,1186.91,174,41555.82
27,27,3,2026-03-17,27058,1459,4377.96,147,40986.33
27,27,3,2026-03-19,41903,1128,4029.93,106,13327.96
27,27,3,2026-03-22,43373,563,1774.5,33,5607.88
27,27,3,2026-03-29,6320,343,1165.48,35,2237.08
27,27,3,2026-03-31,9145,377,822.16,35,10117.76
27,27,3,2026-04-10,35118,739,2748.25,36,2993.71
27,27,3,2026-04-15,41211,2558,5040.96,211,69251.48
27,27,3,2026-04-17,12709,768,2426.01,110,32235.75
27,27,3,2026-04-18,36329,2704,12017.25,393,108159.06
27,27,3,2026-04-30,19610,1081,3235.05,84,16545.67
27,27,3,2026-05-02,33529,515,562.12,23,6814.58
27,27,3,2026-05-03,12103,864,1865.02,37,11795.48
27,27,3,2026-05-09,35397,1214,947.13,110,7261.49
27,27,3,2026-05-19,39933,901,823.09,74,7588.31
27,27,3,2026-05-24,49145,3647,13149.9,301,80810.93
27,27,3,2026-05-28,42409,3038,3125.57,232,66505.74
27,27,3,2026-06-02,7332,308,356.43,20,6058.2
27,27,3,2026-06-18,27539,1255,2303.72,49,14744.75
27,27,3,2026-06-19,42564,1189,781.49,26,6692.89
27,27,3,2026-06-28,46825,2908,1712.7,99,8220.94
27,27,3,2026-06-29,23778,748,1215.63,26,8424.2
27,27,3,2026-06-30,19666,864,712.82,28,10150.47
27,27,3,2026-07-02,38491,2603,5174.61,228,34817.31
27,27,3,2026-07-03,15874,969,2019.63,133,29239.75
27,27,3,2026-07-10,5542,229,911.59,28,3401.16
27,27,3,2026-07-12,23913,1653,1620.4,142,40672.53
27,27,3,2026-07-13,19304,1435,2422.64,123,23863.3
27,27,3,2026-07-19,13013,802,2774.69,88,31871.11
27,27,3,2026-07-22,11520,210,312.37,21,6531.15
27,27,3,2026-07-30,49935,1271,4802.55,180,44964.83
27,27,3,2026-07-31,11321,772,3797.24,95,13750.44
27,27,3,2026-08-06,21946,616,2024.81,37,10707.42
27,27,3,2026-08-08,38668,1333,2682.63,54,17781.01
28,6,1,2025-08-20,6913,157,567.17,23,3778.01
28,6,1,2025-08-23,33703,850,3362.57,32,7893.47
28,6,1,2025-08-28,27675,838,3341.89,96,12516.16
28,6,1,2025-08-30,39610,1496,3856.78,67,22516.97
28,6,1,2025-08-31,8413,290,485.71,18,3715.5
28,6,1,2025-09-02,26025,334,1336.03,18,6766.84
28,6,1,2025-09-09,38756,2077,8191.66,292,59882.95
28,6,1,2025-09-15,36028,1577,2387.15,234,65712.94
28,6,1,2025-09-18,38253,846,1815.39,66,25194.15
28,6,1,2025-09-21,1099,46,37.11,4,690.15
28,6,1,2025-09-24,2777,98,50.47,12,4108.31
28,6,1,2025-09-28,38964,805,2781.74,59,8564.59
28,6,1,2025-10-16,2649,73,312.41,9,1344.26
28,6,1,2025-10-17,8542,154,312.28,11,3141.59
28,6,1,2025-10-23,12901,173,273.01,4,682.67
28,6,1,2025-10-26,6829,466,1854.25,25,6267.45
28,6,1,2025-10-31,4120,162,803.93,23,2173.25
28,6,1,2025-11-02,38590,2455,2294.22,105,18074.54
28,6,1,2025-11-05,23567,806,2982.71,68,22119.12
28,6,1,2025-11-06,12795,820,3218.94,118,8312.39
28,6,1,2025-11-11,39220,1184,615.57,37,1926.03
28,6,1,2025-11-15,36845,753,3668.28,102,39000.11
28,6,1,2025-11-16,26570,573,1834.52,24,7673.3
28,6,1,2025-11-29,30042,1508,1909.25,57,14608.63
28,6,1,2025-11-30,30702,994,1099.09,122,15522.85
28,6,1,2025-12-02,34871,1443,1654.67,121,48091.87
28,6,1,2025-12-03,43494,763,2460.84,96,35043.85
28,6,1,2025-12-06,48190,2021,8482.39,227,71667.17
28,6,1,2025-12-09,43972,2061,8680.88,81,7745.18
28,6,1,2025-12-11,41343,3043,3339.42,190,72381.26
28,6,1,2025-12-12,12224,782,3521.25,96,23724.82
28,6,1,2025-12-14,18943,1167,4539.6,110,33615.65
28,6,1,2025-12-28,12517,333,1425.86,35,7333.5
28,6,1,2025-12-29,2705,116,345.44,15,3338.67
28,6,1,2026-01-01,34581,1143,3197.8,108,12961.06
28,6,1,2026-01-05,29556,1921,9538.52,54,16867.37
28,6,1,2026-01-11,32577,1738,3265.43,89,16773.34
28,6,1,2026-01-12,23377,276,1347.29,21,5828.5
28,6,1,2026-01-13,5483,390,1149.72,27,9008.15
28,6,1,2026-01-14,8398,599,617.89,89,31071.83
28,6,1,2026-01-17,8918,686,1713.38,54,17470.31
28,6,1,2026-01-21,15271,821,2402.14,34,11057.78
28,6,1,2026-01-25,32501,675,1210.17,34,9123.58
28,6,1,2026-01-28,31586,2508,3935.57,155,60165.87
28,6,1,2026-01-29,48006,3659,4828.79,260,31550.18
28,6,1,2026-01-30,30208,856,1383.19,117,21658.35
28,6,1,2026-01-31,41802,2185,8790.32,46,13791.6
28,6,1,2026-02-01,12021,848,1214.24,123,16733.21
28,6,1,2026-02-11,30839,2449,7892.38,181,27628.66
28,6,1,2026-02-12,23900,1367,1955.55,180,35941.38
28,6,1,2026-02-22,40414,1406,6444.2,200,78584.89
28,6,1,2026-03-01,43928,2099,2814.11,175,52050.14
28,6,1,2026-03-04,32218,2049,10038.46,56,9346.26
28,6,1,2026-03-06,2941,209,479.27,2,230.6
28,6,1,2026-03-16,40170,2673,10653.86,372,130324.72
28,6,1,2026-03-18,9718,184,165.11,17,6539.46
28,6,1,2026-03-26,19515,1052,836.77,130,44357.28
28,6,1,2026-03-30,30597,1765,8694.28,157,55742.99
28,6,1,2026-03-31,46950,1606,5278.88,117,14150.41
28,6,1,2026-04-04,36559,1480,2463.32,122,36016.64
28,6,1,2026-04-05,26640,902,4024.52,134,14259.44
28,6,1,2026-04-06,35055,1789,7338.57,202,65106.38
28,6,1,2026-04-11,6481,360,1232.21,24,1331.67
28,6,1,2026-04-14,19681,420,1364.67,50,14167.36
28,6,1,2026-04-16,11276,890,3680.19,122,11264.88
28,6,1,2026-04-17,25478,357,328.23,44,10777.41
28,6,1,2026-04-25,7487,85,294.8,4,590.95
28,6,1,2026-04-26,26049,570,1084.56,27,4801.59
28,6,1,2026-04-27,9989,398,1839.64,49,16819.69
28,6,1,2026-05-03,9836,110,168.24,8,2001.03
28,6,1,2026-05-24,30134,638,2206.45,8,452.33
28,6,1,2026-05-26,26747,1064,4715.05,72,16961.8
28,6,1,2026-05-30,34859,524,2244.36,42,4039.15
28,6,1,2026-05-31,8767,643,2170.9,89,32834.69
28,6,1,2026-06-01,33164,2213,4979.15,63,18357.8
28,6,1,2026-06-04,35743,1421,1425.98,171,16228.37
28,6,1,2026-06-17,23772,1389,5643.82,50,17204.84
28,6,1,2026-06-22,5258,142,482.48,17,4314.88
28,6,1,2026-06-24,16230,443,1427.78,30,5846.57
28,6,1,2026-06-25,5170,151,112.33,12,777.05
28,6,1,2026-06-27,28467,1130,1010.7,126,9437.59
28,6,1,2026-07-01,7393,175,592.68,9,1950.73
28,6,1,2026-07-03,36892,2020,2436.26,153,43040.37
28,6,1,2026-07-05,20229,670,632.42,40,2620.65
28,6,1,2026-07-11,1869,87,278.06,7,2352.73
28,6,1,2026-07-12,38795,796,1910.01,14,4898.77
28,6,1,2026-07-13,32531,1769,8498.38,160,52770.15
28,6,1,2026-07-17,32039,1203,2960.85,165,39357.12
28,6,1,2026-07-18,27144,1218,3421.7,86,11891.18
28,6,1,2026-07-20,33765,1187,735.04,39,14068.81
28,6,1,2026-07-21,18763,955,3282.09,113,35246.88
28,6,1,2026-07-22,11847,337,984.74,6,1901.17
28,6,1,2026-07-23,40547,1235,3074.3,144,29615.77
28,6,1,2026-07-24,19460,1165,4735.96,47,11906.86
28,6,1,2026-07-26,14911,760,3097.3,100,20000.51
28,6,1,2026-08-05,33627,2409,10726.67,157,59973.09
28,6,1,2026-08-09,31933,1459,4432.74,19,3689.75
29,6,2,2025-08-20,4764,368,313.98,12,4042.05
29,6,2,2025-08-22,3688,293,916.53,19,6776.85
29,6,2,2025-08-25,36018,1838,8548.37,151,20839.12
29,6,2,2025-09-02,20538,480,1902.6,14,2077.87
29,6,2,2025-09-09,25821,635,741.66,53,3517.93
29,6,2,2025-09-19,34683,1686,5050.96,92,25324.57
29,6,2,2025-09-21,18133,1360,3676.47,89,22448.22
29,6,2,2025-09-22,26587,452,501.08,36,9655.56
29,6,2,2025-09-23,16369,700,3303.36,14,2418.24
29,6,2,2025-10-01,46855,2315,2771.71,224,50294.13
29,6,2,2025-10-02,12259,838,686.83,117,43387.96
29,6,2,2025-10-03,9144,313,1277.58,42,14411.46
29,6,2,2025-10-05,31080,510,817.95,50,11162.83
29,6,2,2025-10-08,25523,693,530.08,76,26375.01
29,6,2,2025-10-13,25758,1244,829.62,120,14511.54
29,6,2,2025-10-17,39517,815,1034.49,67,25197.32
29,6,2,2025-10-31,34666,681,1992.85,93,33699.57
29,6,2,2025-11-08,10282,511,849.39,50,14275.7
29,6,2,2025-11-10,42148,1466,2011.81,162,61852.84
29,6,2,2025-11-13,39252,1083,4146.48,52,5256.99
29,6,2,2025-11-14,5953,109,97.25,1,178.25
29,6,2,2025-11-17,46279,2895,5440.13,367,46021.91
29,6,2,2025-11-19,3021,114,442.78,9,1551.56
29,6,2,2025-11-24,26934,2009,8563.75,213,59741.6
29,6,2,2025-11-26,18218,307,328.28,13,3879.61
29,6,2,2025-12-04,10913,436,435.16,50,14558.93
29,6,2,2025-12-07,40970,1275,1834.19,72,14466.87
29,6,2,2025-12-09,20795,1145,1618.32,95,27011.63
29,6,2,2025-12-16,18176,392,418.84,20,3659.89
29,6,2,2025-12-19,26199,1698,6584.41,36,3344.78
29,6,2,2025-12-23,7536,288,824.41,29,5520.43
29,6,2,2025-12-24,21946,518,2537.31,58,12066.46
29,6,2,2025-12-25,25879,1915,3368.57,103,24352.37
29,6,2,2026-01-03,18159,295,324.59,36,10060.81
29,6,2,2026-01-04,29279,2169,2401.17,171,29827.23
29,6,2,2026-01-09,27134,529,2466.16,58,3841.03
29,6,2,2026-01-15,40309,1329,2548.08,91,28279.18
29,6,2,2026-01-18,35077,557,1858.46,63,12615.33
29,6,2,2026-01-22,26697,761,776.16,98,28607.85
29,6,2,2026-01-25,3899,134,156.49,9,3076.55
29,6,2,2026-01-26,11782,129,289.46,3,977.88
29,6,2,2026-02-03,11520,569,647.77,5,388.79
29,6,2,2026-02-06,46740,1785,3146.72,137,29039.87
29,6,2,2026-02-08,6077,268,473.64,21,2157.75
29,6,2,2026-02-10,7596,130,411.52,6,2184.64
29,6,2,2026-02-11,47104,2616,5073.7,141,56314.68
29,6,2,2026-02-12,9455,484,1855.36,71,20980.13
29,6,2,2026-02-17,22249,445,1688.58,18,4438.42
29,6,2,2026-02-24,37452,1546,4042.35,154,46998.96
29,6,2,2026-02-25,24056,395,1045.65,48,13880.17
29,6,2,2026-02-27,8483,587,2017.08,42,8547.4
29,6,2,2026-03-08,19171,746,3394.89,15,5592.13
29,6,2,2026-03-09,11461,372,1189.7,15,938.86
29,6,2,2026-03-10,24618,514,755.12,49,9140.02
29,6,2,2026-03-11,26055,400,1395.43,35,6744.16
29,6,2,2026-03-18,42966,1448,849.58,144,56939.96
29,6,2,2026-03-20,47887,937,1743.85,80,20508.17
29,6,2,2026-03-24,15691,645,2341.2,13,1176.3
29,6,2,2026-04-01,33943,2223,8860.99,301,109949.09
29,6,2,2026-04-06,4012,267,208.28,33,4825.54
29,6,2,2026-04-19,25533,1980,6031.54,205,42254.72
29,6,2,2026-04-23,45543,2738,12835.94,269,81852.64
29,6,2,2026-04-26,9927,661,2716.95,53,20316.21
29,6,2,2026-05-01,35426,1658,2341.81,237,32152.19
29,6,2,2026-05-02,34762,1564,2742.93,84,5372.03
29,6,2,2026-05-03,47349,847,2237.0,108,19327.54
29,6,2,2026-05-13,7957,286,297.36,23,5913.67
29,6,2,2026-05-16,44156,2890,8220.08,287,42289.53
29,6,2,2026-05-20,10664,719,1819.99,106,29045.08
29,6,2,2026-05-21,30519,1010,3899.66,12,2154.39
29,6,2,2026-05-25,48315,3633,17739.54,195,53737.38
29,6,2,2026-05-26,7915,518,1427.25,66,17823.9
29,6,2,2026-05-28,26996,962,3376.08,95,15191.37
29,6,2,2026-06-04,33107,1736,5428.78,137,45310.63
29,6,2,2026-06-07,35124,2292,2728.96,128,34966.2
29,6,2,2026-06-09,15225,193,764.21,27,4250.92
29,6,2,2026-06-13,39867,1171,3624.93,72,9434.55
29,6,2,2026-06-18,13629,314,364.27,30,4182.34
29,6,2,2026-06-21,21116,1599,3907.19,221,79325.52
29,6,2,2026-06-22,15279,886,3827.97,99,38126.44
29,6,2,2026-06-26,35949,2280,3106.6,50,11081.66
29,6,2,2026-06-30,1500,21,53.39,0,0.0
29,6,2,2026-07-02,16991,916,1519.79,90,32211.95
29,6,2,2026-07-07,41312,1591,7531.86,232,48037.59
29,6,2,2026-07-11,2418,183,432.68,3,248.23
29,6,2,2026-07-14,42962,1316,5309.39,185,15267.05
29,6,2,2026-07-17,16449,1223,2916.97,117,39074.95
29,6,2,2026-07-20,49069,1781,4322.22,44,8335.37
29,6,2,2026-07-23,43759,728,3487.61,83,22043.6
29,6,2,2026-07-25,45502,2782,7234.44,230,37745.02
29,6,2,2026-07-31,6338,473,1684.34,37,9890.44
29,6,2,2026-08-03,21363,1243,1336.05,77,15608.26
29,6,2,2026-08-04,12549,353,904.24,25,5814.65
29,6,2,2026-08-12,42709,467,2121.75,13,4138.79
30,6,3,2025-08-23,38177,503,696.19,35,7815.0
30,6,3,2025-08-24,20191,997,2483.84,60,8629.01
30,6,3,2025-08-26,42415,554,939.18,48,9330.73
30,6,3,2025-09-02,17810,1165,2461.51,77,11599.77
30,6,3,2025-09-03,33732,377,961.95,42,16222.95
30,6,3,2025-09-04,44749,1142,990.2,67,22079.03
30,6,3,2025-09-06,36674,2928,11665.79,120,37415.08
30,6,3,2025-09-12,22314,427,1557.26,43,10351.71
30,6,3,2025-09-17,27660,952,2104.21,53,4363.93
30,6,3,2025-09-18,29605,2250,10412.15,277,74792.28
30,6,3,2025-09-21,32619,2428,1428.21,109,15576.47
30,6,3,2025-09-22,1409,51,241.19,6,2286.61
30,6,3,2025-09-23,13058,854,3012.22,107,14714.55
30,6,3,2025-10-03,13457,543,758.08,46,9559.32
30,6,3,2025-10-08,41554,1538,6099.6,228,57479.93
30,6,3,2025-10-11,19304,815,2622.19,85,15575.68
30,6,3,2025-10-15,34038,1215,4045.49,156,21787.71
30,6,3,2025-10-27,13404,621,2116.1,84,6116.84
30,6,3,2025-10-28,21888,557,1511.16,76,24010.2
30,6,3,2025-10-29,21873,235,414.3,16,5800.24
30,6,3,2025-11-07,47902,521,1003.75,44,12284.88
30,6,3,2025-11-10,6598,435,1611.57,54,15486.57
30,6,3,2025-11-15,9226,188,375.39,15,3931.59
30,6,3,2025-11-16,39531,475,2252.69,67,8304.57
30,6,3,2025-11-17,28133,736,1475.37,32,10530.7
30,6,3,2025-11-19,44808,3348,2004.91,275,38415.99
30,6,3,2025-11-23,3492,135,566.99,5,1879.41
30,6,3,2025-11-30,40775,2670,13057.35,165,10865.8
30,6,3,2025-12-01,4058,259,1108.9,2,105.0
30,6,3,2025-12-02,14762,764,3212.34,62,10003.42
30,6,3,2025-12-03,42336,1994,5790.26,287,63191.55
30,6,3,2025-12-06,27025,1705,6017.89,143,46775.15
30,6,3,2025-12-11,28487,1635,6785.23,162,32491.98
30,6,3,2025-12-24,42578,2202,3947.09,311,101242.44
30,6,3,2025-12-31,44740,2811,9213.02,237,92017.61
30,6,3,2026-01-02,14571,785,1368.16,32,4406.56
30,6,3,2026-01-06,13244,764,822.58,93,34579.42
30,6,3,2026-01-10,21969,1429,2605.76,30,5254.63
30,6,3,2026-01-12,11777,851,1111.85,111,7545.49
30,6,3,2026-01-16,5742,201,258.47,9,2095.98
30,6,3,2026-01-19,25935,1493,875.15,19,4131.94
30,6,3,2026-01-29,13720,625,2840.74,61,11971.36
30,6,3,2026-01-30,24393,385,1450.5,49,9410.04
30,6,3,2026-02-02,15573,908,3657.07,96,34094.62
30,6,3,2026-02-03,48896,889,812.52,70,10855.81
30,6,3,2026-02-06,24218,696,2213.83,57,11597.53
30,6,3,2026-02-07,48496,2079,6028.85,303,93330.63
30,6,3,2026-02-12,9820,190,364.3,14,2375.47
30,6,3,2026-02-19,20973,1167,941.22,87,34216.41
30,6,3,2026-03-06,40221,744,1076.82,108,38943.75
30,6,3,2026-03-07,10465,516,2459.42,18,2512.88
30,6,3,2026-03-18,41022,1453,7082.75,112,33808.55
30,6,3,2026-03-23,5945,132,143.22,12,3226.03
30,6,3,2026-03-24,1166,71,253.25,1,379.44
30,6,3,2026-03-27,40234,811,2226.86,93,14339.34
30,6,3,2026-03-29,11937,807,3376.17,16,4014.36
30,6,3,2026-03-31,18412,788,1570.01,96,9987.33
30,6,3,2026-04-06,18241,810,2196.63,77,23859.69
30,6,3,2026-04-07,29015,1366,831.33,80,17384.85
30,6,3,2026-04-10,31159,1729,3330.67,251,90084.44
30,6,3,2026-04-11,14186,152,336.78,13,4749.18
30,6,3,2026-04-15,32751,2254,8618.86,105,31524.7
30,6,3,2026-04-20,34166,831,2038.71,116,37957.93
30,6,3,2026-04-30,8106,606,395.2,9,621.95
30,6,3,2026-05-01,32803,549,1600.16,51,9099.1
30,6,3,2026-05-10,2460,87,84.82,8,2234.79
30,6,3,2026-05-14,11112,352,973.44,33,4775.43
30,6,3,2026-05-15,34133,682,1415.2,39,9595.8
30,6,3,2026-05-20,3927,256,679.8,25,5934.43
30,6,3,2026-05-21,19138,227,216.6,31,11803.81
30,6,3,2026-05-29,47143,1799,8625.82,110,9229.61
30,6,3,2026-05-30,47315,743,3631.57,11,1588.56
30,6,3,2026-06-08,46181,803,813.62,103,13961.33
30,6,3,2026-06-10,16776,699,918.08,8,2851.13
30,6,3,2026-06-13,26626,1411,2566.12,105,31057.91
30,6,3,2026-06-14,35670,2259,9587.89,162,21313.38
30,6,3,2026-06-15,17548,298,1304.31,7,2532.69
30,6,3,2026-06-19,31622,1354,5181.05,187,66583.0
30,6,3,2026-06-20,45325,685,2553.65,37,7882.73
30,6,3,2026-06-21,47739,2774,3650.54,138,36122.4
30,6,3,2026-06-27,2746,182,339.81,4,430.28
30,6,3,2026-06-30,48437,1170,2738.27,143,37364.67
30,6,3,2026-07-02,12414,666,1526.42,10,3053.98
30,6,3,2026-07-13,13864,571,1668.03,42,6132.57
30,6,3,2026-07-14,31108,1458,5546.75,168,12731.56
30,6,3,2026-07-17,22809,1093,2164.5,29,2252.47
30,6,3,2026-07-20,12629,308,1181.07,33,10961.87
30,6,3,2026-07-25,16358,629,327.74,80,12029.63
30,6,3,2026-07-28,14202,567,1019.18,15,1749.3
30,6,3,2026-07-29,28347,759,3036.26,87,20471.54
30,6,3,2026-08-05,46270,500,1129.28,23,5431.48
30,6,3,2026-08-14,37294,1618,1242.68,149,14599.89
30,6,3,2026-08-17,46610,849,3991.04,101,18866.21
30,6,3,2026-08-18,41806,1478,2717.01,127,22593.05
31,100,1,2025-08-23,24223,1452,4632.04,202,46189.03
31,100,1,2025-08-26,10862,260,690.03,8,1160.73
31,100,1,2025-08-30,14216,582,541.4,86,31093.28
31,100,1,2025-09-01,9674,725,1783.88,76,30199.39
31,100,1,2025-09-03,2973,209,193.8,30,10438.85
31,100,1,2025-09-05,15945,333,1130.18,47,12624.42
31,100,1,2025-09-15,32424,1073,2762.83,45,7559.64
31,100,1,2025-09-16,45627,3281,15400.32,264,14891.61
31,100,1,2025-09-19,39181,809,2902.9,42,3977.05
31,100,1,2025-09-22,49297,960,3449.13,91,26883.11
31,100,1,2025-09-27,49255,2111,6091.7,208,63637.67
31,100,1,2025-09-28,13775,615,1219.99,42,10938.67
31,100,1,2025-09-30,3646,199,299.36,20,1700.57
31,100,1,2025-10-01,46829,3368,4504.38,211,72711.67
31,100,1,2025-10-07,2816,110,199.53,11,3656.61
31,100,1,2025-10-08,47629,3581,14272.01,80,10457.99
31,100,1,2025-10-10,41662,2799,3813.29,79,27763.57
31,100,1,2025-10-12,32715,1729,1222.51,185,45390.92
31,100,1,2025-10-18,28625,1617,3678.68,145,57554.18
31,100,1,2025-10-22,29753,1785,3760.92,109,8380.02
31,100,1,2025-10-28,9824,153,736.48,9,2412.4
31,100,1,2025-10-30,44228,2860,2090.23,260,47062.38
31,100,1,2025-11-07,32746,518,583.5,69,15286.0
31,100,1,2025-11-08,7583,77,49.57,9,1245.72
31,100,1,2025-11-09,29756,879,1688.95,82,19565.26
31,100,1,2025-11-11,11810,230,405.09,7,482.39
31,100,1,2025-11-13,20491,1132,2007.27,95,8889.8
31,100,1,2025-11-14,49366,1416,7026.42,45,9146.07
31,100,1,2025-11-16,29704,802,672.63,12,4584.7
31,100,1,2025-11-17,37848,445,322.61,41,11669.57
31,100,1,2025-11-20,42957,1492,6690.64,64,16891.64
31,100,1,2025-11-23,2004,144,666.69,10,1342.53
31,100,1,2025-11-30,38510,1565,5393.06,176,19435.46
31,100,1,2025-12-01,9458,623,632.12,13,2916.5
31,100,1,2025-12-03,17097,728,1367.45,55,15907.81
31,100,1,2025-12-04,43600,2862,10061.51,135,25562.61
31,100,1,2025-12-05,24496,1687,4186.88,168,17792.8
31,100,1,2025-12-06,14528,1050,3660.97,137,9884.87
31,100,1,2025-12-09,4645,354,1303.01,24,3437.38
31,100,1,2025-12-13,49530,3135,6384.2,283,18822.57
31,100,1,2025-12-14,41896,1447,4627.63,37,12403.4
31,100,1,2025-12-16,29250,776,1189.95,17,1744.25
31,100,1,2025-12-17,12799,940,2849.59,41,5308.22
31,100,1,2025-12-21,23110,1543,3207.76,60,22162.92
31,100,1,2025-12-23,13839,476,876.91,46,11454.44
31,100,1,2025-12-28,10989,144,622.96,19,4396.68
31,100,1,2026-01-05,11518,512,1465.66,53,10984.56
31,100,1,2026-01-07,28181,1104,2032.86,68,5337.85
31,100,1,2026-01-09,23022,536,818.24,77,6690.42
31,100,1,2026-01-11,6236,190,296.25,12,3912.2
31,100,1,2026-01-12,18132,792,3743.04,41,2331.93
31,100,1,2026-01-18,14400,1088,1314.56,21,2999.26
31,100,1,2026-01-20,19094,1361,4355.98,34,10820.21
31,100,1,2026-01-23,8629,115,391.48,12,1972.6
31,100,1,2026-02-09,3894,260,919.29,12,4675.38
31,100,1,2026-02-12,45600,1957,6459.65,197,16124.8
31,100,1,2026-02-14,18047,539,2577.67,55,8806.67
31,100,1,2026-02-20,30739,965,4593.48,89,13329.78
31,100,1,2026-02-28,33575,1484,1599.26,68,26829.97
31,100,1,2026-03-03,31541,1640,4062.53,201,49409.86
31,100,1,2026-03-12,41450,2823,8740.29,140,28187.61
31,100,1,2026-04-02,16606,909,1119.39,112,31968.73
31,100,1,2026-04-03,21350,922,816.83,111,16567.48
31,100,1,2026-04-05,3830,132,174.0,10,2527.45
31,100,1,2026-04-12,34382,2222,5271.35,127,9623.71
31,100,1,2026-04-15,10251,364,975.41,22,8525.15
31,100,1,2026-04-17,28292,1777,6461.8,233,67442.42
31,100,1,2026-04-18,41592,1846,1173.64,198,15822.25
31,100,1,2026-04-22,23891,334,202.38,25,9997.13
31,100,1,2026-04-28,32028,442,551.18,31,10545.43
31,100,1,2026-04-29,33949,1121,4378.84,17,3272.06
31,100,1,2026-05-01,9571,101,247.37,3,473.7
31,100,1,2026-05-02,7034,514,1259.04,52,18088.69
31,100,1,2026-05-04,3976,54,35.72,1,394.34
31,100,1,2026-05-12,29956,1506,7327.64,18,7189.58
31,100,1,2026-05-28,35127,2492,1496.7,282,30820.02
31,100,1,2026-06-01,1764,27,65.07,0,0.0
31,100,1,2026-06-05,47167,655,702.71,52,20194.07
31,100,1,2026-06-08,25682,1702,1324.24,42,6881.86
31,100,1,2026-06-11,35929,2744,3062.09,411,146036.05
31,100,1,2026-06-13,32194,881,2812.05,84,27991.19
31,100,1,2026-06-14,41529,2752,2912.48,237,89075.2
31,100,1,2026-06-15,26205,746,2913.99,80,20488.92
31,100,1,2026-06-20,48409,2717,7329.12,259,85940.12
31,100,1,2026-06-23,37288,864,1462.55,93,35870.33
31,100,1,2026-06-24,29888,2175,7234.55,316,96531.69
31,100,1,2026-06-26,45181,1348,4181.79,199,22098.63
31,100,1,2026-06-27,15661,856,3015.7,29,4319.52
31,100,1,2026-06-28,17315,573,330.43,24,5259.37
31,100,1,2026-06-29,2646,102,179.68,9,2781.85
31,100,1,2026-07-04,30691,2254,5812.73,122,34575.39
31,100,1,2026-07-05,32562,2166,8514.15,205,77518.66
31,100,1,2026-07-14,13480,639,903.54,46,9788.85
31,100,1,2026-07-15,5555,142,537.26,9,3383.23
31,100,1,2026-07-16,32542,1557,2461.41,146,26776.74
31,100,1,2026-07-22,38558,2704,3433.63,59,3767.1
31,100,1,2026-07-23,17008,410,1897.08,11,1990.53
31,100,1,2026-07-25,5528,408,1413.24,24,4204.85
31,100,1,2026-07-27,31472,1406,2714.18,60,5457.59
31,100,1,2026-08-01,49428,1883,2983.19,198,23599.08
31,100,1,2026-08-02,46085,3526,7496.73,317,121070.65
31,100,1,2026-08-05,44412,2341,10203.79,288,100692.99
31,100,1,2026-08-06,4021,222,872.4,31,10254.14
31,100,1,2026-08-09,23468,240,621.68,35,12176.35
31,100,1,2026-08-16,37860,2483,1908.36,211,36331.0
31,100,1,2026-08-17,31573,1139,3309.78,168,55393.88
31,100,1,2026-08-18,21643,505,413.2,5,626.61
32,100,2,2025-08-18,31434,1377,4087.56,175,48491.35
32,100,2,2025-08-25,23656,1021,2714.68,102,6680.71
32,100,2,2025-08-26,1969,103,513.43,15,5012.12
32,100,2,2025-08-27,21404,475,768.95,64,3323.01
32,100,2,2025-08-29,5642,351,863.94,40,15067.91
32,100,2,2025-09-04,13864,323,255.51,28,9456.51
32,100,2,2025-09-08,29752,719,1786.81,19,5496.07
32,100,2,2025-09-19,32826,2403,1396.35,294,64024.74
32,100,2,2025-09-27,3793,135,306.24,12,4744.85
32,100,2,2025-09-28,16537,346,592.33,17,2666.45
32,100,2,2025-10-04,18552,321,622.0,32,7167.33
32,100,2,2025-10-09,29228,666,678.92,42,7889.02
32,100,2,2025-10-12,30090,1086,3810.11,112,7808.61
32,100,2,2025-10-13,39951,2984,7237.11,309,107398.25
32,100,2,2025-10-20,14492,1012,594.35,135,22518.22
32,100,2,2025-11-04,39377,2688,10424.69,358,119517.07
32,100,2,2025-11-05,31190,820,2684.46,16,3650.36
32,100,2,2025-11-10,40528,1079,2666.64,70,18964.0
32,100,2,2025-11-13,20168,1342,894.3,40,3374.46
32,100,2,2025-11-14,24881,800,3086.7,12,909.81
32,100,2,2025-11-22,40323,1073,3039.42,88,31238.02
32,100,2,2025-11-23,27877,2000,3131.23,58,14595.62
32,100,2,2025-12-02,36221,1123,3725.59,130,11198.03
32,100,2,2025-12-05,42704,1796,2161.63,62,4032.02
32,100,2,2025-12-06,32993,1305,6177.19,18,2539.43
32,100,2,2025-12-07,2678,66,106.37,5,257.05
32,100,2,2025-12-08,30218,1638,2264.97,185,15134.07
32,100,2,2025-12-12,1683,126,194.66,2,785.83
32,100,2,2025-12-16,29786,387,979.74,33,7043.28
32,100,2,2025-12-22,34664,2345,10356.33,116,38055.2
32,100,2,2025-12-23,7879,117,213.2,16,4914.53
32,100,2,2025-12-25,17848,664,2525.73,21,3122.12
32,100,2,2025-12-27,6734,215,186.72,8,2834.35
32,100,2,2026-01-08,15637,1063,4231.26,141,50279.15
32,100,2,2026-01-17,7557,455,1697.53,9,2417.23
32,100,2,2026-01-20,31951,475,1427.88,67,22631.92
32,100,2,2026-01-24,49756,1646,3426.58,154,60300.77
32,100,2,2026-01-25,16573,928,4124.71,104,10150.86
32,100,2,2026-01-27,40771,1443,5393.4,183,60420.73
32,100,2,2026-02-03,47829,2034,5378.36,24,1375.46
32,100,2,2026-02-07,46238,1370,3653.07,31,1712.03
32,100,2,2026-02-08,15847,747,2039.61,29,6029.49
32,100,2,2026-02-11,31955,1994,8371.77,289,77537.2
32,100,2,2026-02-12,43871,3088,13573.61,118,31644.14
32,100,2,2026-02-14,22369,506,2072.96,16,4953.96
32,100,2,2026-02-15,3810,76,130.58,11,964.55
32,100,2,2026-02-18,39386,2733,4526.08,123,11216.62
32,100,2,2026-02-27,38009,2322,5414.42,25,3787.04
32,100,2,2026-03-04,28114,1974,3506.49,107,10584.67
32,100,2,2026-03-05,48441,1727,5779.7,202,23117.55
32,100,2,2026-03-09,31068,2339,4931.82,58,4579.35
32,100,2,2026-03-10,43475,3442,6371.59,130,20056.28
32,100,2,2026-03-12,21189,880,2982.17,28,1915.31
32,100,2,2026-03-13,8089,506,648.07,14,5245.29
32,100,2,2026-03-16,8749,461,1615.59,30,11067.78
32,100,2,2026-03-17,8173,273,1258.54,11,4125.51
32,100,2,2026-03-30,31176,1763,7045.15,127,8832.29
32,100,2,2026-04-12,25067,1250,5055.08,86,16861.47
32,100,2,2026-04-26,5099,67,235.46,3,925.28
32,100,2,2026-04-28,34827,2537,10955.22,275,37114.32
32,100,2,2026-04-30,30548,1939,1103.55,34,11645.22
32,100,2,2026-05-04,19616,850,790.61,94,13139.51
32,100,2,2026-05-11,5839,255,523.21,14,5060.72
32,100,2,2026-05-14,1258,37,91.9,4,1360.59
32,100,2,2026-05-15,8570,335,1028.19,33,4879.52
32,100,2,2026-05-18,2276,66,275.78,2,342.77
32,100,2,2026-05-19,30100,1712,7372.31,225,12865.93
32,100,2,2026-05-24,22807,479,1057.08,29,8030.72
32,100,2,2026-05-26,23939,1810,7259.8,63,6946.31
32,100,2,2026-05-30,26008,2054,8377.4,236,34490.94
32,100,2,2026-06-07,35850,703,2495.55,90,24923.76
32,100,2,2026-06-09,4567,292,1441.53,10,1709.44
32,100,2,2026-06-10,47866,2442,4700.12,332,31998.12
32,100,2,2026-06-24,20069,1464,4466.02,177,31377.57
32,100,2,2026-07-03,27065,430,612.98,20,4913.88
32,100,2,2026-07-04,44582,1914,5136.31,106,13165.3
32,100,2,2026-07-07,9575,172,687.38,2,333.22
32,100,2,2026-07-10,43775,1401,2736.8,201,47562.75
32,100,2,2026-07-18,38736,3078,9226.79,177,54929.33
32,100,2,2026-08-03,42039,1073,1539.65,16,3187.73
32,100,2,2026-08-05,30042,588,1141.62,69,21593.43
32,100,2,2026-08-06,19919,221,178.16,24,4169.62
32,100,2,2026-08-08,37051,1834,7990.13,38,13283.5
32,100,2,2026-08-09,26196,1236,2480.71,72,9844.78
32,100,2,2026-08-10,41136,2724,7970.46,198,74128.2
32,100,2,2026-08-14,14124,521,618.64,60,7519.05
32,100,2,2026-08-17,29240,1445,3122.55,182,17623.77
33,100,3,2025-08-18,8551,452,1533.17,55,8273.19
33,100,3,2025-08-21,22947,1056,2339.02,101,12698.48
33,100,3,2025-08-26,10855,226,894.14,5,1105.76
33,100,3,2025-08-30,39825,1128,4509.06,91,8441.24
33,100,3,2025-09-09,37940,1619,1282.71,146,21952.18
33,100,3,2025-09-22,20874,1589,4119.11,27,7969.0
33,100,3,2025-09-25,26596,1059,4614.49,85,16885.22
33,100,3,2025-09-27,35975,2524,1976.14,331,22445.0
33,100,3,2025-09-28,36437,2499,10472.95,324,81544.89
33,100,3,2025-10-02,48669,3444,16852.08,209,70590.43
33,100,3,2025-10-04,27335,1127,5022.7,135,33698.54
33,100,3,2025-10-06,16433,924,3713.41,48,14927.77
33,100,3,2025-10-07,49142,2995,9094.55,286,99338.37
33,100,3,2025-10-08,13731,492,1796.0,36,3171.38
33,100,3,2025-10-13,13084,381,1809.61,48,13404.1
33,100,3,2025-10-15,46340,1451,4620.97,102,20922.76
33,100,3,2025-10-19,26242,1010,2867.42,69,20369.4
33,100,3,2025-10-28,25408,1005,3754.46,70,3524.8
33,100,3,2025-10-30,42813,1298,3942.88,190,54151.6
33,100,3,2025-11-02,15530,659,1382.99,32,3683.56
33,100,3,2025-11-08,13081,654,1659.07,43,11221.2
33,100,3,2025-11-11,7799,100,453.35,11,3739.6
33,100,3,2025-11-15,25084,1707,7822.34,140,27314.25
33,100,3,2025-11-21,49966,3972,2599.33,242,48078.04
33,100,3,2025-11-23,5918,143,439.96,14,867.29
33,100,3,2025-11-24,18473,185,322.09,17,4429.34
33,100,3,2025-11-26,6421,302,1224.86,12,1867.27
33,100,3,2025-11-29,41621,3221,12992.92,313,70154.83
33,100,3,2025-12-02,42243,1570,2865.44,25,8702.98
33,100,3,2025-12-06,28952,1068,4692.78,45,13139.55
33,100,3,2025-12-09,5637,71,125.04,4,1179.75
33,100,3,2025-12-11,18554,1417,4578.55,62,21120.91
33,100,3,2025-12-12,28482,2188,10885.78,177,12039.17
33,100,3,2025-12-13,30574,1375,2957.04,68,10106.59
33,100,3,2025-12-14,2156,66,314.38,3,897.74
33,100,3,2025-12-15,17521,727,499.07,98,9937.59
33,100,3,2025-12-23,4571,288,805.28,34,10683.38
33,100,3,2025-12-30,23339,419,1564.28,19,3741.6
33,100,3,2026-01-02,6652,488,1203.72,65,16507.43
33,100,3,2026-01-04,37233,773,3115.27,63,6254.76
33,100,3,2026-01-09,13208,903,3242.61,35,12378.9
33,100,3,2026-01-10,34889,932,2720.51,48,14543.48
33,100,3,2026-01-17,16235,724,2747.3,73,15246.88
33,100,3,2026-01-21,31665,740,1729.47,45,2979.78
33,100,3,2026-01-30,32779,2568,3673.58,113,18990.32
33,100,3,2026-02-03,44877,1124,3584.98,152,24885.03
33,100,3,2026-02-05,18035,1161,1727.84,142,40598.79
33,100,3,2026-02-06,30600,1507,4651.63,177,41551.24
33,100,3,2026-02-09,21752,1626,5898.06,157,43217.3
33,100,3,2026-02-12,25204,881,1062.4,90,23645.61
33,100,3,2026-02-14,3346,45,61.5,4,1490.58
33,100,3,2026-02-16,9455,533,1323.88,18,7025.01
33,100,3,2026-02-25,29334,1037,5135.43,32,8812.03
33,100,3,2026-02-26,6123,332,235.01,8,1214.83
33,100,3,2026-02-28,38264,1837,3123.76,66,9818.27
33,100,3,2026-03-03,33388,1498,6099.5,84,32352.25
33,100,3,2026-03-15,20520,969,1921.63,136,24158.13
33,100,3,2026-03-22,4649,47,173.67,4,563.66
33,100,3,2026-03-26,43446,943,1643.31,42,2776.51
33,100,3,2026-04-01,37760,1689,2289.68,227,79138.23
33,100,3,2026-04-06,15797,983,2019.38,77,21758.79
33,100,3,2026-04-16,11526,575,2259.9,25,6629.33
33,100,3,2026-04-17,3131,154,220.29,15,3662.88
33,100,3,2026-04-19,17484,344,275.31,22,6618.65
33,100,3,2026-04-21,21060,366,1817.99,10,1098.18
33,100,3,2026-04-27,47479,2072,3481.17,199,40319.65
33,100,3,2026-04-29,3461,50,145.85,5,1212.2
33,100,3,2026-05-05,31993,1945,7067.16,224,83005.05
33,100,3,2026-05-19,35522,2016,6392.7,202,72232.77
33,100,3,2026-05-20,2739,212,826.12,11,4184.84
33,100,3,2026-05-25,46679,1091,2794.24,118,44400.43
33,100,3,2026-05-26,8016,425,1702.93,59,2960.27
33,100,3,2026-05-28,37877,510,1652.11,50,10892.47
33,100,3,2026-06-03,41659,1247,950.33,159,56201.2
33,100,3,2026-06-10,45976,622,2448.39,31,11804.67
33,100,3,2026-06-18,47365,502,2006.02,74,15748.84
33,100,3,2026-06-23,25214,604,526.69,7,2223.25
33,100,3,2026-07-01,5921,379,978.45,13,4452.16
33,100,3,2026-07-03,6188,202,473.76,15,1398.99
33,100,3,2026-07-04,42633,1480,1417.25,172,26362.65
33,100,3,2026-07-05,45334,2923,6953.37,355,103016.86
33,100,3,2026-07-07,36442,919,961.48,87,29378.6
33,100,3,2026-07-09,44339,3460,3159.63,384,85432.54
33,100,3,2026-07-14,1904,73,210.79,8,1440.09
33,100,3,2026-07-15,42823,3031,6601.55,354,47446.0
33,100,3,2026-07-28,31537,1227,2084.78,41,15093.88
33,100,3,2026-07-31,45824,1798,5672.96,57,9453.69
33,100,3,2026-08-09,10803,393,680.92,17,2960.97
33,100,3,2026-08-12,29283,2089,3927.93,264,55197.14
33,100,3,2026-08-13,32574,842,1585.9,89,20944.07
33,100,3,2026-08-18,22771,740,1110.67,31,8795.5
34,79,1,2025-08-20,26569,669,1196.91,44,3370.83
34,79,1,2025-08-25,46009,3221,11185.89,79,27385.53
34,79,1,2025-08-29,45650,1526,4116.93,79,16277.18
34,79,1,2025-09-04,40109,2558,2477.8,162,15554.25
34,79,1,2025-09-05,15903,898,3934.54,119,38284.83
34,79,1,2025-09-09,8181,552,2585.45,24,6491.76
34,79,1,2025-09-22,30069,1312,5015.71,73,6651.14
34,79,1,2025-10-04,11350,700,3295.03,10,3519.71
34,79,1,2025-10-08,28465,604,835.26,56,15089.29
34,79,1,2025-10-13,19789,1337,3976.61,175,16462.28
34,79,1,2025-10-17,42875,1321,3833.03,150,51096.36
34,79,1,2025-10-20,43761,527,1961.77,27,7947.12
34,79,1,2025-10-22,34415,1048,4643.36,105,32372.08
34,79,1,2025-10-24,39247,2929,8017.71,108,34295.12
34,79,1,2025-10-25,32563,1843,3003.9,133,42295.58
34,79,1,2025-10-29,36195,1437,3501.66,112,18150.52
34,79,1,2025-10-30,36234,836,1554.56,67,14543.98
34,79,1,2025-11-02,30193,1250,3847.88,108,27153.48
34,79,1,2025-11-07,40871,1644,1113.62,185,27034.65
34,79,1,2025-11-12,24847,1046,5076.48,137,45510.61
34,79,1,2025-11-13,26222,1097,1582.17,163,17965.7
34,79,1,2025-11-15,27084,345,1040.49,21,7842.66
34,79,1,2025-11-20,7630,248,1209.74,29,8635.79
34,79,1,2025-11-23,20167,1182,3295.11,100,19572.07
34,79,1,2025-11-24,33175,2083,4728.23,58,2974.04
34,79,1,2025-11-26,2724,79,64.57,6,489.07
34,79,1,2025-11-28,26132,1213,5105.36,111,40615.91
34,79,1,2025-11-29,41604,2324,8752.47,344,73551.27
34,79,1,2025-12-02,45151,732,3431.55,22,4570.75
34,79,1,2025-12-07,27854,1394,2115.38,154,44366.78
34,79,1,2025-12-09,31457,1424,3629.39,35,8256.02
34,79,1,2025-12-10,41140,978,2070.83,87,13231.34
34,79,1,2025-12-13,47270,2234,6646.71,330,85796.12
34,79,1,2025-12-15,33548,1782,5116.19,130,10046.12
34,79,1,2025-12-18,14453,894,2591.41,58,14260.66
34,79,1,2025-12-19,42741,1176,4203.62,101,24380.99
34,79,1,2025-12-23,26953,1659,3955.14,154,13481.6
34,79,1,2025-12-31,12724,780,625.68,18,2681.5
34,79,1,2026-01-03,4520,103,216.27,14,5088.93
34,79,1,2026-01-08,44430,2500,11040.63,163,10088.85
34,79,1,2026-01-14,2298,166,449.35,14,3117.63
34,79,1,2026-01-18,10110,470,1852.19,47,18186.98
34,79,1,2026-01-19,6918,464,2136.39,38,6729.31
34,79,1,2026-01-27,43621,687,3272.17,10,1136.7
34,79,1,2026-01-29,36368,2791,13888.28,339,78079.59
34,79,1,2026-01-31,24701,1007,1386.31,121,6345.64
34,79,1,2026-02-03,32964,2076,2547.88,209,21289.04
34,79,1,2026-02-05,6933,313,1431.5,11,2295.77
34,79,1,2026-02-07,2777,89,256.3,9,3448.73
34,79,1,2026-02-08,1604,123,281.94,10,1753.3
34,79,1,2026-02-09,48683,3496,4279.66,140,39870.35
34,79,1,2026-02-10,48170,1542,3254.15,102,17580.28
34,79,1,2026-02-15,49922,1381,4770.94,108,13385.19
34,79,1,2026-02-16,12519,702,3283.94,82,17800.62
34,79,1,2026-02-21,5879,219,123.42,2,291.9
34,79,1,2026-02-24,32057,1959,5789.57,274,97309.55
34,79,1,2026-03-04,16176,643,3105.57,44,5887.81
34,79,1,2026-03-05,46837,3574,8674.26,302,102992.51
34,79,1,2026-03-15,16953,587,1027.69,25,9229.64
34,79,1,2026-03-19,48562,1618,5876.69,75,3788.94
34,79,1,2026-03-21,31816,1201,5389.85,54,18904.18
34,79,1,2026-03-22,25781,1338,6076.13,29,3628.27
34,79,1,2026-03-25,39471,2459,1237.41,113,28888.39
34,79,1,2026-03-30,44060,657,2435.58,20,7489.18
34,79,1,2026-04-01,44663,1935,9470.26,80,29451.14
34,79,1,2026-04-06,24738,1280,4765.5,163,38021.18
34,79,1,2026-04-10,36251,2415,10028.98,47,8503.14
34,79,1,2026-04-16,19182,839,1434.07,74,25299.67
34,79,1,2026-04-18,23586,1476,2526.99,159,44641.23
34,79,1,2026-04-24,33566,516,754.17,29,8891.57
34,79,1,2026-04-25,9481,419,2084.27,29,6319.33
34,79,1,2026-04-27,15036,508,362.42,49,10581.57
34,79,1,2026-05-04,24909,1122,1734.28,142,15780.95
34,79,1,2026-05-07,15390,213,499.03,8,453.07
34,79,1,2026-05-09,25471,1763,2242.15,45,16109.33
34,79,1,2026-05-11,22382,716,2055.6,54,13720.31
34,79,1,2026-05-18,2735,214,990.55,19,2123.79
34,79,1,2026-05-21,36894,528,298.73,13,2138.44
34,79,1,2026-05-23,16490,1286,3628.9,149,24519.46
34,79,1,2026-05-25,22466,842,4105.85,56,10559.71
34,79,1,2026-05-27,23790,545,2385.33,33,7218.3
34,79,1,2026-05-31,31015,533,338.1,67,6426.13
34,79,1,2026-06-01,25108,1997,6322.66,219,33816.81
34,79,1,2026-06-11,34930,1137,2173.18,50,11347.03
34,79,1,2026-06-12,15472,641,2088.04,15,1863.29
34,79,1,2026-06-16,10592,564,1536.08,44,7156.54
34,79,1,2026-06-17,10648,405,973.06,38,5888.75
34,79,1,2026-06-24,17883,630,3030.63,46,13882.9
34,79,1,2026-06-26,22706,1208,4144.02,65,22206.35
34,79,1,2026-06-27,5534,323,1255.97,9,2324.99
34,79,1,2026-06-28,46228,1579,5152.0,33,2844.99
34,79,1,2026-07-02,9761,182,375.19,4,1439.83
34,79,1,2026-07-05,9903,114,473.07,8,2771.85
34,79,1,2026-07-18,9511,637,2490.32,47,2670.19
34,79,1,2026-07-21,4900,156,94.35,19,2031.91
34,79,1,2026-07-22,12008,512,2303.98,18,3903.81
34,79,1,2026-07-23,8465,631,3064.02,80,28846.93
34,79,1,2026-08-03,19132,1383,4363.58,77,26769.86
34,79,1,2026-08-04,22143,367,1509.63,6,2127.96
34,79,1,2026-08-13,6228,129,510.26,3,1147.77
34,79,1,2026-08-16,49498,2651,13007.78,175,40752.36
35,79,2,2025-08-18,32138,2119,6736.92,44,11616.28
35,79,2,2025-08-20,22651,1619,7996.34,109,6409.94
35,79,2,2025-08-28,33170,547,1834.53,11,909.19
35,79,2,2025-09-01,16101,334,1151.47,17,1859.74
35,79,2,2025-09-02,30341,1543,7050.85,129,37661.0
35,79,2,2025-09-03,22831,1390,4917.38,66,15638.55
35,79,2,2025-09-08,9725,370,577.4,43,10756.23
35,79,2,2025-09-10,20042,1417,3971.7,142,25131.94
35,79,2,2025-09-15,22647,1353,2164.76,124,36424.84
35,79,2,2025-09-21,10654,795,3446.47,43,14732.84
35,79,2,2025-09-22,42009,3316,8142.53,48,16758.79
35,79,2,2025-09-23,38143,1892,3190.87,117,32412.2
35,79,2,2025-10-02,3248,254,757.63,5,1777.98
35,79,2,2025-10-09,16269,763,3199.42,88,5962.03
35,79,2,2025-10-13,41641,1438,4860.54,163,53279.98
35,79,2,2025-10-18,13564,321,390.48,28,1864.67
35,79,2,2025-11-04,43957,3209,8308.66,264,85300.25
35,79,2,2025-11-07,17630,201,367.73,18,5972.95
35,79,2,2025-11-09,34652,1748,6451.37,229,89006.76
35,79,2,2025-11-13,15102,378,1806.88,43,4482.33
35,79,2,2025-11-16,39127,3113,14684.76,343,70209.66
35,79,2,2025-11-30,43149,1889,6764.43,49,4220.06
35,79,2,2025-12-22,46952,1871,7723.28,130,38091.15
35,79,2,2025-12-25,3863,132,377.31,1,116.48
35,79,2,2025-12-26,23238,948,2858.7,28,7989.6
35,79,2,2025-12-27,32957,1537,6413.7,52,9471.23
35,79,2,2025-12-31,49544,3399,8563.44,465,90250.22
35,79,2,2026-01-07,3020,150,355.89,8,2037.33
35,79,2,2026-01-10,34636,394,822.14,39,7016.89
35,79,2,2026-01-15,23716,806,1946.83,84,17964.55
35,79,2,2026-01-18,44079,3229,10476.48,38,10120.25
35,79,2,2026-01-20,46680,3153,15613.74,339,98900.48
35,79,2,2026-01-22,18059,934,1743.65,33,3954.33
35,79,2,2026-01-23,20400,604,601.84,48,16506.11
35,79,2,2026-01-25,14623,529,990.78,34,10670.41
35,79,2,2026-01-26,14448,785,2739.58,89,14821.91
35,79,2,2026-02-07,11586,233,1071.1,24,6780.24
35,79,2,2026-02-12,23342,1765,3059.46,29,7366.89
35,79,2,2026-02-22,23557,1296,1000.77,181,28307.47
35,79,2,2026-03-12,7198,184,278.45,9,589.23
35,79,2,2026-03-13,12859,458,567.52,59,17882.42
35,79,2,2026-03-20,9038,645,666.8,65,3410.33
35,79,2,2026-03-27,42523,628,1226.65,75,16694.05
35,79,2,2026-04-04,30883,983,957.82,112,24032.4
35,79,2,2026-04-08,30744,1767,5068.12,242,91888.35
35,79,2,2026-04-13,49874,2375,10202.65,129,31293.97
35,79,2,2026-04-15,41111,2532,1873.25,331,124275.46
35,79,2,2026-04-19,1020,71,225.51,1,164.54
35,79,2,2026-04-20,11663,289,865.79,20,6058.79
35,79,2,2026-04-22,9426,710,2390.98,100,25404.25
35,79,2,2026-04-23,12875,782,2961.37,84,28262.77
35,79,2,2026-04-25,1238,15,56.83,0,0.0
35,79,2,2026-05-07,2075,56,138.99,7,948.61
35,79,2,2026-05-08,28325,1681,897.01,122,26984.95
35,79,2,2026-05-11,10577,752,2370.46,15,4313.42
35,79,2,2026-05-19,23792,954,2433.75,127,38559.85
35,79,2,2026-05-20,18602,1337,3441.93,144,16162.1
35,79,2,2026-05-27,14088,1021,3804.38,100,12504.77
35,79,2,2026-05-30,40052,647,723.93,50,17304.05
35,79,2,2026-05-31,27069,1045,5057.19,64,14186.17
35,79,2,2026-06-01,7061,510,1169.62,22,5287.61
35,79,2,2026-06-02,27240,1956,5661.17,139,19875.52
35,79,2,2026-06-04,44103,3269,7363.26,331,117502.99
35,79,2,2026-06-06,25047,1352,3759.86,130,7089.26
35,79,2,2026-06-13,24875,1467,2350.68,190,68211.19
35,79,2,2026-06-15,10270,787,3637.81,78,8424.74
35,79,2,2026-06-18,47443,3189,3643.65,99,34874.79
35,79,2,2026-06-26,1556,18,63.87,0,0.0
35,79,2,2026-06-27,40043,1995,7246.49,44,15710.79
35,79,2,2026-07-03,5414,411,670.32,19,5334.98
35,79,2,2026-07-05,17093,598,1999.74,17,2973.85
35,79,2,2026-07-06,34835,709,3228.05,99,27840.13
35,79,2,2026-07-12,31648,564,1943.63,34,2572.03
35,79,2,2026-07-19,24349,1436,1783.85,165,18718.22
35,79,2,2026-07-21,33424,1793,7992.55,41,15836.71
35,79,2,2026-07-22,33866,1127,3070.34,133,16188.02
35,79,2,2026-07-29,11145,549,1744.76,57,19727.28
35,79,2,2026-07-30,33958,1888,4826.47,49,6690.9
35,79,2,2026-07-31,15174,254,131.61,26,6735.45
35,79,2,2026-08-09,25774,1627,4932.91,123,41596.39
35,79,2,2026-08-14,44410,1776,5838.02,70,6785.36
35,79,2,2026-08-16,2944,54,257.45,5,559.84
36,79,3,2025-08-23,25298,1966,1091.76,120,8849.26
36,79,3,2025-08-27,42105,2468,1380.58,27,6641.07
36,79,3,2025-08-31,43687,2016,4758.65,236,71494.13
36,79,3,2025-09-05,10947,299,1489.16,10,572.28
36,79,3,2025-09-13,15944,377,709.98,49,9021.63
36,79,3,2025-09-18,26784,957,3086.87,62,21638.21
36,79,3,2025-09-21,23352,1144,5065.35,29,3823.97
36,79,3,2025-09-30,9590,537,521.39,44,7978.57
36,79,3,2025-10-07,28161,1756,5893.99,231,33930.2
36,79,3,2025-10-17,4217,254,1054.64,18,6693.14
36,79,3,2025-10-20,20832,1463,6229.5,58,11550.81
36,79,3,2025-10-29,32859,881,3392.03,30,8440.15
36,79,3,2025-10-31,11200,563,1293.69,25,1445.03
36,79,3,2025-11-01,3017,228,803.4,5,1755.97
36,79,3,2025-11-09,38748,1109,2795.57,66,23194.02
36,79,3,2025-11-13,33775,2436,10227.46,289,71008.37
36,79,3,2025-11-14,1658,114,441.03,2,482.31
36,79,3,2025-11-17,1851,77,256.13,8,2607.16
36,79,3,2025-11-24,4916,273,1161.27,9,2675.54
36,79,3,2025-11-26,34170,643,2828.94,45,11067.67
36,79,3,2025-12-01,24085,267,392.91,24,8586.45
36,79,3,2025-12-02,22955,898,3702.87,116,37279.73
36,79,3,2025-12-06,28018,1669,4770.86,30,6616.71
36,79,3,2025-12-15,49010,1975,5653.88,23,8764.91
36,79,3,2025-12-18,33504,1267,816.06,71,8591.81
36,79,3,2025-12-19,19501,449,1807.32,39,4710.52
36,79,3,2025-12-23,41408,654,2426.53,24,9060.82
36,79,3,2025-12-30,32643,1066,4632.43,127,35527.93
36,79,3,2026-01-03,10882,288,1131.09,23,7726.8
36,79,3,2026-01-08,45307,3577,16860.21,307,25231.43
36,79,3,2026-01-12,15459,528,812.77,8,2938.24
36,79,3,2026-01-13,19213,1040,2004.62,20,7242.64
36,79,3,2026-01-17,2039,38,182.33,4,1213.52
36,79,3,2026-01-24,32528,617,1518.71,11,3654.96
36,79,3,2026-01-26,25085,1088,1484.16,64,19403.36
36,79,3,2026-02-01,39752,1171,4223.3,118,28800.69
36,79,3,2026-02-02,17351,461,1711.45,43,6803.69
36,79,3,2026-02-07,11440,438,1668.2,45,14401.36
36,79,3,2026-02-09,8098,472,399.31,17,1129.29
36,79,3,2026-02-12,46805,1986,8808.62,163,45341.18
36,79,3,2026-02-16,35045,734,1864.1,65,12079.06
36,79,3,2026-02-17,16682,499,362.18,39,3456.12
36,79,3,2026-02-28,23304,1707,5738.35,236,79061.67
36,79,3,2026-03-05,28277,2004,6114.33,156,47945.15
36,79,3,2026-03-08,10711,156,394.35,8,2684.54
36,79,3,2026-03-10,48623,2042,7885.93,25,4695.52
36,79,3,2026-03-12,12798,625,1679.09,7,489.95
36,79,3,2026-03-15,30546,700,2928.61,7,457.53
36,79,3,2026-03-16,34461,773,772.44,109,40214.2
36,79,3,2026-04-10,43109,655,2269.77,51,14803.83
36,79,3,2026-04-13,39411,2547,10256.47,313,18972.34
36,79,3,2026-04-14,30959,920,2122.61,45,6159.05
36,79,3,2026-04-17,4265,132,195.38,11,1283.48
36,79,3,2026-04-20,5027,221,1011.31,27,7819.98
36,79,3,2026-04-22,47944,1495,4470.05,174,64800.56
36,79,3,2026-04-24,4992,158,669.32,2,553.05
36,79,3,2026-04-25,8378,601,1044.25,17,1468.55
36,79,3,2026-05-10,29372,1681,8362.97,162,31608.36
36,79,3,2026-05-14,9556,623,1900.45,86,8349.17
36,79,3,2026-05-15,46109,2382,3481.99,204,39774.21
36,79,3,2026-05-22,32673,831,2580.8,38,6461.19
36,79,3,2026-05-23,48835,960,1986.24,60,19214.65
36,79,3,2026-05-28,9097,257,848.91,31,2237.67
36,79,3,2026-05-29,10204,197,191.66,14,2839.57
36,79,3,2026-05-31,7079,530,1601.5,15,4569.23
36,79,3,2026-06-02,24617,1849,6905.62,126,25825.85
36,79,3,2026-06-03,30312,2219,3334.31,57,10450.3
36,79,3,2026-06-04,31965,2054,7651.07,136,40561.53
36,79,3,2026-06-10,35161,1485,4782.74,200,72348.41
36,79,3,2026-06-14,1971,153,470.21,15,4838.41
36,79,3,2026-06-27,20535,240,693.27,26,7819.41
36,79,3,2026-07-06,34553,1352,2239.36,181,60123.64
36,79,3,2026-07-08,8742,215,489.49,2,680.61
36,79,3,2026-07-14,16421,1173,923.5,66,15187.09
36,79,3,2026-07-15,1084,31,22.31,0,0.0
36,79,3,2026-07-28,24981,1526,3858.91,200,29179.23
36,79,3,2026-07-29,25202,1923,6664.62,86,20359.44
36,79,3,2026-07-31,18698,663,2957.6,97,18284.48
36,79,3,2026-08-02,24614,1861,5752.7,128,31658.23
36,79,3,2026-08-03,9746,340,746.51,8,3155.37
36,79,3,2026-08-06,37292,2864,2672.13,411,98643.7
36,79,3,2026-08-08,24098,245,735.77,27,9923.0
37,43,1,2025-08-18,2671,139,148.82,15,2566.63
37,43,1,2025-08-23,15796,685,2054.0,34,7765.45
37,43,1,2025-08-24,24365,712,1465.5,59,11915.47
37,43,1,2025-09-08,10607,554,1007.09,82,26644.94
37,43,1,2025-09-12,23755,1606,1723.95,31,2183.83
37,43,1,2025-09-15,15527,257,529.12,9,3522.61
37,43,1,2025-09-23,24527,1443,3677.84,125,21008.94
37,43,1,2025-09-24,11458,899,2650.56,62,8402.69
37,43,1,2025-09-29,32437,1498,6525.06,114,12310.25
37,43,1,2025-10-05,5786,376,933.93,55,13059.69
37,43,1,2025-10-10,17759,258,418.94,32,8176.5
37,43,1,2025-10-12,20683,591,1189.65,55,19581.04
37,43,1,2025-10-13,14011,744,874.33,40,13748.78
37,43,1,2025-10-14,19440,981,1217.94,74,14407.06
37,43,1,2025-10-15,4869,67,95.87,4,588.11
37,43,1,2025-10-16,44330,1677,5856.47,148,16192.83
37,43,1,2025-10-19,19174,642,2744.04,22,3710.86
37,43,1,2025-11-04,34073,889,1779.52,69,10575.48
37,43,1,2025-11-08,16982,639,2711.22,85,26591.16
37,43,1,2025-11-11,48027,880,3434.07,57,2852.57
37,43,1,2025-11-12,20588,1060,2726.46,74,14327.18
37,43,1,2025-11-17,10793,207,113.12,24,8784.18
37,43,1,2025-11-24,40688,838,579.22,67,20588.8
37,43,1,2025-11-25,23022,1431,5355.05,57,15164.19
37,43,1,2025-12-02,10016,725,3603.8,64,11001.2
37,43,1,2025-12-04,2023,106,417.75,12,1188.14
37,43,1,2025-12-07,41299,2812,10852.8,331,32615.65
37,43,1,2025-12-10,6161,100,280.28,1,128.89
37,43,1,2025-12-12,2654,53,154.36,6,339.98
37,43,1,2025-12-13,44704,2248,10300.96,286,114184.1
37,43,1,2025-12-16,37134,1275,2404.6,76,12565.47
37,43,1,2025-12-18,25032,396,998.44,34,11842.03
37,43,1,2025-12-21,31198,1790,8847.27,224,26997.64
37,43,1,2025-12-23,6152,365,1681.99,53,7667.15
37,43,1,2025-12-24,38397,1517,5228.03,84,29040.26
37,43,1,2025-12-25,35355,1547,4700.38,182,24341.21
37,43,1,2025-12-27,29722,2363,10729.38,97,35252.39
37,43,1,2025-12-30,4654,366,482.76,28,10025.02
37,43,1,2026-01-07,18280,1000,4577.79,100,37065.13
37,43,1,2026-01-08,17105,1193,5627.77,26,2774.78
37,43,1,2026-01-11,13477,167,577.53,7,1057.21
37,43,1,2026-01-12,21368,1655,7415.87,41,11108.14
37,43,1,2026-01-14,34547,1181,1092.43,173,52606.87
37,43,1,2026-01-29,36069,2189,6517.95,322,118441.86
37,43,1,2026-01-31,11559,913,3757.3,46,14222.44
37,43,1,2026-02-01,45367,1152,3093.41,75,23862.77
37,43,1,2026-02-06,15861,1046,3077.8,124,42497.94
37,43,1,2026-02-11,23218,763,3188.06,22,7889.41
37,43,1,2026-02-14,6076,425,638.79,25,3583.26
37,43,1,2026-02-15,30792,853,2646.42,97,6275.03
37,43,1,2026-02-17,32337,732,2545.7,70,24372.17
37,43,1,2026-02-19,12173,436,848.79,58,20218.51
37,43,1,2026-02-21,17310,552,1792.85,10,1165.48
37,43,1,2026-02-24,11257,575,1780.14,84,31124.01
37,43,1,2026-02-27,40055,1394,1971.36,187,58690.23
37,43,1,2026-03-04,15634,745,3641.21,12,2820.4
37,43,1,2026-03-06,38355,2510,10306.78,180,43646.6
37,43,1,2026-03-19,43435,2901,13127.53,290,54429.63
37,43,1,2026-03-21,45864,698,688.77,29,6136.52
37,43,1,2026-03-22,43260,2344,10036.75,232,20904.77
37,43,1,2026-03-28,49573,1813,1539.86,79,30428.01
37,43,1,2026-03-30,47962,708,379.33,10,2710.27
37,43,1,2026-04-03,3957,82,273.14,9,2332.21
37,43,1,2026-04-04,18762,1190,2018.05,59,14121.48
37,43,1,2026-04-08,4067,93,219.6,3,1075.02
37,43,1,2026-04-16,44997,3300,4118.19,211,77074.4
37,43,1,2026-04-17,17454,1185,2299.49,54,16569.36
37,43,1,2026-04-19,7525,473,1510.8,12,4182.99
37,43,1,2026-04-20,28406,777,3559.09,83,13064.91
37,43,1,2026-04-27,35656,2127,7512.21,202,31191.33
37,43,1,2026-05-01,6862,470,2273.67,42,12033.39
37,43,1,2026-05-03,16921,600,1025.59,35,13150.98
37,43,1,2026-05-04,35572,357,1205.64,26,8983.41
37,43,1,2026-05-07,45628,1624,3294.58,120,41686.87
37,43,1,2026-05-08,16208,254,1150.65,36,12604.04
37,43,1,2026-05-19,16181,847,3286.87,100,22730.42
37,43,1,2026-05-25,13471,674,2302.75,50,15783.44
37,43,1,2026-05-26,26914,1381,5566.52,63,19534.5
37,43,1,2026-06-07,23252,1226,3775.8,34,6897.83
37,43,1,2026-06-14,5917,201,410.89,20,4881.82
37,43,1,2026-06-23,27145,1093,799.97,115,35925.47
37,43,1,2026-06-27,39988,2995,9337.91,112,6334.05
37,43,1,2026-06-29,28108,1481,5504.82,69,8797.47
37,43,1,2026-07-05,7713,336,1531.97,21,6801.01
37,43,1,2026-07-13,43858,2809,13043.01,94,23434.62
37,43,1,2026-07-14,47979,599,874.94,42,15031.24
37,43,1,2026-07-15,5521,348,1153.49,20,6066.26
37,43,1,2026-07-16,6987,283,342.83,10,629.98
37,43,1,2026-07-23,39105,1406,6484.02,159,50263.43
37,43,1,2026-07-29,22178,1199,962.72,80,29166.1
37,43,1,2026-08-01,43414,1152,4571.35,98,27915.09
37,43,1,2026-08-04,19301,1422,6110.38,105,21054.41
37,43,1,2026-08-10,36050,2394,6025.48,201,53679.2
37,43,1,2026-08-14,39815,716,2581.86,35,11223.95
37,43,1,2026-08-15,38033,955,1490.05,27,8228.21
37,43,1,2026-08-17,4745,289,465.6,15,2009.49
37,43,1,2026-08-18,39032,2394,7801.42,141,13559.04
38,43,2,2025-08-20,39365,2316,1205.85,165,44227.05
38,43,2,2025-08-21,2612,97,290.4,2,506.88
38,43,2,2025-08-22,23033,1793,3952.48,249,72239.64
38,43,2,2025-08-23,24387,531,1336.05,73,24818.43
38,43,2,2025-08-25,6947,335,1670.38,41,14409.9
38,43,2,2025-08-30,15722,201,526.18,8,537.75
38,43,2,2025-08-31,11938,673,502.86,82,12829.23
38,43,2,2025-09-02,40221,1971,2315.95,192,56056.98
38,43,2,2025-09-09,34637,774,1554.67,59,8234.99
38,43,2,2025-10-02,5697,416,1165.54,50,9540.18
38,43,2,2025-10-04,30091,1823,8605.79,217,45073.44
38,43,2,2025-10-10,23549,489,2428.44,23,2790.33
38,43,2,2025-10-11,1099,32,80.04,0,0.0
38,43,2,2025-10-12,19711,483,1932.96,36,10834.97
38,43,2,2025-10-16,36385,1102,4950.65,39,9942.15
38,43,2,2025-10-17,46960,3121,2156.33,211,64510.17
38,43,2,2025-10-19,46913,816,465.11,9,611.32
38,43,2,2025-10-25,3629,242,624.73,26,1498.85
38,43,2,2025-11-01,23639,885,2785.49,64,15043.88
38,43,2,2025-11-04,35025,2153,6934.38,159,63196.31
38,43,2,2025-11-05,43792,3452,4708.37,517,39585.13
38,43,2,2025-11-11,48183,938,2476.79,63,18424.19
38,43,2,2025-11-17,6075,64,177.85,5,1219.0
38,43,2,2025-11-21,24160,328,921.19,38,3842.75
38,43,2,2025-11-26,29025,1388,1883.99,46,16172.81
38,43,2,2025-11-28,27771,1426,2704.07,63,3646.9
38,43,2,2025-12-04,36220,538,2622.39,10,1206.62
38,43,2,2025-12-07,30792,2440,7830.48,234,91481.2
38,43,2,2025-12-09,19481,686,1394.57,58,7926.92
38,43,2,2025-12-13,36928,1030,2278.37,117,16023.65
38,43,2,2025-12-19,37715,1475,6936.14,36,11452.3
38,43,2,2025-12-20,6224,261,188.11,30,7094.37
38,43,2,2025-12-25,33373,1421,5477.44,55,3014.31
38,43,2,2026-01-03,24290,1293,4896.29,176,26430.8
38,43,2,2026-01-17,40282,610,1962.57,73,3660.11
38,43,2,2026-01-20,12896,304,964.32,28,9273.64
38,43,2,2026-01-24,3800,124,454.92,8,2916.68
38,43,2,2026-01-30,22947,1653,5999.53,107,11239.05
38,43,2,2026-02-04,20789,1327,3825.59,67,6814.26
38,43,2,2026-02-07,8334,373,936.68,27,9656.77
38,43,2,2026-02-10,10432,583,1034.27,34,12422.24
38,43,2,2026-02-14,13617,994,3435.33,127,50740.66
38,43,2,2026-02-28,37861,760,2006.29,39,15523.29
38,43,2,2026-03-01,4964,57,113.49,0,0.0
38,43,2,2026-03-04,4655,85,403.78,2,615.59
38,43,2,2026-03-14,34321,1515,6497.66,132,13973.49
38,43,2,2026-03-17,48383,1793,7909.69,266,47646.55
38,43,2,2026-03-18,49940,3254,11229.69,162,30286.63
38,43,2,2026-04-02,7240,366,1728.14,36,12136.03
38,43,2,2026-04-03,43661,1363,3356.27,142,12134.41
38,43,2,2026-04-04,22605,1628,6547.73,168,20578.22
38,43,2,2026-04-05,30879,681,748.4,34,12456.94
38,43,2,2026-04-08,18756,729,1224.92,63,20357.96
38,43,2,2026-04-13,43887,1723,4158.86,155,9793.4
38,43,2,2026-04-14,25302,600,1075.83,65,12311.68
38,43,2,2026-04-15,49204,750,3716.52,52,13260.67
38,43,2,2026-04-23,12093,525,2543.55,12,905.02
38,43,2,2026-04-24,13126,856,2869.14,12,4668.49
38,43,2,2026-04-25,1228,43,174.77,1,70.21
38,43,2,2026-04-26,10808,336,1141.8,41,7845.81
38,43,2,2026-05-01,39407,1135,3986.84,67,20204.89
38,43,2,2026-05-04,4874,315,726.38,23,8667.23
38,43,2,2026-05-07,33988,1263,3247.13,155,36165.8
38,43,2,2026-05-13,10691,610,1421.35,89,26842.64
38,43,2,2026-05-16,19624,611,2743.02,84,23149.06
38,43,2,2026-05-18,16786,858,2230.18,98,24481.53
38,43,2,2026-05-28,7777,250,1190.84,17,2782.92
38,43,2,2026-06-04,46517,2919,9478.31,119,22565.23
38,43,2,2026-06-09,12851,689,3426.48,59,12084.95
38,43,2,2026-06-14,2924,231,917.13,22,2254.24
38,43,2,2026-06-19,17088,200,308.7,23,6435.55
38,43,2,2026-06-30,7386,567,325.72,6,2174.92
38,43,2,2026-07-01,39327,2359,9463.31,302,92052.18
38,43,2,2026-07-02,4250,105,221.45,7,2095.41
38,43,2,2026-07-05,1764,129,305.85,2,237.52
38,43,2,2026-07-07,22581,1394,4039.26,84,9822.06
38,43,2,2026-07-09,44381,516,1190.51,8,633.4
38,43,2,2026-07-10,39828,676,3260.23,37,10566.84
38,43,2,2026-07-12,5445,358,262.06,24,9405.6
38,43,2,2026-07-13,2392,72,233.64,8,935.08
38,43,2,2026-07-16,40982,1851,3399.06,123,23937.0
38,43,2,2026-07-23,7839,384,1691.22,31,10908.95
38,43,2,2026-07-25,9274,181,255.36,12,3051.52
38,43,2,2026-07-27,5095,384,1067.51,41,15029.1
38,43,2,2026-08-09,7074,104,406.38,3,232.88
38,43,2,2026-08-10,29987,1186,5388.71,58,17469.86
38,43,2,2026-08-13,48849,706,3104.53,48,17150.34
39,43,3,2025-08-29,12982,873,3568.74,10,3822.12
39,43,3,2025-09-02,42540,2184,4828.0,214,11673.66
39,43,3,2025-09-04,14640,917,2532.32,13,2446.54
39,43,3,2025-09-07,23758,981,553.51,53,12293.19
39,43,3,2025-09-08,40020,1713,3486.91,177,56820.12
39,43,3,2025-09-15,34134,2618,6602.07,227,82814.48
39,43,3,2025-09-23,23715,1185,3455.21,80,19110.03
39,43,3,2025-09-28,22812,329,425.52,11,3137.06
39,43,3,2025-09-29,42006,2028,6182.17,172,40827.82
39,43,3,2025-09-30,31532,2253,4406.76,147,48033.14
39,43,3,2025-10-01,13380,390,1177.91,22,2568.28
39,43,3,2025-10-09,44912,1839,5564.62,149,43724.01
39,43,3,2025-10-10,4045,63,310.39,3,436.0
39,43,3,2025-10-15,43568,2321,10526.38,320,27358.89
39,43,3,2025-10-16,43731,2436,4943.43,212,66452.44
39,43,3,2025-10-18,43473,1389,1749.09,134,38455.35
39,43,3,2025-10-20,5119,214,756.51,20,6420.41
39,43,3,2025-10-23,2341,139,232.94,9,789.9
39,43,3,2025-10-24,38082,1307,1833.72,90,14895.19
39,43,3,2025-10-29,30422,998,4045.44,84,27003.95
39,43,3,2025-11-01,48647,2129,10285.32,31,1937.59
39,43,3,2025-11-04,32904,1498,5485.48,191,15075.58
39,43,3,2025-11-10,1417,15,56.88,1,346.03
39,43,3,2025-11-16,46794,2673,3248.03,236,33126.52
39,43,3,2025-11-17,43051,2776,1831.08,64,20643.6
39,43,3,2025-11-24,14599,1130,2118.23,77,24478.47
39,43,3,2025-11-25,26869,784,1335.13,71,9893.89
39,43,3,2025-12-01,38139,1832,4173.34,190,46750.73
39,43,3,2025-12-03,12050,268,334.96,12,2818.53
39,43,3,2025-12-12,22040,698,1277.59,25,7186.78
39,43,3,2025-12-18,40595,784,2010.15,12,1889.46
39,43,3,2025-12-20,12411,928,2588.75,119,7837.5
39,43,3,2025-12-26,9645,262,510.13,3,733.96
39,43,3,2026-01-01,46615,1286,2569.28,115,9118.36
39,43,3,2026-01-05,21867,362,354.66,35,3199.75
39,43,3,2026-01-07,11152,508,1287.33,56,17159.57
39,43,3,2026-01-12,11036,381,454.29,3,824.76
39,43,3,2026-01-15,18466,1165,4084.13,42,16548.46
39,43,3,2026-01-16,10742,201,838.71,10,2609.38
39,43,3,2026-01-17,20138,592,2004.05,79,21020.4
39,43,3,2026-01-19,43120,3230,7821.48,467,56391.03
39,43,3,2026-01-22,42237,1985,1501.42,30,1553.52
39,43,3,2026-01-28,43958,2396,1669.36,61,17219.2
39,43,3,2026-01-29,41708,1591,2750.88,92,26477.02
39,43,3,2026-02-01,31363,490,2074.7,65,20281.96
39,43,3,2026-02-03,23797,1405,4242.99,80,8293.4
39,43,3,2026-02-13,34990,2101,2124.13,93,14860.24
39,43,3,2026-02-17,46154,1869,9131.77,58,22325.94
39,43,3,2026-02-18,29972,871,3080.65,106,12608.95
39,43,3,2026-02-26,17469,524,363.9,45,15416.58
39,43,3,2026-03-01,33891,2077,2199.29,200,78471.95
39,43,3,2026-03-02,38475,2659,9820.74,192,27341.94
39,43,3,2026-03-03,46262,3579,13533.96,207,30673.07
39,43,3,2026-03-07,26235,908,968.33,9,1998.62
39,43,3,2026-03-09,33276,2310,5290.07,149,49602.67
39,43,3,2026-03-12,9419,267,716.19,30,4850.9
39,43,3,2026-03-13,11087,644,2108.79,46,14311.04
39,43,3,2026-03-29,37248,2021,2067.9,264,33716.35
39,43,3,2026-04-02,26233,810,3346.52,95,31807.72
39,43,3,2026-04-06,15638,883,1111.63,120,37672.57
39,43,3,2026-04-07,24009,748,2852.65,35,2616.44
39,43,3,2026-04-13,14795,787,2078.32,69,10420.61
39,43,3,2026-04-14,9975,656,2225.25,52,4536.58
39,43,3,2026-04-15,9079,326,334.43,14,722.39
39,43,3,2026-04-20,6769,414,1757.33,16,4604.88
39,43,3,2026-04-25,38005,484,861.7,22,3124.89
39,43,3,2026-04-26,43325,2096,3621.87,128,50709.67
39,43,3,2026-04-30,39493,2933,2105.08,397,115792.08
39,43,3,2026-05-02,17516,824,2847.6,88,18176.65
39,43,3,2026-05-08,8923,711,1272.28,79,14653.37
39,43,3,2026-05-09,41046,526,2449.67,29,1924.89
39,43,3,2026-05-18,44606,2050,4428.19,124,21568.32
39,43,3,2026-05-20,38846,2734,9236.71,30,4607.21
39,43,3,2026-05-29,43525,2605,9667.26,213,50197.35
39,43,3,2026-06-01,13119,474,2061.71,35,13097.41
39,43,3,2026-06-04,20280,538,1873.21,41,4486.82
39,43,3,2026-06-11,17027,1145,2602.58,47,17015.51
39,43,3,2026-06-14,20522,804,3030.3,70,23617.39
39,43,3,2026-06-16,26109,1557,1509.83,228,71420.71
39,43,3,2026-06-17,1465,106,132.83,4,624.94
39,43,3,2026-06-21,27009,634,1541.36,38,7671.11
39,43,3,2026-06-23,48172,1360,1388.44,61,3574.01
39,43,3,2026-06-25,47107,880,2972.04,26,8292.3
39,43,3,2026-06-29,3477,109,75.81,2,499.91
39,43,3,2026-07-02,2382,151,658.28,12,4170.47
39,43,3,2026-07-09,28832,1010,4330.0,47,11558.32
39,43,3,2026-07-10,37547,1304,6225.27,88,23831.49
39,43,3,2026-07-11,14892,505,1043.13,31,6296.37
39,43,3,2026-07-12,13629,1050,1948.46,102,17428.65
39,43,3,2026-07-18,27278,1288,3320.9,116,20288.8
39,43,3,2026-07-19,49278,2755,5441.47,260,15490.06
39,43,3,2026-07-22,34326,1176,5143.85,134,33580.4
39,43,3,2026-07-24,37358,2492,5346.43,300,23040.17
39,43,3,2026-08-02,41039,1814,8002.49,169,57333.39
39,43,3,2026-08-14,41278,844,3642.54,119,11845.51
40,55,1,2025-08-18,44139,2231,8292.66,305,121377.03
40,55,1,2025-08-19,29191,1904,7782.61,80,12071.92
40,55,1,2025-08-20,34338,2238,7272.74,158,63048.55
40,55,1,2025-09-02,8155,526,2314.44,7,1832.63
40,55,1,2025-09-07,24786,1069,4489.44,126,16537.29
40,55,1,2025-09-11,26393,1416,3953.39,65,23568.54
40,55,1,2025-09-12,30195,1660,5671.72,145,39182.72
40,55,1,2025-09-15,15199,918,2945.36,15,1711.96
40,55,1,2025-09-20,12151,306,173.31,23,8881.79
40,55,1,2025-09-23,26071,604,2526.46,36,9275.22
40,55,1,2025-09-26,45689,1987,6059.87,196,23813.55
40,55,1,2025-09-28,10011,775,1430.91,97,27894.48
40,55,1,2025-10-02,5933,257,987.66,16,5173.67
40,55,1,2025-10-04,6694,354,992.03,15,4895.42
40,55,1,2025-10-05,13371,406,1704.11,26,8549.5
40,55,1,2025-10-06,11457,655,473.75,36,6259.7
40,55,1,2025-10-11,42753,778,1080.24,78,16080.11
40,55,1,2025-10-12,7489,200,563.97,12,2596.92
40,55,1,2025-10-13,21241,314,1254.27,33,4154.18
40,55,1,2025-10-19,11984,205,1010.99,25,7513.15
40,55,1,2025-10-20,39599,2786,11552.34,322,59732.59
40,55,1,2025-10-25,15508,380,811.81,36,8251.55
40,55,1,2025-10-28,20740,854,4020.01,73,4707.14
40,55,1,2025-10-31,27475,414,1337.94,4,1125.58
40,55,1,2025-11-03,46531,3135,9832.63,342,27911.47
40,55,1,2025-11-10,13234,948,1347.42,51,19944.5
40,55,1,2025-11-16,21575,1119,775.9,71,13242.05
40,55,1,2025-11-27,42268,2230,6454.47,218,78191.89
40,55,1,2025-11-29,42113,2607,3910.91,151,23526.85
40,55,1,2025-12-03,45392,2913,12551.35,245,27080.56
40,55,1,2025-12-04,29738,1831,3703.52,22,7768.81
40,55,1,2025-12-11,3691,58,211.71,1,205.26
40,55,1,2025-12-16,20411,533,2576.31,20,1099.45
40,55,1,2025-12-19,41143,1056,3511.61,96,25677.25
40,55,1,2025-12-20,21003,1093,815.78,33,3943.01
40,55,1,2025-12-21,27319,1696,8035.01,176,54689.68
40,55,1,2025-12-26,12974,312,619.89,38,7645.23
40,55,1,2025-12-31,18530,994,2171.38,147,32843.32
40,55,1,2026-01-01,35888,2095,4720.96,158,15326.4
40,55,1,2026-01-03,35219,779,3329.15,11,3213.08
40,55,1,2026-01-06,21170,688,370.46,70,24554.12
40,55,1,2026-01-10,6462,439,482.3,60,3719.7
40,55,1,2026-01-11,38066,1994,2902.48,174,28606.1
40,55,1,2026-01-12,31540,1676,8338.28,104,5252.95
40,55,1,2026-01-13,22657,551,1233.33,18,3882.81
40,55,1,2026-01-18,37227,731,3166.25,39,6519.25
40,55,1,2026-01-21,12617,196,238.62,28,7454.36
40,55,1,2026-01-22,13195,136,92.35,3,1126.01
40,55,1,2026-01-25,37308,2598,5340.94,199,17494.91
40,55,1,2026-01-27,45868,3159,3710.67,403,109092.16
40,55,1,2026-01-28,21092,988,2186.89,81,7887.03
40,55,1,2026-01-30,32595,1532,4864.61,162,21215.45
40,55,1,2026-01-31,33668,2319,11465.71,133,9397.29
40,55,1,2026-02-03,15809,1111,5267.74,24,3542.9
40,55,1,2026-02-08,4295,303,1161.14,33,11698.77
40,55,1,2026-02-09,1595,98,413.75,12,2328.48
40,55,1,2026-02-16,46357,1833,7094.22,189,40950.35
40,55,1,2026-02-19,25525,1497,7251.86,156,30304.83
40,55,1,2026-02-21,22357,575,318.2,64,18803.26
40,55,1,2026-02-22,11532,243,1202.78,28,9738.37
40,55,1,2026-03-04,30254,656,2260.79,61,9070.37
40,55,1,2026-03-16,47858,3166,9818.87,437,151772.25
40,55,1,2026-03-26,12993,1018,1504.05,19,3152.15
40,55,1,2026-03-28,18367,474,1200.12,63,20719.16
40,55,1,2026-03-29,6802,395,524.6,34,4197.55
40,55,1,2026-03-30,40452,2064,3501.45,284,75528.72
40,55,1,2026-04-02,36407,787,479.07,50,12221.05
40,55,1,2026-04-04,34756,806,2008.61,115,30411.37
40,55,1,2026-04-12,3886,49,242.07,5,1439.92
40,55,1,2026-04-17,33816,1489,3936.11,188,61616.38
40,55,1,2026-04-18,5719,279,983.05,9,725.13
40,55,1,2026-04-21,26350,813,3609.44,65,16388.41
40,55,1,2026-04-22,29082,2093,6990.46,294,58333.05
40,55,1,2026-04-23,45408,2916,10531.0,325,19535.17
40,55,1,2026-05-01,20970,1620,6273.11,71,14548.9
40,55,1,2026-05-03,6079,315,667.09,5,1350.73
40,55,1,2026-05-07,43491,1375,3447.3,122,48589.98
40,55,1,2026-05-17,16050,842,4084.98,99,8853.4
40,55,1,2026-05-21,12508,753,2633.35,49,8751.5
40,55,1,2026-05-28,43040,1276,753.48,60,11080.77
40,55,1,2026-06-02,1163,68,232.98,2,584.06
40,55,1,2026-06-04,14191,502,1537.16,19,5031.06
40,55,1,2026-06-05,30234,1400,5186.12,26,2550.56
40,55,1,2026-06-06,24833,971,1717.81,49,19290.3
40,55,1,2026-06-07,32155,714,3297.58,52,10218.75
40,55,1,2026-06-09,30257,1122,1679.17,78,30252.86
40,55,1,2026-06-15,16270,802,2943.44,112,25613.72
40,55,1,2026-06-16,26762,2095,8238.6,222,41594.06
40,55,1,2026-06-17,45599,1980,6944.17,200,76700.3
40,55,1,2026-06-28,36200,2434,2476.43,211,46521.27
40,55,1,2026-07-06,46907,2430,10462.79,227,35009.88
40,55,1,2026-07-10,38863,2232,4293.17,63,20759.08
40,55,1,2026-07-14,25122,845,867.53,10,504.89
40,55,1,2026-07-15,37552,1567,3370.56,57,17934.99
40,55,1,2026-07-16,33575,1830,6046.99,55,20449.6
40,55,1,2026-07-20,7520,374,1713.01,39,12878.88
40,55,1,2026-07-27,10834,236,664.95,23,7139.83
40,55,1,2026-07-28,22438,687,1150.25,57,12146.96
40,55,1,2026-07-29,29307,1702,7140.14,43,9768.8
40,55,1,2026-07-31,18576,1101,3849.14,78,18660.46
40,55,1,2026-08-08,29233,737,2118.34,40,6921.66
40,55,1,2026-08-14,44334,1323,2223.32,42,2790.77
40,55,1,2026-08-16,8735,658,1744.68,47,10390.47
40,55,1,2026-08-17,26115,1980,4064.61,183,50727.53
41,55,2,2025-08-18,38083,2815,4313.73,165,11165.04
41,55,2,2025-08-26,35379,600,2435.45,37,5016.79
41,55,2,2025-08-30,39537,1820,7427.24,234,78751.97
41,55,2,2025-09-01,10522,113,186.63,2,761.87
41,55,2,2025-09-04,45723,2116,1514.05,269,74173.59
41,55,2,2025-09-13,30394,726,1912.85,29,6241.12
41,55,2,2025-09-14,10808,776,792.58,32,12749.82
41,55,2,2025-09-19,38448,2416,10693.26,116,16436.2
41,55,2,2025-10-10,30721,1390,4189.23,59,10563.21
41,55,2,2025-10-12,2605,30,41.65,1,215.41
41,55,2,2025-10-18,43758,448,1530.51,31,8545.13
41,55,2,2025-10-20,22653,243,591.38,5,1922.96
41,55,2,2025-10-22,21716,647,505.68,55,3096.6
41,55,2,2025-10-28,22976,1199,3540.7,85,26622.26
41,55,2,2025-11-01,3947,143,275.12,2,151.61
41,55,2,2025-11-02,19193,1056,1442.22,150,35298.59
41,55,2,2025-11-11,38582,524,1691.24,20,1263.81
41,55,2,2025-11-14,42574,1818,2109.46,96,37773.47
41,55,2,2025-11-15,41591,2933,2289.99,420,97722.82
41,55,2,2025-11-16,28606,397,395.18,53,4614.59
41,55,2,2025-11-17,6485,426,1445.65,9,3230.79
41,55,2,2025-11-21,19328,332,880.27,40,7508.81
41,55,2,2025-12-06,46447,2818,4730.05,33,2537.27
41,55,2,2025-12-10,24178,1047,2735.87,55,8721.17
41,55,2,2025-12-12,42232,609,2979.18,41,4678.55
41,55,2,2025-12-17,2383,38,82.7,2,545.85
41,55,2,2025-12-18,4179,65,127.57,7,1778.56
41,55,2,2025-12-31,6582,239,460.12,35,12433.66
41,55,2,2026-01-18,4097,86,99.04,1,92.9
41,55,2,2026-01-23,40510,856,668.97,123,43102.3
41,55,2,2026-01-26,37463,2733,13392.4,78,6164.8
41,55,2,2026-02-04,10828,711,2521.42,92,5049.78
41,55,2,2026-02-05,24452,361,739.46,53,9880.98
41,55,2,2026-02-07,47854,3803,5826.42,382,126646.7
41,55,2,2026-02-10,22863,1739,6250.46,52,11119.55
41,55,2,2026-02-26,41058,2274,1980.44,166,36565.34
41,55,2,2026-03-01,33474,2497,1282.37,48,17510.02
41,55,2,2026-03-07,6648,431,1734.72,60,5894.23
41,55,2,2026-03-15,46955,1560,6857.14,151,40073.07
41,55,2,2026-03-19,45356,782,3310.8,114,18547.41
41,55,2,2026-03-20,2578,190,654.73,10,894.0
41,55,2,2026-03-25,39563,927,1362.43,116,43222.44
41,55,2,2026-03-26,11673,632,3109.76,75,17705.11
41,55,2,2026-03-31,46942,841,2630.8,83,10019.96
41,55,2,2026-04-01,35196,593,2912.51,23,3960.5
41,55,2,2026-04-02,17719,743,3036.81,54,6943.32
41,55,2,2026-04-05,11679,746,700.22,25,7675.31
41,55,2,2026-04-13,34893,1761,3807.2,21,1943.26
41,55,2,2026-04-14,27012,1635,7851.76,18,1609.95
41,55,2,2026-04-22,48288,1367,5635.18,155,21505.74
41,55,2,2026-04-27,25289,1693,7213.49,67,13230.19
41,55,2,2026-05-04,20176,316,1421.96,39,8411.77
41,55,2,2026-05-07,25918,518,701.12,71,3791.77
41,55,2,2026-05-08,45830,3114,12548.16,316,52137.82
41,55,2,2026-05-09,47280,2541,11190.13,131,31606.46
41,55,2,2026-05-11,15140,823,419.55,36,5693.27
41,55,2,2026-05-15,1215,50,191.49,4,780.52
41,55,2,2026-05-16,48440,987,3802.6,48,17141.21
41,55,2,2026-05-21,23491,529,1975.78,63,19359.3
41,55,2,2026-05-25,9755,657,1355.56,54,3489.84
41,55,2,2026-05-26,41317,2844,2548.07,195,75981.48
41,55,2,2026-05-28,12849,329,248.35,6,445.37
41,55,2,2026-05-31,12795,338,1084.8,20,2760.33
41,55,2,2026-06-04,31292,800,3397.64,116,40750.83
41,55,2,2026-06-20,24957,1353,887.83,191,28242.74
41,55,2,2026-06-25,40403,1731,8353.21,48,16753.04
41,55,2,2026-06-30,27989,956,1839.23,105,26424.37
41,55,2,2026-07-04,17172,367,1119.55,12,3772.67
41,55,2,2026-07-16,19444,1318,2205.67,90,16951.43
41,55,2,2026-07-19,15523,389,1856.15,54,8381.21
41,55,2,2026-07-20,24828,1633,2790.34,116,12815.24
41,55,2,2026-07-27,19184,759,965.11,10,1031.42
41,55,2,2026-08-02,37585,2025,7288.12,170,54293.92
41,55,2,2026-08-05,47561,2244,5059.04,236,76378.26
41,55,2,2026-08-08,16325,1129,2798.27,154,47162.94
41,55,2,2026-08-10,43138,867,2548.86,83,26485.95
42,55,3,2025-08-18,9904,593,1243.04,78,30404.12
42,55,3,2025-08-20,11209,402,1245.36,54,12048.77
42,55,3,2025-09-08,33383,929,843.89,28,3393.07
42,55,3,2025-09-10,30540,534,1938.66,53,16719.6
42,55,3,2025-09-11,22770,940,955.57,120,6167.54
42,55,3,2025-09-12,29373,1730,4862.32,94,5372.5
42,55,3,2025-09-13,15354,773,454.19,30,4009.12
42,55,3,2025-09-17,35747,544,1166.47,59,17117.94
42,55,3,2025-09-22,16211,237,887.41,18,2002.14
42,55,3,2025-09-23,43959,975,1665.82,60,4173.89
42,55,3,2025-09-24,22575,1313,3166.7,62,8792.07
42,55,3,2025-10-01,40534,2793,9372.65,78,11045.99
42,55,3,2025-10-09,1051,65,232.73,2,507.24
42,55,3,2025-10-11,35969,1923,9530.9,85,24468.12
42,55,3,2025-10-14,19925,1221,2731.04,48,3267.52
42,55,3,2025-11-01,34079,511,2118.86,56,21927.94
42,55,3,2025-11-04,45088,2171,3918.25,306,40118.74
42,55,3,2025-11-14,28075,1437,6136.27,148,23159.59
42,55,3,2025-11-16,27590,488,1678.07,16,5638.02
42,55,3,2025-11-19,8049,454,237.15,35,11630.01
42,55,3,2025-11-20,6262,244,131.48,32,4607.1
42,55,3,2025-11-26,34385,548,561.79,48,3179.53
42,55,3,2025-11-27,29296,1172,868.48,95,14280.23
42,55,3,2025-11-28,16882,1286,3558.19,76,10681.51
42,55,3,2025-12-02,38965,2645,2808.3,242,74093.63
42,55,3,2025-12-03,47805,1482,1301.59,174,59166.84
42,55,3,2025-12-04,2600,104,431.77,2,666.1
42,55,3,2025-12-07,27879,286,766.36,33,12568.27
42,55,3,2025-12-08,21506,993,4402.15,44,14186.24
42,55,3,2025-12-12,41192,636,881.71,40,8591.06
42,55,3,2025-12-13,16732,1055,1799.88,48,2829.84
42,55,3,2025-12-20,11006,368,1423.5,25,7028.99
42,55,3,2025-12-22,18263,1242,947.03,123,47537.32
42,55,3,2025-12-26,13245,1027,825.92,34,4116.26
42,55,3,2025-12-28,49206,850,451.39,46,6065.27
42,55,3,2026-01-02,15191,1097,1281.13,159,9026.56
42,55,3,2026-01-03,48322,1102,5294.69,79,12336.92
42,55,3,2026-01-06,24549,1640,7473.51,81,19560.25
42,55,3,2026-01-07,24647,519,1651.58,5,691.99
42,55,3,2026-01-08,31503,1256,994.19,62,9556.24
42,55,3,2026-01-10,9765,309,1234.93,14,5469.61
42,55,3,2026-01-18,13441,1058,1160.54,130,18992.2
42,55,3,2026-01-21,5104,350,1738.48,28,5346.92
42,55,3,2026-01-28,47688,2208,1509.38,89,29611.83
42,55,3,2026-02-01,42734,3289,5956.67,392,67947.79
42,55,3,2026-02-02,48634,3068,11871.44,437,88814.42
42,55,3,2026-02-08,20106,1163,4664.21,174,39395.52
42,55,3,2026-02-09,37617,499,2148.27,41,15244.58
42,55,3,2026-02-11,31596,321,1321.59,41,13688.6
42,55,3,2026-02-12,26937,1262,1068.47,70,27399.06
42,55,3,2026-02-16,41413,1677,1930.43,88,18118.43
42,55,3,2026-02-19,6244,133,656.37,4,498.22
42,55,3,2026-02-22,13285,994,1071.26,141,45347.21
42,55,3,2026-02-26,23864,1418,4930.17,68,11372.87
42,55,3,2026-02-27,9629,523,2534.43,25,6685.58
42,55,3,2026-03-01,17192,375,741.14,41,8364.93
42,55,3,2026-03-03,14447,643,2737.82,51,10923.8
42,55,3,2026-03-12,43506,2974,3996.51,164,33968.83
42,55,3,2026-03-16,47116,2256,3700.17,169,16932.39
42,55,3,2026-03-17,24758,1785,7866.31,55,14040.06
42,55,3,2026-03-23,32826,1454,2052.42,78,7539.88
42,55,3,2026-03-25,18523,838,2405.84,12,3886.03
42,55,3,2026-03-30,35584,2228,10659.64,227,48074.14
42,55,3,2026-04-07,12143,881,3060.36,47,8341.26
42,55,3,2026-04-09,29698,1190,4580.46,42,6308.33
42,55,3,2026-04-11,42351,1457,2873.24,31,12097.06
42,55,3,2026-04-15,5220,311,860.14,42,4139.51
42,55,3,2026-04-22,11319,883,791.69,71,18517.31
42,55,3,2026-05-04,18430,674,2721.55,62,17120.44
42,55,3,2026-05-07,47929,801,1441.09,74,20421.49
42,55,3,2026-05-11,7858,460,1711.32,44,6186.6
42,55,3,2026-05-21,25404,1259,2433.91,26,5940.75
42,55,3,2026-05-28,19489,748,1898.38,38,3592.76
42,55,3,2026-06-07,44503,584,2476.77,53,3734.03
42,55,3,2026-06-14,12555,404,1929.59,54,9314.69
42,55,3,2026-06-15,48482,2918,1557.49,90,18201.18
42,55,3,2026-06-16,19026,1447,6518.1,133,41401.02
42,55,3,2026-06-19,49793,2911,4014.61,283,37828.39
42,55,3,2026-06-20,19256,1322,1257.41,170,44840.65
42,55,3,2026-06-25,25844,1385,4821.05,32,9415.17
42,55,3,2026-06-27,28431,352,877.13,31,7937.54
42,55,3,2026-06-29,45184,2726,12739.12,337,126621.91
42,55,3,2026-07-01,9643,488,1729.31,12,1310.82
42,55,3,2026-07-04,29859,2138,8424.59,201,59192.31
42,55,3,2026-07-07,12262,711,3093.3,96,25191.5
42,55,3,2026-07-08,49421,2656,10980.37,272,79870.22
42,55,3,2026-07-11,42611,2115,2584.64,101,12183.23
42,55,3,2026-07-12,36574,2924,11922.67,286,25827.45
42,55,3,2026-07-21,10909,808,685.79,88,24867.25
42,55,3,2026-08-08,46886,683,1683.51,24,8647.87
42,55,3,2026-08-11,32146,2006,8072.23,54,3104.3
42,55,3,2026-08-12,17416,751,1261.89,57,21722.12
42,55,3,2026-08-14,19325,1083,3726.65,95,21806.6
42,55,3,2026-08-16,30324,950,4055.0,119,40243.64
43,46,1,2025-08-18,21809,857,1466.86,106,28430.15
43,46,1,2025-08-22,20001,694,1766.86,25,2625.79
43,46,1,2025-08-28,48176,1101,3444.22,20,2140.36
43,46,1,2025-09-03,17235,893,3984.22,47,2854.23
43,46,1,2025-09-07,33494,2023,6716.76,135,51389.67
43,46,1,2025-09-09,32870,2292,4622.47,202,50836.51
43,46,1,2025-09-11,9334,275,714.82,40,15205.76
43,46,1,2025-09-15,36507,377,1016.72,50,18708.72
43,46,1,2025-09-20,35531,1489,3236.52,38,4969.15
43,46,1,2025-09-21,14442,1121,577.76,37,13359.71
43,46,1,2025-09-22,3501,157,364.03,5,519.58
43,46,1,2025-09-23,32068,2138,10542.09,218,73864.61
43,46,1,2025-09-25,14414,182,881.93,14,4546.92
43,46,1,2025-09-29,44486,662,2944.41,78,27364.75
43,46,1,2025-10-02,20797,972,1213.09,98,16116.12
43,46,1,2025-10-03,18982,1411,5040.64,23,5223.19
43,46,1,2025-10-05,28928,547,2399.12,79,12953.27
43,46,1,2025-10-08,24606,1682,4881.9,146,30177.45
43,46,1,2025-10-10,12612,899,3756.23,74,5385.65
43,46,1,2025-10-17,1475,81,266.91,11,1161.04
43,46,1,2025-10-18,4264,274,179.98,4,886.83
43,46,1,2025-10-19,33087,2410,7974.65,101,29968.71
43,46,1,2025-10-25,44793,953,2618.4,16,6111.78
43,46,1,2025-10-26,17378,918,3438.39,117,36614.97
43,46,1,2025-10-28,20912,889,3330.24,124,27589.09
43,46,1,2025-11-03,46625,3386,14478.63,359,76466.13
43,46,1,2025-11-04,30830,810,1689.65,24,2258.53
43,46,1,2025-11-08,5681,125,181.24,7,2565.85
43,46,1,2025-11-18,15733,461,1816.23,58,17099.95
43,46,1,2025-11-30,48223,3115,9177.53,309,43374.25
43,46,1,2025-12-02,29468,1693,5148.24,75,14485.68
43,46,1,2025-12-04,48741,1482,6869.78,76,29608.96
43,46,1,2025-12-08,26682,1609,1530.03,96,21047.17
43,46,1,2025-12-12,10554,655,1681.36,52,15360.86
43,46,1,2025-12-19,20227,818,2349.76,36,13538.62
43,46,1,2025-12-21,42694,3363,7978.97,270,96174.96
43,46,1,2025-12-23,27705,1986,5144.16,113,43882.11
43,46,1,2025-12-25,41372,1756,5350.18,72,11768.64
43,46,1,2025-12-29,10822,700,3154.8,50,17011.08
43,46,1,2025-12-31,9522,704,3497.14,67,15468.23
43,46,1,2026-01-02,29673,2315,5414.24,92,21642.59
43,46,1,2026-01-04,47434,2944,13830.52,210,15307.42
43,46,1,2026-01-08,23337,1791,3485.2,27,2654.68
43,46,1,2026-01-09,4575,118,92.25,3,587.43
43,46,1,2026-01-14,17015,1297,2075.68,75,25781.88
43,46,1,2026-01-18,12484,818,1331.85,80,22587.65
43,46,1,2026-01-19,44903,3521,8243.33,104,30307.35
43,46,1,2026-01-25,14689,682,2566.9,68,23709.56
43,46,1,2026-01-26,30742,1268,3402.07,158,59678.76
43,46,1,2026-02-04,15810,1172,5544.13,85,10474.87
43,46,1,2026-02-06,3948,45,139.25,2,292.27
43,46,1,2026-02-09,2124,158,435.32,3,508.11
43,46,1,2026-02-10,34974,649,1706.21,34,10762.84
43,46,1,2026-02-20,23617,1216,969.83,159,25442.97
43,46,1,2026-02-25,33790,1673,6023.93,44,12314.55
43,46,1,2026-02-26,5782,206,836.93,26,2681.19
43,46,1,2026-03-05,25681,867,3449.7,109,18620.94
43,46,1,2026-03-06,39422,1319,5226.97,192,33483.27
43,46,1,2026-03-07,35644,629,939.92,32,12768.47
43,46,1,2026-03-11,34690,869,2722.7,126,9637.77
43,46,1,2026-03-16,28405,800,1156.12,61,5915.27
43,46,1,2026-03-22,28518,1183,5734.89,122,28299.4
43,46,1,2026-03-24,38689,2563,1651.44,73,22965.15
43,46,1,2026-03-25,9691,249,498.65,31,9771.11
43,46,1,2026-03-31,39717,1071,979.74,153,14596.79
43,46,1,2026-04-05,24303,753,987.29,89,22571.87
43,46,1,2026-04-07,23041,274,482.27,20,1752.13
43,46,1,2026-04-14,37277,2041,8472.01,243,85314.79
43,46,1,2026-04-23,20193,882,4214.72,112,23849.46
43,46,1,2026-04-24,47684,2607,6051.71,66,20665.74
43,46,1,2026-05-01,47066,3542,13754.83,157,16127.38
43,46,1,2026-05-02,6230,369,342.42,23,3409.35
43,46,1,2026-05-05,39273,1675,7155.43,181,21359.88
43,46,1,2026-05-14,14543,1011,4975.54,124,47478.16
43,46,1,2026-05-17,13210,428,698.49,60,3837.0
43,46,1,2026-05-22,17897,336,1674.12,48,12935.81
43,46,1,2026-05-24,13247,523,1363.22,6,574.88
43,46,1,2026-05-28,37336,1128,4143.2,24,4002.59
43,46,1,2026-05-29,24792,280,1184.63,15,3890.99
43,46,1,2026-06-05,24128,1311,2568.42,170,28942.87
43,46,1,2026-06-08,42833,1749,8225.09,226,84770.38
43,46,1,2026-06-14,42165,1670,2786.18,149,49730.29
43,46,1,2026-06-15,17937,1229,1807.01,170,42872.89
43,46,1,2026-06-18,48278,2133,1128.66,177,18360.06
43,46,1,2026-06-23,43920,3055,2205.66,152,57485.46
43,46,1,2026-06-26,22779,524,332.78,57,12923.21
43,46,1,2026-07-02,3969,120,582.73,11,1557.85
43,46,1,2026-07-10,49581,1612,3047.51,172,48563.89
43,46,1,2026-07-18,14979,536,699.54,32,11246.35
43,46,1,2026-07-19,3499,75,90.48,9,822.41
43,46,1,2026-07-24,33992,1513,1391.05,36,10292.97
43,46,1,2026-07-26,35439,2189,7496.51,223,38398.63
43,46,1,2026-07-29,13279,256,1221.69,2,105.62
43,46,1,2026-07-30,19020,608,2496.16,48,10189.36
43,46,1,2026-08-08,47122,1768,4037.91,258,73901.78
43,46,1,2026-08-09,27843,1413,5223.85,41,2071.76
43,46,1,2026-08-10,40318,2136,6473.69,245,79310.25
43,46,1,2026-08-11,16296,736,806.51,37,9966.95
43,46,1,2026-08-12,28739,866,3820.83,14,2262.81
43,46,1,2026-08-15,16564,668,626.93,15,5547.97
44,46,2,2025-08-20,13290,851,3401.45,86,9537.74
44,46,2,2025-09-02,1085,55,239.28,7,661.21
44,46,2,2025-09-06,48590,1244,5642.39,13,1643.72
44,46,2,2025-09-08,42022,1979,1750.34,233,14323.38
44,46,2,2025-09-11,15593,1223,5972.86,180,33358.52
44,46,2,2025-09-16,21778,1495,6946.86,139,49848.6
44,46,2,2025-09-17,24620,792,3151.57,61,10487.22
44,46,2,2025-09-18,20612,1529,6816.19,145,15254.55
44,46,2,2025-09-26,33056,1071,3168.4,25,7514.75
44,46,2,2025-10-04,33905,1455,5523.73,46,9006.23
44,46,2,2025-10-05,43879,1400,6978.48,26,3214.85
44,46,2,2025-10-14,38380,1175,2827.23,81,7226.04
44,46,2,2025-10-19,26577,1667,1988.56,228,12101.06
44,46,2,2025-10-21,10952,425,1404.11,49,15631.07
44,46,2,2025-10-23,17471,858,470.63,103,8899.19
44,46,2,2025-10-26,38262,824,2431.72,64,13137.98
44,46,2,2025-11-02,2438,25,13.21,3,937.31
44,46,2,2025-11-15,37791,1503,6520.71,73,15706.83
44,46,2,2025-11-17,14495,890,3767.93,19,4174.01
44,46,2,2025-11-18,3010,235,1088.11,21,4080.48
44,46,2,2025-11-20,6654,104,409.58,11,3543.7
44,46,2,2025-11-30,48675,1773,1598.35,122,26573.73
44,46,2,2025-12-01,17469,830,2146.73,98,28555.85
44,46,2,2025-12-10,23260,905,4309.96,39,5233.39
44,46,2,2025-12-13,39480,1378,6179.29,139,32840.15
44,46,2,2025-12-19,5692,301,733.15,40,6597.17
44,46,2,2025-12-20,37569,1782,2567.83,55,20849.23
44,46,2,2025-12-26,4555,94,448.71,3,590.03
44,46,2,2025-12-27,39432,2185,9577.94,278,103480.17
44,46,2,2025-12-28,20062,663,2455.38,21,5464.68
44,46,2,2026-01-01,22830,1484,3696.72,128,7857.6
44,46,2,2026-01-06,44839,811,2474.13,66,23761.28
44,46,2,2026-01-10,26699,1008,4255.68,111,37727.8
44,46,2,2026-01-16,16926,500,2313.54,74,3801.7
44,46,2,2026-01-18,33085,534,1940.94,50,6177.6
44,46,2,2026-01-20,29541,1371,4458.54,151,29553.15
44,46,2,2026-01-21,24127,665,646.75,18,3451.09
44,46,2,2026-01-24,45801,3660,16064.21,362,137186.91
44,46,2,2026-01-30,17570,212,581.29,29,3587.5
44,46,2,2026-01-31,4037,204,492.73,13,4004.78
44,46,2,2026-02-01,10892,523,575.3,42,6682.7
44,46,2,2026-02-04,33823,2557,3297.83,317,111482.34
44,46,2,2026-02-06,9410,744,3658.67,64,10325.3
44,46,2,2026-02-13,37533,2604,5600.81,276,18155.48
44,46,2,2026-02-15,34797,595,2485.93,81,17308.46
44,46,2,2026-02-16,27883,1848,1539.57,166,43636.49
44,46,2,2026-02-18,31808,2164,1650.56,92,22857.07
44,46,2,2026-02-24,39054,1347,4835.51,128,9982.0
44,46,2,2026-02-25,7425,586,899.47,23,8747.72
44,46,2,2026-03-11,32452,1946,4733.09,90,17523.81
44,46,2,2026-03-19,17976,1402,1110.79,165,14330.3
44,46,2,2026-03-23,3959,101,272.04,9,902.59
44,46,2,2026-03-25,27457,2152,9665.03,89,11745.64
44,46,2,2026-04-04,27096,1055,4110.95,30,7594.87
44,46,2,2026-04-07,7822,82,339.75,11,2269.42
44,46,2,2026-04-12,15800,653,527.3,73,13244.69
44,46,2,2026-04-15,45838,924,2626.84,11,2967.35
44,46,2,2026-04-18,30797,1809,2009.9,256,65052.67
44,46,2,2026-05-04,1052,33,112.47,2,495.68
44,46,2,2026-05-09,10100,386,1415.09,18,2492.58
44,46,2,2026-05-15,15586,274,1144.66,40,11859.21
44,46,2,2026-05-17,46021,2239,7086.58,300,22089.34
44,46,2,2026-05-20,30366,1778,3607.91,266,96531.69
44,46,2,2026-05-23,33236,2056,5607.73,110,12818.7
44,46,2,2026-05-24,28483,1534,1866.72,30,7116.81
44,46,2,2026-05-30,27314,1889,5942.1,133,51492.45
44,46,2,2026-06-04,38211,2774,11741.18,406,126837.19
44,46,2,2026-06-06,45870,2582,5732.33,175,61460.16
44,46,2,2026-06-08,20241,1527,6178.04,94,9659.7
44,46,2,2026-06-18,23156,565,1368.41,52,19183.19
44,46,2,2026-06-25,15242,402,1229.36,33,8169.54
44,46,2,2026-06-30,7017,495,1759.06,37,10382.29
44,46,2,2026-07-04,46343,1923,4386.37,256,15975.47
44,46,2,2026-07-09,39427,2807,13143.78,357,23006.06
44,46,2,2026-07-13,17699,592,1157.08,20,1048.65
44,46,2,2026-07-15,48042,776,2688.21,95,29645.43
44,46,2,2026-07-25,6892,236,508.4,5,1774.37
44,46,2,2026-07-26,42942,2772,7436.82,323,118106.95
44,46,2,2026-07-28,20695,452,806.8,41,6589.67
44,46,2,2026-07-31,16860,992,1626.09,146,27902.98
44,46,2,2026-08-03,38490,2018,4426.27,251,39309.84
44,46,2,2026-08-08,16967,858,4072.33,64,9976.06
44,46,2,2026-08-09,10670,570,2283.61,33,7964.46
44,46,2,2026-08-15,31110,2046,6504.85,194,26593.64
44,46,2,2026-08-18,37051,717,1481.62,22,6928.45
45,46,3,2025-08-19,35676,2124,2396.98,206,72897.64
45,46,3,2025-08-20,32079,2298,5722.98,186,9477.22
45,46,3,2025-08-21,48744,1262,4906.3,55,10420.5
45,46,3,2025-08-23,18457,814,2698.19,11,2131.08
45,46,3,2025-08-25,25783,1600,3459.87,156,34520.06
45,46,3,2025-08-28,9151,281,929.76,40,2969.8
45,46,3,2025-08-30,45826,884,2351.16,14,4238.54
45,46,3,2025-08-31,41422,944,683.44,91,29989.55
45,46,3,2025-09-05,38528,1345,1293.84,106,19457.15
45,46,3,2025-09-06,49889,807,1979.44,109,12594.78
45,46,3,2025-09-09,8700,102,73.78,1,217.27
45,46,3,2025-09-11,39009,1625,6493.75,104,18058.93
45,46,3,2025-09-20,4998,68,77.72,4,1225.6
45,46,3,2025-09-21,46769,2287,9114.71,201,52437.51
45,46,3,2025-09-22,24263,615,2815.35,62,20568.51
45,46,3,2025-09-26,39342,1762,3035.51,142,11606.46
45,46,3,2025-10-10,43445,3110,8712.19,358,39440.49
45,46,3,2025-10-13,3080,136,534.08,18,7037.5
45,46,3,2025-10-15,16254,341,1626.08,14,3456.1
45,46,3,2025-10-16,49219,3689,7896.11,99,31629.95
45,46,3,2025-10-22,35385,915,1387.23,121,29550.16
45,46,3,2025-10-26,5888,447,1018.28,19,3908.81
45,46,3,2025-11-04,44606,2290,2774.28,96,8849.99
45,46,3,2025-11-06,35514,2666,2483.05,109,32748.59
45,46,3,2025-11-12,21966,1465,4852.01,174,31363.92
45,46,3,2025-11-14,47451,632,1039.29,70,20856.33
45,46,3,2025-11-30,39748,2564,8214.45,34,6992.08
45,46,3,2025-12-01,4806,112,198.58,13,4951.05
45,46,3,2025-12-03,38089,2925,11968.15,313,117039.59
45,46,3,2025-12-04,3475,78,128.71,10,699.31
45,46,3,2025-12-05,10156,206,189.84,14,4831.18
45,46,3,2025-12-09,10635,737,934.15,98,7700.22
45,46,3,2025-12-10,29489,2344,7703.0,120,41614.03
45,46,3,2025-12-11,16448,1131,5571.83,71,6982.03
45,46,3,2025-12-20,3326,167,125.24,5,1633.96
45,46,3,2025-12-25,15698,433,1551.94,22,8237.07
45,46,3,2025-12-26,35507,1369,4555.36,173,62203.63
45,46,3,2025-12-27,15265,755,2541.84,13,968.03
45,46,3,2025-12-29,18964,1215,1248.97,89,22983.66
45,46,3,2026-01-01,24517,1809,8419.44,84,33421.53
45,46,3,2026-01-03,25601,989,1957.24,29,8943.13
45,46,3,2026-01-08,41856,2333,9791.0,235,21431.17
45,46,3,2026-01-09,9780,317,1431.05,43,2373.15
45,46,3,2026-01-15,40361,2200,8158.72,220,85066.62
45,46,3,2026-01-29,32020,368,1654.01,50,14114.23
45,46,3,2026-02-10,26693,1944,2315.12,245,57545.49
45,46,3,2026-02-15,7908,512,1457.18,23,2248.24
45,46,3,2026-02-21,27329,1203,5172.04,37,7700.63
45,46,3,2026-03-04,24729,1958,3413.61,124,38859.97
45,46,3,2026-03-05,47154,3624,8941.17,107,5588.02
45,46,3,2026-03-06,40862,3140,9044.79,315,103499.96
45,46,3,2026-03-07,40533,1137,4433.28,84,14165.3
45,46,3,2026-03-14,10095,124,394.59,8,1602.82
45,46,3,2026-03-16,4364,123,288.57,7,1955.58
45,46,3,2026-03-19,13374,238,1093.88,18,6967.26
45,46,3,2026-03-20,45730,1961,4894.05,44,14222.49
45,46,3,2026-03-21,29660,694,1907.36,47,13433.51
45,46,3,2026-03-22,7407,529,1871.49,56,20233.64
45,46,3,2026-03-23,12640,590,1242.04,37,6602.7
45,46,3,2026-03-24,23867,1615,2395.38,148,46038.8
45,46,3,2026-03-25,24473,1514,6269.46,147,47694.34
45,46,3,2026-03-27,38337,1070,4278.56,64,18223.08
45,46,3,2026-03-31,46858,729,1055.58,31,6889.83
45,46,3,2026-04-02,26598,1809,2534.59,109,9077.07
45,46,3,2026-04-05,33463,446,347.14,34,12192.87
45,46,3,2026-04-10,4645,203,528.01,11,2790.42
45,46,3,2026-04-16,2311,40,26.14,2,771.39
45,46,3,2026-04-21,4834,213,260.94,24,6724.42
45,46,3,2026-04-23,42546,701,1996.54,85,29650.05
45,46,3,2026-05-03,47906,2100,10190.49,62,14897.71
45,46,3,2026-05-09,37936,1490,1489.55,63,22404.68
45,46,3,2026-05-19,44338,3037,14439.07,405,48404.29
45,46,3,2026-05-20,33486,1933,4852.48,281,106552.27
45,46,3,2026-05-21,4553,305,389.88,8,1127.38
45,46,3,2026-05-25,22134,484,1020.07,26,3778.67
45,46,3,2026-05-30,4639,135,314.26,18,5209.68
45,46,3,2026-05-31,26246,447,1584.25,23,3878.3
45,46,3,2026-06-06,12245,132,556.16,6,998.81
45,46,3,2026-06-21,30248,1520,3275.67,88,33158.72
45,46,3,2026-07-01,1617,93,246.61,7,1141.35
45,46,3,2026-07-06,2264,128,136.5,10,1055.85
45,46,3,2026-07-07,38086,2856,2215.16,143,35325.42
45,46,3,2026-07-10,41117,1589,990.9,103,18748.07
45,46,3,2026-07-28,49045,3849,5425.08,175,38433.32
45,46,3,2026-08-08,6018,177,619.35,12,953.41
45,46,3,2026-08-17,47369,2585,4035.07,65,24485.01
45,46,3,2026-08-18,29548,792,2603.77,57,4630.1
46,65,1,2025-08-20,8265,372,1315.17,26,5053.1
46,65,1,2025-08-23,29575,1050,3555.02,67,12793.36
46,65,1,2025-08-30,13393,234,756.27,19,4880.07
46,65,1,2025-09-01,47285,3720,10637.65,145,16534.31
46,65,1,2025-09-02,16032,697,1654.26,58,20618.91
46,65,1,2025-09-03,29466,945,4445.43,76,10655.76
46,65,1,2025-09-07,45219,2271,9172.87,236,46241.55
46,65,1,2025-09-18,36324,2182,1118.4,55,3237.24
46,65,1,2025-09-19,3695,215,279.04,28,4869.09
46,65,1,2025-09-21,15661,670,2372.04,36,6448.09
46,65,1,2025-09-23,38350,2695,1492.24,297,58223.54
46,65,1,2025-09-26,13618,218,264.42,15,5709.27
46,65,1,2025-10-04,21913,1434,2176.8,164,20064.05
46,65,1,2025-10-09,35708,1350,6712.09,82,27214.5
46,65,1,2025-10-11,22603,1468,2553.9,163,11527.91
46,65,1,2025-10-20,27198,1773,2965.38,136,9806.82
46,65,1,2025-10-21,23187,1743,5620.05,96,16483.45
46,65,1,2025-10-24,37425,2730,1664.46,266,95943.28
46,65,1,2025-10-29,48476,1785,3688.98,213,32340.95
46,65,1,2025-11-02,6834,520,1229.68,42,8733.95
46,65,1,2025-11-04,30485,1365,5257.79,40,10002.59
46,65,1,2025-11-13,25525,769,3593.69,72,17044.63
46,65,1,2025-11-16,26467,1174,2108.66,169,21287.8
46,65,1,2025-11-20,28352,614,2378.21,66,21643.8
46,65,1,2025-11-22,1259,32,43.08,1,92.92
46,65,1,2025-11-23,15987,453,748.75,18,4028.84
46,65,1,2025-11-30,48060,3343,5760.6,293,49177.05
46,65,1,2025-12-02,29746,414,1515.85,55,9361.83
46,65,1,2025-12-13,22246,1584,4009.14,99,11135.59
46,65,1,2025-12-17,11953,576,1506.53,63,19297.85
46,65,1,2025-12-19,32117,374,535.96,40,10193.13
46,65,1,2025-12-25,12852,429,1828.73,50,11181.93
46,65,1,2025-12-28,15812,374,1157.75,24,4131.67
46,65,1,2026-01-03,35091,1236,2544.1,59,19501.51
46,65,1,2026-01-09,17392,715,652.67,73,24396.49
46,65,1,2026-01-16,11217,637,2630.97,72,5475.58
46,65,1,2026-01-18,36812,566,406.31,29,10979.14
46,65,1,2026-01-20,49618,3186,14543.48,222,18546.86
46,65,1,2026-01-21,48043,1710,7492.69,191,45498.98
46,65,1,2026-01-25,5342,98,93.84,1,333.57
46,65,1,2026-01-28,32474,387,1691.11,33,11935.39
46,65,1,2026-02-01,14487,1075,3315.95,147,23269.48
46,65,1,2026-02-04,14662,410,1496.37,20,5460.37
46,65,1,2026-02-08,12813,658,441.6,21,6219.52
46,65,1,2026-02-10,45232,2447,2195.9,223,28626.02
46,65,1,2026-02-11,49831,3314,4588.73,321,79767.51
46,65,1,2026-02-12,47043,3506,15012.05,517,129286.18
46,65,1,2026-02-13,33627,2686,3761.36,118,33409.17
46,65,1,2026-02-14,36463,2068,1184.9,295,70735.97
46,65,1,2026-02-19,5555,203,986.12,12,2273.21
46,65,1,2026-02-27,4933,148,215.57,3,156.67
46,65,1,2026-03-07,28819,1428,882.24,196,48083.09
46,65,1,2026-03-12,31107,1483,4447.27,34,7582.38
46,65,1,2026-03-14,42918,2628,3843.0,303,86149.66
46,65,1,2026-03-24,10272,295,1254.83,29,3232.14
46,65,1,2026-04-04,34983,1502,2481.36,148,18249.99
46,65,1,2026-04-06,31392,1018,2532.42,117,32860.47
46,65,1,2026-04-08,29547,1854,2132.4,227,77173.53
46,65,1,2026-04-09,6063,166,317.12,12,2806.0
46,65,1,2026-04-14,9870,715,1387.0,52,14889.93
46,65,1,2026-04-17,11749,353,307.15,10,1250.69
46,65,1,2026-04-18,18361,1312,931.26,186,16004.58
46,65,1,2026-04-21,15167,885,1378.55,104,30886.75
46,65,1,2026-04-28,9480,245,694.55,19,3172.5
46,65,1,2026-05-02,13917,1106,4480.87,64,6696.65
46,65,1,2026-05-06,8558,471,1156.84,25,3698.08
46,65,1,2026-05-09,35176,1424,5429.1,198,70439.51
46,65,1,2026-05-15,32711,892,3137.16,65,7179.69
46,65,1,2026-05-30,33937,646,1725.11,52,5488.45
46,65,1,2026-05-31,20002,1478,4159.89,187,54859.92
46,65,1,2026-06-02,18824,720,983.59,13,4074.91
46,65,1,2026-06-04,6886,491,1596.98,32,11195.85
46,65,1,2026-06-09,36132,2449,5264.4,48,7854.24
46,65,1,2026-06-12,20098,1592,4241.9,125,35904.56
46,65,1,2026-06-14,9355,115,480.44,12,2817.95
46,65,1,2026-06-20,14588,1086,3608.8,122,48278.84
46,65,1,2026-06-22,5802,92,67.19,13,3924.49
46,65,1,2026-06-24,31822,2340,6873.06,129,41294.3
46,65,1,2026-06-27,22270,416,1759.15,52,12447.05
46,65,1,2026-06-28,3728,72,266.93,2,402.38
46,65,1,2026-07-01,45087,2461,4731.99,67,22057.06
46,65,1,2026-07-03,4812,213,908.03,11,3387.57
46,65,1,2026-07-12,14023,505,2324.9,8,2455.19
46,65,1,2026-07-20,9029,185,193.82,15,5290.99
46,65,1,2026-07-21,41128,531,1931.98,64,12088.83
46,65,1,2026-07-26,13441,988,2664.13,71,7055.44
46,65,1,2026-07-28,17007,339,1608.54,33,2858.09
46,65,1,2026-07-30,42281,3375,13273.54,395,116439.12
46,65,1,2026-08-03,17253,380,1435.47,35,5993.1
46,65,1,2026-08-05,2610,89,350.07,4,1200.76
46,65,1,2026-08-06,4853,332,721.68,19,3263.58
46,65,1,2026-08-07,21630,585,2374.94,42,7021.71
46,65,1,2026-08-08,38636,1288,5355.68,187,24215.76
46,65,1,2026-08-09,42729,715,1130.03,88,26939.88
46,65,1,2026-08-10,12253,655,3094.17,22,5327.47
46,65,1,2026-08-18,27955,1807,2047.1,111,26611.83
47,65,2,2025-08-21,23789,1358,5612.36,92,8577.83
47,65,2,2025-08-25,43353,1282,2847.1,85,8820.72
47,65,2,2025-08-26,13894,755,1553.47,93,10218.32
47,65,2,2025-08-27,39448,1896,1999.61,30,4990.79
47,65,2,2025-08-29,46659,1341,6579.6,70,27456.25
47,65,2,2025-08-31,20431,1583,4339.86,29,7125.58
47,65,2,2025-09-02,36816,2310,10069.19,213,37960.08
47,65,2,2025-09-07,20549,1478,3985.66,72,27934.83
47,65,2,2025-09-10,42394,1419,2221.6,70,24616.24
47,65,2,2025-09-12,37062,1368,3715.07,183,22441.08
47,65,2,2025-09-17,3118,146,358.46,2,576.49
47,65,2,2025-09-21,4486,336,1397.47,8,2920.63
47,65,2,2025-09-22,41824,2151,5301.06,65,18666.74
47,65,2,2025-09-26,36542,442,2041.56,63,5000.86
47,65,2,2025-10-01,22492,1133,662.13,106,17131.83
47,65,2,2025-10-05,37439,1811,4840.69,99,22859.51
47,65,2,2025-10-10,49392,624,1481.57,75,28738.8
47,65,2,2025-10-16,12444,725,2436.79,47,12552.18
47,65,2,2025-10-17,31486,458,1492.04,58,10582.53
47,65,2,2025-10-18,4375,160,87.27,8,3171.46
47,65,2,2025-10-31,34371,1428,1833.35,134,12342.55
47,65,2,2025-11-11,4246,241,630.04,34,3596.43
47,65,2,2025-11-13,27311,415,1878.29,19,7511.87
47,65,2,2025-11-15,36949,2478,4944.57,276,20068.06
47,65,2,2025-11-19,26079,1713,5570.39,81,10394.27
47,65,2,2025-11-23,27534,1571,6032.03,130,43472.63
47,65,2,2025-11-25,25112,787,830.05,81,20611.44
47,65,2,2025-11-30,6730,112,475.86,6,1683.38
47,65,2,2025-12-03,12748,170,514.72,16,5230.42
47,65,2,2025-12-05,45713,2378,5660.16,135,29875.55
47,65,2,2025-12-08,10707,130,539.12,19,1260.32
47,65,2,2025-12-15,43511,1411,5669.47,18,2803.08
47,65,2,2025-12-18,36771,2585,1644.13,115,18443.29
47,65,2,2025-12-24,17539,1315,5098.85,140,39132.17
47,65,2,2025-12-28,12187,399,839.74,4,202.97
47,65,2,2025-12-30,43300,2868,12109.98,373,95530.87
47,65,2,2026-01-02,20941,910,2840.1,34,10375.5
47,65,2,2026-01-14,28643,1933,3889.13,141,55244.59
47,65,2,2026-01-16,6653,365,726.93,13,1489.41
47,65,2,2026-01-20,31876,2212,4901.17,276,28267.12
47,65,2,2026-01-23,15824,660,1572.16,23,8467.77
47,65,2,2026-01-26,38924,542,833.16,5,1000.18
47,65,2,2026-02-04,40869,1320,4711.87,157,24699.01
47,65,2,2026-02-06,20935,891,3057.35,37,10649.55
47,65,2,2026-02-09,30442,315,520.02,21,5991.11
47,65,2,2026-02-15,19972,1223,1372.78,126,40460.91
47,65,2,2026-02-19,28287,970,4833.11,28,9709.92
47,65,2,2026-02-20,22056,696,1673.88,31,3892.53
47,65,2,2026-02-21,31293,1759,7922.2,182,26036.64
47,65,2,2026-02-24,2236,105,290.43,6,627.84
47,65,2,2026-03-02,25682,1194,5391.72,178,57861.54
47,65,2,2026-03-03,12702,339,1048.88,26,4772.16
47,65,2,2026-03-09,27880,320,905.1,35,6253.24
47,65,2,2026-03-20,7777,123,221.16,10,593.18
47,65,2,2026-04-05,21621,789,2232.73,72,17143.11
47,65,2,2026-04-08,13689,787,3586.53,21,1114.23
47,65,2,2026-04-09,3860,43,67.83,5,1417.43
47,65,2,2026-04-14,35970,1333,5917.57,134,44732.12
47,65,2,2026-04-17,18649,922,3666.72,75,25041.67
47,65,2,2026-05-02,2734,52,124.86,2,251.42
47,65,2,2026-05-18,39791,2300,5129.01,150,21429.69
47,65,2,2026-05-28,4321,285,841.93,17,6201.0
47,65,2,2026-05-30,16721,245,439.59,7,706.19
47,65,2,2026-05-31,37582,2201,3053.58,321,27907.77
47,65,2,2026-06-02,45506,2893,9520.07,264,17649.54
47,65,2,2026-06-06,3303,160,421.56,9,2563.02
47,65,2,2026-06-10,6921,291,579.14,13,3488.38
47,65,2,2026-06-12,26302,1669,5794.2,160,49604.34
47,65,2,2026-06-24,16154,298,1034.74,15,4627.15
47,65,2,2026-06-29,20597,488,648.17,28,6042.41
47,65,2,2026-07-03,20866,1055,4814.07,29,6158.88
47,65,2,2026-07-09,44068,1032,1391.54,36,8223.13
47,65,2,2026-07-12,37903,570,1063.31,67,21367.68
47,65,2,2026-07-16,42048,2946,6465.68,85,26728.76
47,65,2,2026-07-18,48770,1367,6132.15,199,74315.91
47,65,2,2026-07-19,5828,205,606.56,4,1023.46
47,65,2,2026-07-23,46974,850,2761.45,75,22621.82
47,65,2,2026-08-02,11807,309,327.15,5,1943.75
47,65,2,2026-08-06,27074,790,1050.74,39,4852.51
47,65,2,2026-08-08,22469,675,1627.46,18,1932.9
47,65,2,2026-08-11,42547,1414,6091.96,207,12533.55
47,65,2,2026-08-13,49260,1795,7342.55,217,56767.12
47,65,2,2026-08-15,35490,2621,6649.21,116,10624.19
48,65,3,2025-08-18,10785,785,3678.95,94,31731.78
48,65,3,2025-08-19,1942,47,193.3,0,0.0
48,65,3,2025-08-23,12067,641,477.57,46,3910.8
48,65,3,2025-08-25,41793,3107,3874.14,113,29400.9
48,65,3,2025-09-05,11682,346,439.18,48,9497.74
48,65,3,2025-09-12,37868,2154,3214.54,240,72444.43
48,65,3,2025-09-15,13429,741,3679.99,108,20520.18
48,65,3,2025-09-16,7850,482,1652.43,57,22768.41
48,65,3,2025-09-30,42457,3094,10914.62,409,108953.13
48,65,3,2025-10-02,13538,865,2005.1,52,19918.25
48,65,3,2025-10-04,43015,1589,4548.1,177,63644.07
48,65,3,2025-10-16,44805,1758,7617.64,258,44940.53
48,65,3,2025-10-20,3304,195,168.86,13,2595.5
48,65,3,2025-10-22,27053,882,2630.67,95,14986.05
48,65,3,2025-11-02,16150,317,1581.33,32,11650.65
48,65,3,2025-11-07,49885,1876,3507.23,126,13898.91
48,65,3,2025-11-09,6370,462,1103.49,33,2435.5
48,65,3,2025-11-15,44401,1897,1931.02,107,19349.97
48,65,3,2025-11-23,47588,2531,2443.1,48,4126.92
48,65,3,2025-11-26,23302,1292,3333.39,86,30558.71
48,65,3,2025-12-02,14284,684,1740.22,23,2009.73
48,65,3,2025-12-03,33716,1042,2301.22,96,36047.44
48,65,3,2025-12-04,15742,1056,3318.96,29,9696.42
48,65,3,2025-12-10,47862,3309,7470.37,372,102375.98
48,65,3,2025-12-15,32444,2250,5097.89,236,89989.68
48,65,3,2025-12-19,10231,552,983.72,34,5990.16
48,65,3,2025-12-24,19776,561,1128.57,53,3330.16
48,65,3,2025-12-25,1325,37,30.76,2,582.08
48,65,3,2025-12-31,13228,464,919.65,41,7665.28
48,65,3,2026-01-02,3803,113,483.23,10,791.81
48,65,3,2026-01-06,49902,2110,9645.74,289,65065.71
48,65,3,2026-01-11,46443,1691,7210.09,133,45862.0
48,65,3,2026-01-12,24979,1389,1067.49,164,42993.42
48,65,3,2026-01-15,27422,275,971.83,37,12954.41
48,65,3,2026-01-18,33890,2515,3983.06,137,24240.61
48,65,3,2026-01-20,20173,1445,2773.4,202,19328.22
48,65,3,2026-01-23,19113,974,4678.65,103,34686.74
48,65,3,2026-02-07,6502,181,713.25,21,6384.19
48,65,3,2026-02-13,49517,3084,15142.52,210,74501.26
48,65,3,2026-02-18,17806,1326,5458.37,42,4267.35
48,65,3,2026-02-23,25932,1824,6931.89,230,91991.55
48,65,3,2026-03-02,34403,538,575.6,78,11589.06
48,65,3,2026-03-03,16568,935,3245.55,97,15745.39
48,65,3,2026-03-05,25017,1545,6238.68,160,14605.34
48,65,3,2026-03-06,6140,244,890.48,27,6214.5
48,65,3,2026-03-09,30155,1891,5587.11,71,6773.09
48,65,3,2026-03-10,9081,343,289.66,41,4865.95
48,65,3,2026-03-11,48343,851,3336.99,70,25974.05
48,65,3,2026-03-16,23596,857,2866.31,59,3959.14
48,65,3,2026-03-20,18569,543,1320.19,9,2896.75
48,65,3,2026-03-21,5245,115,181.22,7,1895.4
48,65,3,2026-03-31,25734,1093,3235.62,92,34034.81
48,65,3,2026-04-02,10224,142,117.43,7,2173.84
48,65,3,2026-04-10,15373,883,3268.89,112,10939.95
48,65,3,2026-04-21,13569,219,622.75,29,1843.0
48,65,3,2026-04-23,27253,396,1298.01,18,6459.52
48,65,3,2026-04-24,33725,1349,3245.16,29,11517.55
48,65,3,2026-04-26,27434,1162,2562.0,114,31690.72
48,65,3,2026-04-30,36763,1097,5144.99,138,46084.43
48,65,3,2026-05-01,12456,797,1038.11,62,5689.27
48,65,3,2026-05-07,3471,208,945.99,3,262.66
48,65,3,2026-05-11,20103,255,750.1,38,4556.64
48,65,3,2026-05-15,22734,1768,6311.48,22,4761.39
48,65,3,2026-05-18,6323,407,428.85,4,761.93
48,65,3,2026-05-21,27628,561,986.6,27,5752.3
48,65,3,2026-05-25,5839,146,360.85,7,726.58
48,65,3,2026-05-28,17164,1126,4121.48,63,4899.28
48,65,3,2026-05-30,37248,1116,2973.33,42,5860.12
48,65,3,2026-05-31,14699,405,1198.16,39,12114.92
48,65,3,2026-06-01,39312,2349,3333.65,198,39485.97
48,65,3,2026-06-09,5833,413,1163.62,25,6944.37
48,65,3,2026-06-10,15930,815,534.86,16,6200.46
48,65,3,2026-06-12,6607,420,1880.49,51,12766.34
48,65,3,2026-06-15,2102,90,168.3,10,1238.8
48,65,3,2026-06-20,41452,645,1576.77,46,17041.39
48,65,3,2026-06-21,23090,751,690.91,110,22484.19
48,65,3,2026-06-23,30613,2104,2460.19,70,13819.83
48,65,3,2026-06-27,7119,283,151.47,6,633.24
48,65,3,2026-06-28,36575,1936,9358.08,202,41468.48
48,65,3,2026-07-01,1104,18,86.71,2,486.85
48,65,3,2026-07-03,8490,301,979.89,12,1210.8
48,65,3,2026-07-05,5701,183,321.29,23,5237.26
48,65,3,2026-07-06,42641,2172,4130.12,98,12201.18
48,65,3,2026-07-13,1783,64,122.48,6,723.52
48,65,3,2026-07-15,5600,81,47.03,8,854.87
48,65,3,2026-07-16,20171,318,1270.9,36,7976.91
48,65,3,2026-07-19,20780,1414,3371.64,15,4480.53
48,65,3,2026-07-20,36505,2633,6215.75,221,24105.73
48,65,3,2026-07-24,48938,1094,4111.46,125,14811.88
48,65,3,2026-08-01,3883,286,947.97,26,3215.96
48,65,3,2026-08-06,11018,466,1990.96,33,8214.08
48,65,3,2026-08-07,45553,1570,4833.81,70,15848.12
48,65,3,2026-08-10,48159,2008,7200.59,244,29081.47
48,65,3,2026-08-13,39419,863,3103.06,92,27747.79
48,65,3,2026-08-14,9708,252,782.36,36,5040.03
49,70,1,2025-08-19,22510,1140,5506.95,58,18370.22
49,70,1,2025-08-21,37859,2846,6498.86,194,65350.63
49,70,1,2025-08-24,49157,3859,9089.92,380,19006.32
49,70,1,2025-08-28,2350,117,548.65,8,1524.2
49,70,1,2025-08-30,49183,2172,6203.12,188,23356.83
49,70,1,2025-09-07,37748,1081,5244.94,28,2948.34
49,70,1,2025-09-08,29961,496,865.42,19,3301.0
49,70,1,2025-09-16,23881,780,936.07,41,15069.14
49,70,1,2025-09-22,15510,478,1590.75,35,13306.16
49,70,1,2025-10-01,11212,873,3592.05,98,18987.06
49,70,1,2025-10-03,6001,373,938.38,50,8839.54
49,70,1,2025-10-08,41319,2088,10366.54,300,111719.6
49,70,1,2025-10-09,43834,2199,4218.72,96,38340.42
49,70,1,2025-10-16,4703,309,995.78,30,3540.42
49,70,1,2025-10-17,24486,1113,4968.13,126,44217.89
49,70,1,2025-10-18,35862,1423,959.11,81,13168.14
49,70,1,2025-10-23,34024,1130,614.48,131,37816.96
49,70,1,2025-10-27,2044,28,117.98,1,92.32
49,70,1,2025-10-29,11759,476,590.87,15,4678.06
49,70,1,2025-11-04,8912,700,1762.74,97,28707.83
49,70,1,2025-11-06,10102,715,1195.01,43,17158.94
49,70,1,2025-11-13,13641,866,2773.14,94,28781.08
49,70,1,2025-11-17,31727,2090,4268.29,295,117873.93
49,70,1,2025-11-20,6557,295,956.36,15,1270.43
49,70,1,2025-11-26,34230,735,3504.0,25,2845.51
49,70,1,2025-11-29,31765,1067,2985.88,45,14383.25
49,70,1,2025-11-30,48148,1056,756.97,45,13936.75
49,70,1,2025-12-11,46915,3511,8576.65,75,8042.82
49,70,1,2025-12-20,28616,790,3568.18,33,6333.36
49,70,1,2025-12-22,17798,710,784.27,12,1983.77
49,70,1,2025-12-27,26078,835,1812.53,73,4427.07
49,70,1,2026-01-01,19290,635,2345.08,69,11149.02
49,70,1,2026-01-05,14986,734,2652.48,47,7235.65
49,70,1,2026-01-07,23857,650,1081.98,58,22859.02
49,70,1,2026-01-15,28541,1239,815.8,21,1444.58
49,70,1,2026-01-18,37774,912,1900.93,94,7254.09
49,70,1,2026-02-11,8334,465,1703.92,40,9722.05
49,70,1,2026-02-12,8429,671,1821.7,34,3997.28
49,70,1,2026-02-16,21663,1560,4156.72,146,45613.14
49,70,1,2026-02-17,47894,2359,9091.71,268,44777.74
49,70,1,2026-02-18,36037,2786,3164.38,262,87521.57
49,70,1,2026-02-21,40482,1257,6207.4,160,15648.24
49,70,1,2026-02-23,26917,1179,4391.38,120,43416.59
49,70,1,2026-02-28,47870,1509,5053.52,20,1011.5
49,70,1,2026-03-01,25722,584,2583.76,79,8821.83
49,70,1,2026-03-02,18066,1144,1271.27,54,10325.89
49,70,1,2026-03-03,16539,706,739.54,69,22636.72
49,70,1,2026-03-04,41251,1302,2864.95,18,4251.67
49,70,1,2026-03-12,7568,599,2341.34,77,8937.13
49,70,1,2026-03-14,4957,132,435.89,6,584.12
49,70,1,2026-03-15,20887,1553,3495.05,27,1574.61
49,70,1,2026-03-16,22950,709,3267.28,97,5492.62
49,70,1,2026-03-18,40758,2394,11694.09,132,10028.53
49,70,1,2026-03-25,34320,716,945.38,7,2627.79
49,70,1,2026-03-27,7243,286,881.68,39,5587.92
49,70,1,2026-03-28,15213,679,2420.45,72,5481.52
49,70,1,2026-04-05,5852,442,1496.54,28,1645.88
49,70,1,2026-04-16,13540,660,512.58,23,1259.21
49,70,1,2026-04-17,29013,527,1292.15,46,2903.2
49,70,1,2026-05-02,2009,106,474.04,8,938.42
49,70,1,2026-05-09,2191,81,47.53,4,1298.95
49,70,1,2026-05-20,35232,1668,4040.17,209,77394.9
49,70,1,2026-05-22,48107,1091,1937.33,138,32754.6
49,70,1,2026-05-28,28682,1926,8532.54,180,26680.31
49,70,1,2026-05-29,4308,86,170.06,4,510.25
49,70,1,2026-06-05,47702,3076,1590.12,430,65492.04
49,70,1,2026-06-14,12552,879,1019.56,102,9811.96
49,70,1,2026-06-15,44100,2093,5456.66,152,24392.77
49,70,1,2026-06-18,34931,378,434.74,41,14591.47
49,70,1,2026-06-19,16647,444,764.74,20,7188.48
49,70,1,2026-06-29,23131,1079,2262.91,151,49691.93
49,70,1,2026-07-01,2636,78,356.06,1,277.48
49,70,1,2026-07-12,10259,616,2756.01,73,6641.69
49,70,1,2026-07-16,10693,353,1724.91,26,8175.75
49,70,1,2026-07-18,21540,1420,3017.46,164,43446.62
49,70,1,2026-07-23,5509,201,634.74,6,1562.64
49,70,1,2026-07-25,25625,604,1010.5,10,1277.2
49,70,1,2026-07-28,17324,439,1711.59,41,9778.6
49,70,1,2026-07-30,1588,62,173.51,4,526.96
49,70,1,2026-08-04,3185,185,764.94,15,3028.35
49,70,1,2026-08-14,8046,583,2291.62,32,7429.24
49,70,1,2026-08-17,26469,672,2636.67,15,5121.81
49,70,1,2026-08-18,39608,641,2287.4,54,7229.67
50,70,2,2025-08-22,42795,3028,8908.56,312,89843.38
50,70,2,2025-08-26,18032,1165,3921.71,27,4417.96
50,70,2,2025-08-28,47353,3162,12743.47,129,36666.48
50,70,2,2025-09-01,49421,3677,9634.53,435,111727.13
50,70,2,2025-09-02,10401,782,2839.05,20,7541.63
50,70,2,2025-09-03,2869,206,237.25,26,6857.65
50,70,2,2025-09-11,43606,443,294.55,35,10073.72
50,70,2,2025-09-17,13505,780,2501.76,48,4281.3
50,70,2,2025-09-19,11557,574,1147.39,69,13842.65
50,70,2,2025-09-22,49475,3338,8692.14,283,112034.17
50,70,2,2025-09-23,48527,3476,13955.98,171,43995.82
50,70,2,2025-09-26,25720,395,1465.73,5,567.85
50,70,2,2025-10-07,16928,399,1037.22,49,5708.72
50,70,2,2025-10-08,17556,761,1934.09,81,11678.93
50,70,2,2025-10-10,24897,345,448.14,45,7864.42
50,70,2,2025-10-15,5553,436,1965.21,26,9163.07
50,70,2,2025-10-17,5606,64,294.52,6,1075.18
50,70,2,2025-10-20,45938,2987,11771.17,412,106051.03
50,70,2,2025-11-01,44384,537,1834.52,13,3155.55
50,70,2,2025-11-04,3843,303,497.6,14,5279.91
50,70,2,2025-11-06,8295,601,2688.79,48,11769.21
50,70,2,2025-11-14,28915,674,407.04,66,26176.4
50,70,2,2025-11-20,42764,2946,7837.04,223,88083.38
50,70,2,2025-11-22,20119,1183,2509.19,139,46319.39
50,70,2,2025-12-02,1571,54,214.86,5,883.07
50,70,2,2025-12-05,14330,1100,2540.57,154,48677.36
50,70,2,2025-12-07,31496,2102,7997.7,223,74143.57
50,70,2,2025-12-10,9845,370,296.96,19,5280.16
50,70,2,2025-12-17,33743,588,1279.93,40,2099.29
50,70,2,2025-12-28,25320,287,980.92,5,1743.29
50,70,2,2026-01-02,33424,373,1312.82,10,3251.65
50,70,2,2026-01-04,23407,719,1264.84,29,6179.9
50,70,2,2026-01-06,23435,1049,3642.24,130,20346.88
50,70,2,2026-01-08,10708,354,570.3,12,2600.75
50,70,2,2026-01-20,33858,2550,4348.77,62,7455.94
50,70,2,2026-01-29,17087,262,1071.13,12,4055.83
50,70,2,2026-01-31,20133,639,1130.86,39,7383.53
50,70,2,2026-02-01,17864,1189,914.66,160,31472.74
50,70,2,2026-02-03,12054,688,2060.02,12,3491.35
50,70,2,2026-02-08,34251,2621,5859.32,259,31263.14
50,70,2,2026-02-13,3599,258,923.66,27,3949.06
50,70,2,2026-02-17,28293,1468,1711.73,34,2406.68
50,70,2,2026-02-21,19218,1223,5176.3,123,39440.07
50,70,2,2026-02-25,29500,1706,7968.31,78,22186.88
50,70,2,2026-02-28,13760,820,1028.76,43,10334.29
50,70,2,2026-03-02,23344,1024,2290.65,99,21595.35
50,70,2,2026-03-14,4783,288,672.19,12,2554.72
50,70,2,2026-03-16,22649,903,3372.69,121,10715.55
50,70,2,2026-03-18,40615,3115,2975.53,423,64710.82
50,70,2,2026-03-19,20646,235,353.02,22,2899.9
50,70,2,2026-03-20,2068,26,91.09,3,801.33
50,70,2,2026-03-26,35895,1857,8125.04,235,89086.95
50,70,2,2026-03-28,46882,3394,1841.01,420,112326.51
50,70,2,2026-03-29,22226,778,2476.45,71,6705.32
50,70,2,2026-03-30,31989,849,2621.3,52,8245.32
50,70,2,2026-03-31,34899,2505,10493.89,142,38845.51
50,70,2,2026-04-06,17938,425,635.82,33,11865.91
50,70,2,2026-04-16,45803,1570,7803.04,181,46031.61
50,70,2,2026-04-21,31497,914,3705.46,125,23381.3
50,70,2,2026-04-25,15525,978,3134.58,77,18769.88
50,70,2,2026-05-02,31928,1637,1450.74,48,5678.92
50,70,2,2026-05-04,3286,125,379.55,17,2750.42
50,70,2,2026-05-08,26039,1413,783.94,173,62581.72
50,70,2,2026-05-15,15721,244,520.57,14,3871.19
50,70,2,2026-05-23,48612,1696,7185.05,248,40227.49
50,70,2,2026-05-30,48481,2866,4566.2,255,49231.52
50,70,2,2026-06-04,36476,2242,5243.92,288,107195.02
50,70,2,2026-06-06,44166,1696,2073.86,120,36497.34
50,70,2,2026-06-09,19480,1181,1837.01,175,41322.47
50,70,2,2026-06-10,19535,757,3704.53,58,15341.2
50,70,2,2026-06-12,2432,145,137.31,19,2278.32
50,70,2,2026-06-15,42336,1124,2753.18,164,32767.35
50,70,2,2026-06-21,21504,1316,1121.82,37,5741.19
50,70,2,2026-06-24,49953,3267,11168.98,373,43867.36
50,70,2,2026-06-28,38960,3020,15047.31,57,14238.71
50,70,2,2026-07-03,23393,1230,3954.98,18,1985.36
50,70,2,2026-07-07,21770,704,2610.74,57,12587.4
50,70,2,2026-07-08,7897,609,1237.81,56,3943.64
50,70,2,2026-07-09,24520,1282,2789.04,44,13533.74
50,70,2,2026-07-10,10511,647,1242.84,12,4623.65
50,70,2,2026-07-19,41685,2130,8191.79,52,3940.56
50,70,2,2026-07-20,24198,254,751.04,8,2109.34
50,70,2,2026-07-21,2227,53,133.71,5,1625.59
50,70,2,2026-07-22,40423,2606,12043.38,41,2080.7
50,70,2,2026-07-25,41226,2996,11925.79,340,106772.91
50,70,2,2026-07-26,20868,1593,2560.91,24,3278.46
50,70,2,2026-08-03,30872,1959,4617.15,104,28532.28
50,70,2,2026-08-06,3486,209,519.76,18,3647.5
50,70,2,2026-08-07,47105,3133,5324.99,312,76017.43
50,70,2,2026-08-13,49404,3708,10452.83,246,94504.36
50,70,2,2026-08-15,30800,1502,7211.41,97,25936.03
50,70,2,2026-08-18,14552,581,1772.57,73,13201.87
51,70,3,2025-08-23,24357,806,2507.78,88,4746.0
51,70,3,2025-08-24,3870,172,466.71,21,2000.91
51,70,3,2025-09-02,41203,2921,5896.41,432,113527.81
51,70,3,2025-09-11,9129,157,757.36,9,1254.9
51,70,3,2025-09-12,39840,1201,2828.32,59,12623.86
51,70,3,2025-09-13,19330,597,2488.33,38,12443.18
51,70,3,2025-09-20,25086,590,322.31,38,10523.52
51,70,3,2025-09-23,20236,939,1277.72,118,12836.95
51,70,3,2025-09-26,26659,2028,7324.96,251,51071.73
51,70,3,2025-10-02,12972,886,1526.0,108,8896.03
51,70,3,2025-10-03,44224,1841,8179.26,144,48288.79
51,70,3,2025-10-04,38175,540,2632.83,17,5996.1
51,70,3,2025-10-06,46054,1833,3625.67,39,2385.78
51,70,3,2025-10-08,42232,3325,2491.49,252,37778.72
51,70,3,2025-10-10,48874,3390,13900.42,308,96336.57
51,70,3,2025-10-14,49599,1486,2152.53,128,6525.84
51,70,3,2025-10-19,6565,292,614.33,35,2370.04
51,70,3,2025-10-20,21951,1596,4744.35,123,28931.02
51,70,3,2025-10-21,35101,800,1504.6,119,45629.49
51,70,3,2025-10-23,18564,1445,1309.38,165,42659.76
51,70,3,2025-10-24,45699,1583,6243.84,161,53184.13
51,70,3,2025-10-26,1143,83,377.75,5,1111.3
51,70,3,2025-10-27,39342,2639,6148.39,313,26341.97
51,70,3,2025-10-28,19927,1464,6544.48,161,54172.66
51,70,3,2025-10-29,8236,501,551.7,58,4909.59
51,70,3,2025-11-01,35537,1450,759.84,209,22935.56
51,70,3,2025-11-06,45678,1488,1342.49,95,24993.7
51,70,3,2025-11-07,7849,125,63.13,17,5837.78
51,70,3,2025-11-08,3087,204,438.48,23,8142.7
51,70,3,2025-11-11,1499,86,216.74,11,3511.3
51,70,3,2025-11-13,41512,1568,3483.0,193,10281.92
51,70,3,2025-11-20,25222,467,890.56,39,11167.57
51,70,3,2025-11-22,30945,575,2061.58,61,18557.54
51,70,3,2025-11-26,24823,1430,6912.34,117,46486.79
51,70,3,2025-11-27,17198,567,2418.53,24,8544.68
51,70,3,2025-12-13,47106,3145,9266.34,445,161918.76
51,70,3,2025-12-17,6486,321,1188.93,37,5339.61
51,70,3,2025-12-18,40276,1155,1228.96,140,53584.08
51,70,3,2025-12-19,23859,1067,586.35,99,16221.6
51,70,3,2025-12-27,30920,742,2923.03,21,6110.24
51,70,3,2025-12-28,35177,948,2388.21,15,2022.19
51,70,3,2026-01-03,4620,55,89.18,2,341.45
51,70,3,2026-01-10,31621,2499,12211.94,123,36843.5
51,70,3,2026-01-11,36692,867,2599.88,86,30540.63
51,70,3,2026-01-23,30255,881,1959.65,17,2223.75
51,70,3,2026-01-25,28495,1182,2366.92,157,38600.75
51,70,3,2026-01-30,44022,2083,5098.76,152,29589.11
51,70,3,2026-01-31,13289,742,1138.24,35,2966.35
51,70,3,2026-02-03,49740,3465,3432.81,163,50143.88
51,70,3,2026-02-05,49584,1955,8633.06,39,8899.19
51,70,3,2026-02-06,49231,1128,2194.69,129,50380.76
51,70,3,2026-02-11,20069,1252,2633.53,148,44213.87
51,70,3,2026-02-15,48108,1071,2961.67,65,10814.86
51,70,3,2026-02-16,2350,97,279.96,4,1547.99
51,70,3,2026-02-18,40356,3155,4748.08,105,9663.69
51,70,3,2026-02-23,14777,705,2398.25,15,3961.06
51,70,3,2026-03-02,11952,774,2409.54,51,19250.72
51,70,3,2026-03-09,34369,603,919.15,83,24143.2
51,70,3,2026-03-14,6590,413,1257.78,4,495.57
51,70,3,2026-03-19,38299,1961,9536.08,50,6591.34
51,70,3,2026-03-26,10244,331,964.9,23,1660.75
51,70,3,2026-03-29,45700,1329,3336.31,41,11413.91
51,70,3,2026-03-30,45777,3435,15587.55,420,41750.39
51,70,3,2026-04-02,4334,157,145.52,8,1947.29
51,70,3,2026-04-04,34531,480,1976.43,38,8163.36
51,70,3,2026-04-15,17994,1194,1786.08,109,35224.19
51,70,3,2026-04-16,26884,2077,7500.34,255,35519.42
51,70,3,2026-04-18,48290,1697,2171.7,99,28150.06
51,70,3,2026-04-19,27403,1992,3355.32,206,36263.48
51,70,3,2026-04-23,27297,1683,8139.89,199,42407.23
51,70,3,2026-04-28,10370,776,2369.95,65,19720.32
51,70,3,2026-04-29,30399,2420,7520.07,329,87638.73
51,70,3,2026-05-01,43691,1365,4824.43,93,8563.03
51,70,3,2026-05-02,20040,906,1856.23,93,17407.11
51,70,3,2026-05-03,44123,3468,14385.86,235,42648.72
51,70,3,2026-05-04,3430,144,178.09,20,4608.04
51,70,3,2026-05-09,40716,1930,6745.41,237,67181.2
51,70,3,2026-05-11,27309,1866,2376.72,114,21830.69
51,70,3,2026-05-13,15589,175,641.39,18,3736.37
51,70,3,2026-05-19,4824,303,1433.85,7,2709.49
51,70,3,2026-05-23,5271,296,381.79,31,7102.59
51,70,3,2026-05-25,41824,1118,975.8,143,36821.49
51,70,3,2026-06-01,29220,2194,4898.7,118,34632.83
51,70,3,2026-06-03,46770,1202,2818.31,133,30361.23
51,70,3,2026-06-05,12050,580,2772.13,72,9572.62
51,70,3,2026-06-06,32325,1141,1907.83,40,15244.17
51,70,3,2026-06-08,43078,928,2246.57,66,15048.24
51,70,3,2026-06-17,34268,1930,1047.52,39,2209.32
51,70,3,2026-06-18,19927,1267,1607.92,20,1965.91
51,70,3,2026-06-21,14559,177,746.84,23,5028.43
51,70,3,2026-06-27,29164,1875,4950.3,59,20909.82
51,70,3,2026-07-01,18199,470,1150.59,14,1986.93
51,70,3,2026-07-02,19955,875,3606.62,84,10867.49
51,70,3,2026-07-14,42172,656,2712.61,96,24179.28
51,70,3,2026-07-20,47621,3471,15235.15,440,148517.56
51,70,3,2026-07-23,47626,3324,4263.05,175,45580.22
51,70,3,2026-07-26,40488,3222,4353.95,234,37398.77
51,70,3,2026-07-29,5924,190,729.19,9,1012.53
51,70,3,2026-07-31,12352,667,565.44,60,4662.44
51,70,3,2026-08-05,14329,443,355.99,35,12501.52
51,70,3,2026-08-09,31439,1984,1847.02,56,3007.4
51,70,3,2026-08-14,7128,294,244.57,29,11149.68
52,89,1,2025-08-28,4929,315,502.64,6,1028.76
52,89,1,2025-09-18,24468,1412,3565.95,187,54966.54
52,89,1,2025-09-25,20888,1244,4932.84,13,4079.9
52,89,1,2025-10-03,35511,826,1046.43,11,1018.88
52,89,1,2025-10-04,18465,578,2287.22,5,732.73
52,89,1,2025-10-07,1531,26,41.46,3,636.87
52,89,1,2025-10-23,28396,376,452.24,35,5518.18
52,89,1,2025-10-29,22948,1270,5289.45,161,11555.39
52,89,1,2025-11-07,31377,1380,3647.35,173,28748.16
52,89,1,2025-11-08,21388,665,2723.67,21,6379.36
52,89,1,2025-11-09,12840,216,301.25,12,2837.48
52,89,1,2025-11-12,9249,667,1527.17,71,16142.01
52,89,1,2025-11-14,9963,361,962.3,7,2371.22
52,89,1,2025-11-17,47911,1163,932.3,53,8533.25
52,89,1,2025-11-20,15929,307,549.99,6,1593.19
52,89,1,2025-11-25,25451,1923,6674.7,38,8592.43
52,89,1,2025-11-26,38162,2649,1378.0,68,4717.68
52,89,1,2025-11-29,9928,791,795.92,118,43053.99
52,89,1,2025-12-03,11371,434,1534.26,14,3454.43
52,89,1,2025-12-08,30480,702,946.41,67,10247.45
52,89,1,2025-12-11,2483,75,343.03,11,3621.04
52,89,1,2025-12-16,29022,441,304.24,62,21920.02
52,89,1,2026-01-02,49225,1441,3830.83,76,17362.14
52,89,1,2026-01-09,17362,880,659.97,124,11544.21
52,89,1,2026-01-13,13902,934,2812.42,81,8569.37
52,89,1,2026-01-15,14532,187,244.26,24,2221.82
52,89,1,2026-01-20,23722,843,1866.38,107,16931.97
52,89,1,2026-01-23,6815,461,1373.82,58,7224.62
52,89,1,2026-01-25,39928,2093,5153.42,276,41823.88
52,89,1,2026-01-27,29928,1676,8368.42,208,42017.61
52,89,1,2026-01-29,3610,143,714.24,9,712.34
52,89,1,2026-01-30,21912,857,2997.43,101,11590.78
52,89,1,2026-02-02,48774,2414,3361.37,131,32655.75
52,89,1,2026-02-04,6621,497,580.07,19,6385.7
52,89,1,2026-02-08,38644,1653,1914.6,41,12909.23
52,89,1,2026-02-09,6983,520,1029.22,13,4950.76
52,89,1,2026-02-14,38207,838,677.99,19,4656.55
52,89,1,2026-02-25,6187,81,207.72,5,959.73
52,89,1,2026-02-28,35357,1419,2499.56,81,11926.01
52,89,1,2026-03-01,34729,2716,8215.4,359,137216.5
52,89,1,2026-03-03,4216,51,230.22,3,336.77
52,89,1,2026-03-04,13842,1004,638.56,44,4558.98
52,89,1,2026-03-12,25787,900,3700.44,111,43069.82
52,89,1,2026-03-18,3149,167,597.93,12,1405.81
52,89,1,2026-03-25,39933,2817,9191.96,196,66345.16
52,89,1,2026-04-01,43389,645,529.42,44,5426.43
52,89,1,2026-04-02,17862,1168,5101.83,122,43184.63
52,89,1,2026-04-06,17661,896,4300.94,128,30231.02
52,89,1,2026-04-07,43391,2455,6170.97,182,62551.19
52,89,1,2026-04-08,14931,314,179.11,46,7745.94
52,89,1,2026-04-16,8323,395,436.5,40,12181.18
52,89,1,2026-04-20,39434,1427,4262.34,46,14811.7
52,89,1,2026-04-24,2691,59,281.95,2,234.92
52,89,1,2026-04-25,9856,189,138.48,27,7448.5
52,89,1,2026-04-28,39588,1796,4197.01,111,30805.47
52,89,1,2026-04-30,38763,2113,6151.23,242,25115.54
52,89,1,2026-05-09,33177,719,3269.61,44,9462.25
52,89,1,2026-05-10,25346,702,3146.66,98,8234.3
52,89,1,2026-05-15,38821,2864,5064.28,365,137734.71
52,89,1,2026-05-20,45632,2145,4905.87,251,35939.82
52,89,1,2026-05-25,7877,502,1241.22,31,6927.13
52,89,1,2026-05-29,14384,935,2157.89,33,2542.52
52,89,1,2026-06-01,48798,3294,10155.21,284,45646.49
52,89,1,2026-06-03,5778,346,1078.4,43,14592.38
52,89,1,2026-06-07,22057,1062,2917.22,92,19430.22
52,89,1,2026-06-09,30445,750,3537.2,65,6978.36
52,89,1,2026-06-12,9181,569,1413.82,37,4004.87
52,89,1,2026-06-13,4097,318,191.14,7,1202.27
52,89,1,2026-06-17,44034,2280,1464.22,279,107397.23
52,89,1,2026-06-18,1823,77,119.54,1,279.81
52,89,1,2026-06-19,8640,260,361.29,9,1361.83
52,89,1,2026-06-26,12652,897,2022.7,81,12168.79
52,89,1,2026-07-16,49367,2200,9500.28,98,28684.44
52,89,1,2026-07-20,22095,1610,5639.38,229,36946.26
52,89,1,2026-07-21,27834,2001,5139.26,286,38558.24
52,89,1,2026-07-22,30459,2354,3294.6,204,15534.28
52,89,1,2026-07-24,18595,1229,5265.1,63,22041.53
52,89,1,2026-07-26,10282,132,642.77,9,3155.65
52,89,1,2026-07-28,24942,1359,3719.46,182,65727.51
52,89,1,2026-07-29,11954,561,1625.31,8,2555.65
52,89,1,2026-08-05,25927,1776,8805.37,202,14433.48
52,89,1,2026-08-06,39259,2269,2099.06,284,101192.28
52,89,1,2026-08-09,4858,332,814.78,40,7140.1
52,89,1,2026-08-14,15148,306,939.98,21,5513.47
53,89,2,2025-08-18,28260,445,431.43,20,5874.34
53,89,2,2025-08-22,20545,984,3674.34,96,23505.33
53,89,2,2025-08-27,39546,1846,4677.96,165,47093.67
53,89,2,2025-08-28,30214,2364,10341.52,113,18945.53
53,89,2,2025-08-29,37724,2626,5597.48,222,57044.95
53,89,2,2025-09-01,24855,754,1994.27,62,13725.94
53,89,2,2025-09-02,18842,1166,2239.25,54,19099.73
53,89,2,2025-09-04,6475,121,92.33,11,2334.13
53,89,2,2025-09-06,29792,1568,4435.97,233,44951.4
53,89,2,2025-09-07,12531,611,2727.87,54,13043.89
53,89,2,2025-09-09,28240,1456,3317.06,80,7136.23
53,89,2,2025-09-18,10301,412,1470.0,21,3026.41
53,89,2,2025-09-19,9088,288,622.78,26,9929.4
53,89,2,2025-09-21,42617,1029,1729.6,19,4698.0
53,89,2,2025-09-22,40569,942,4437.54,49,4043.72
53,89,2,2025-10-08,7685,182,161.66,14,4647.31
53,89,2,2025-10-11,46012,528,2554.86,37,9779.98
53,89,2,2025-10-19,20344,759,1171.91,92,14709.66
53,89,2,2025-10-24,44968,2011,1237.26,216,53587.16
53,89,2,2025-10-25,12244,438,1857.77,15,4556.97
53,89,2,2025-10-28,36121,908,4011.96,40,6395.52
53,89,2,2025-10-30,14485,877,2561.4,40,9716.26
53,89,2,2025-11-04,29846,1481,2466.46,137,46068.11
53,89,2,2025-11-11,40724,3252,8704.8,434,38855.7
53,89,2,2025-11-12,10276,229,169.25,20,4331.18
53,89,2,2025-11-18,44184,3067,6548.4,162,54551.71
53,89,2,2025-11-20,29873,1682,2000.26,181,54023.99
53,89,2,2025-11-27,36886,1035,3325.91,141,17593.59
53,89,2,2025-12-02,4586,104,199.09,6,2054.32
53,89,2,2025-12-03,43461,683,1383.27,73,9564.4
53,89,2,2025-12-04,40847,2739,9935.53,238,88604.1
53,89,2,2025-12-05,17406,715,2746.62,29,6271.9
53,89,2,2025-12-12,22641,1674,4940.09,217,74054.67
53,89,2,2025-12-13,29178,1088,3562.87,97,14710.32
53,89,2,2025-12-17,31033,509,2467.19,54,5935.0
53,89,2,2025-12-20,29233,2304,2991.09,218,71740.25
53,89,2,2025-12-25,41594,1844,5348.35,123,25975.14
53,89,2,2025-12-26,5586,370,518.48,34,8576.89
53,89,2,2025-12-29,36590,1841,5362.54,157,55404.89
53,89,2,2025-12-30,21863,1438,5271.47,95,35934.14
53,89,2,2026-01-02,14374,814,1882.75,115,6383.86
53,89,2,2026-01-04,5319,115,172.56,10,2571.28
53,89,2,2026-01-05,43306,1288,5578.12,19,7526.25
53,89,2,2026-01-07,16144,1129,1636.5,133,14192.66
53,89,2,2026-01-10,19680,1485,7090.96,172,29592.24
53,89,2,2026-01-11,13574,260,966.52,23,5066.1
53,89,2,2026-01-12,23362,595,2622.89,21,8379.64
53,89,2,2026-01-14,24859,690,929.71,19,4613.45
53,89,2,2026-01-21,46039,2929,7401.34,225,65274.43
53,89,2,2026-01-23,33727,2140,4829.3,271,26709.08
53,89,2,2026-01-29,18547,986,1897.34,66,12623.3
53,89,2,2026-02-03,24120,1136,4844.52,15,2232.09
53,89,2,2026-02-04,11945,232,408.84,8,1994.92
53,89,2,2026-02-07,2854,136,118.25,19,5606.56
53,89,2,2026-02-14,35238,1086,3194.71,20,4296.07
53,89,2,2026-02-26,4212,324,832.96,17,6626.9
53,89,2,2026-02-28,42822,3003,6395.9,57,18402.63
53,89,2,2026-03-16,9675,544,848.21,62,15723.62
53,89,2,2026-03-27,14359,726,566.18,83,5641.37
53,89,2,2026-04-01,39454,2516,11562.25,41,14389.57
53,89,2,2026-04-04,10212,261,599.23,18,4598.44
53,89,2,2026-04-05,47595,3040,3780.73,48,10272.31
53,89,2,2026-04-10,43132,811,2533.22,12,3593.45
53,89,2,2026-04-11,24792,360,919.29,11,1062.52
53,89,2,2026-04-18,9444,740,2340.81,29,3870.76
53,89,2,2026-04-21,11948,765,3578.82,39,13106.14
53,89,2,2026-04-22,25730,1500,2393.81,54,11442.08
53,89,2,2026-05-01,41804,1525,3085.75,197,49306.86
53,89,2,2026-05-02,32890,2517,6490.56,311,78190.64
53,89,2,2026-05-12,33096,1142,3896.82,126,10290.84
53,89,2,2026-05-13,15654,735,2135.81,108,21946.63
53,89,2,2026-05-14,33611,1075,1419.45,53,11233.64
53,89,2,2026-05-17,3757,130,215.33,7,2271.94
53,89,2,2026-05-19,28108,1322,840.74,145,25864.8
53,89,2,2026-05-25,20041,815,1276.75,43,8443.15
53,89,2,2026-05-28,36639,2128,9468.5,67,18654.3
53,89,2,2026-05-30,6576,460,463.67,11,1768.18
53,89,2,2026-06-07,18869,256,197.92,34,2208.7
53,89,2,2026-06-10,35898,1501,5084.57,203,47581.41
53,89,2,2026-06-12,34534,868,1076.76,113,38065.33
53,89,2,2026-06-16,16364,938,2603.07,76,14584.43
53,89,2,2026-06-25,23834,331,441.62,7,1276.6
53,89,2,2026-06-28,12292,519,335.71,21,6821.11
53,89,2,2026-06-30,21106,438,658.47,8,1727.36
53,89,2,2026-07-03,30336,2296,11409.86,247,49185.36
53,89,2,2026-07-06,46059,539,341.76,50,6084.4
53,89,2,2026-07-13,34502,974,3075.53,100,33239.71
53,89,2,2026-07-16,18625,420,1809.44,36,7536.97
53,89,2,2026-07-18,35726,1134,1837.11,60,23444.96
53,89,2,2026-07-26,38960,2058,5498.07,124,28225.22
53,89,2,2026-07-28,2217,162,221.31,9,3460.56
53,89,2,2026-07-29,31135,1198,5515.22,21,6759.45
53,89,2,2026-08-01,44513,1108,4092.62,127,40128.4
53,89,2,2026-08-04,26412,1312,5942.93,140,13665.14
53,89,2,2026-08-06,35677,1501,892.0,166,62093.48
53,89,2,2026-08-07,8325,549,1674.18,31,4763.21
53,89,2,2026-08-08,18004,295,383.37,42,9455.49
53,89,2,2026-08-12,28579,971,3237.25,93,7599.57
53,89,2,2026-08-13,21091,485,866.44,54,2845.26
53,89,2,2026-08-16,33050,2349,11201.26,326,45248.44
54,89,3,2025-08-22,2758,163,148.21,5,1103.93
54,89,3,2025-08-27,43169,3131,6615.44,247,68493.57
54,89,3,2025-08-30,21222,421,1631.65,51,9044.15
54,89,3,2025-08-31,21156,1657,6484.56,107,27568.44
54,89,3,2025-09-01,17061,1011,3246.59,87,15966.4
54,89,3,2025-09-07,37787,1223,1719.28,100,17256.97
54,89,3,2025-09-08,21512,747,1187.62,57,16562.27
54,89,3,2025-09-10,28911,570,917.61,9,3070.3
54,89,3,2025-09-12,32611,1327,3665.57,145,31799.08
54,89,3,2025-09-15,6564,523,2208.09,40,3519.36
54,89,3,2025-09-26,26085,1343,3042.29,59,20280.54
54,89,3,2025-10-10,7094,467,315.88,63,18296.18
54,89,3,2025-10-11,24042,1578,5141.69,194,24412.98
54,89,3,2025-10-12,49228,1068,1259.18,113,40609.88
54,89,3,2025-10-19,47172,2537,10516.94,132,23782.19
54,89,3,2025-10-25,41087,1427,1510.23,144,43322.46
54,89,3,2025-10-26,40843,1155,5373.48,121,29285.28
54,89,3,2025-11-06,31088,1518,6173.23,24,9499.99
54,89,3,2025-11-08,35740,1052,3866.62,107,32088.36
54,89,3,2025-11-26,30167,955,2321.22,44,7237.43
54,89,3,2025-11-29,4667,160,321.78,4,1243.01
54,89,3,2025-12-07,9879,578,777.13,16,5981.69
54,89,3,2025-12-11,32101,694,660.24,44,3208.94
54,89,3,2025-12-14,27474,581,2459.68,34,7142.09
54,89,3,2025-12-20,17829,360,323.74,37,4573.45
54,89,3,2025-12-23,16312,1038,2434.06,81,31479.2
54,89,3,2025-12-26,20874,211,311.65,21,6366.48
54,89,3,2025-12-30,49577,3729,13811.73,243,30246.8
54,89,3,2026-01-03,48279,3044,8363.01,200,17888.79
54,89,3,2026-01-05,28232,546,2150.24,74,10420.64
54,89,3,2026-01-06,9723,618,905.32,92,22914.71
54,89,3,2026-01-09,38290,545,702.32,13,1572.28
54,89,3,2026-01-13,12860,848,1785.64,30,10585.87
54,89,3,2026-01-17,8017,420,887.13,17,5504.35
54,89,3,2026-01-19,34576,1479,915.86,146,47571.19
54,89,3,2026-01-20,1169,26,62.47,2,319.71
54,89,3,2026-01-29,38161,784,2955.68,79,12031.93
54,89,3,2026-02-01,17235,809,838.2,38,11327.86
54,89,3,2026-02-08,43415,2776,12524.74,135,39396.64
54,89,3,2026-02-09,41462,2635,1805.99,338,77682.34
54,89,3,2026-02-11,4457,207,833.94,10,2871.13
54,89,3,2026-02-16,33562,2041,7963.38,54,19005.96
54,89,3,2026-02-18,49102,2426,1691.47,324,120684.79
54,89,3,2026-02-23,22971,1762,8001.7,36,5381.72
54,89,3,2026-02-24,35237,2617,11845.95,169,65157.69
54,89,3,2026-03-02,35873,1726,932.98,128,19612.62
54,89,3,2026-03-03,37174,2249,2336.07,167,58424.68
54,89,3,2026-03-07,23578,459,1747.73,23,8120.43
54,89,3,2026-03-08,31148,1987,3535.86,231,86172.11
54,89,3,2026-03-09,18812,1215,4774.86,63,8359.32
54,89,3,2026-03-15,13779,466,2326.69,45,7604.98
54,89,3,2026-03-18,7570,382,827.43,17,3173.21
54,89,3,2026-03-21,24043,266,567.92,19,3229.31
54,89,3,2026-03-24,25277,775,2306.46,32,1994.57
54,89,3,2026-03-28,37801,2747,3128.33,165,48548.51
54,89,3,2026-04-01,37278,1658,6136.98,240,39989.93
54,89,3,2026-04-13,32247,1152,4590.61,132,28914.39
54,89,3,2026-04-15,36085,1786,8291.03,256,40930.96
54,89,3,2026-04-17,35011,1983,8298.81,241,81567.53
54,89,3,2026-04-21,40389,654,1396.85,59,5101.16
54,89,3,2026-04-24,24906,395,1421.6,13,4520.74
54,89,3,2026-04-26,19209,1475,7237.33,88,21136.18
54,89,3,2026-05-03,34864,806,3152.68,40,11553.85
54,89,3,2026-05-05,11210,480,874.55,9,1691.51
54,89,3,2026-05-06,17262,926,1936.36,81,14593.04
54,89,3,2026-05-07,39178,2318,3799.36,338,105276.86
54,89,3,2026-05-09,1095,36,43.52,4,346.51
54,89,3,2026-05-11,12117,214,597.0,7,2473.12
54,89,3,2026-05-13,12529,201,885.82,5,1017.03
54,89,3,2026-05-14,15895,1115,3501.88,115,34746.54
54,89,3,2026-05-19,22963,535,1866.99,73,22722.68
54,89,3,2026-05-21,37111,1016,3361.2,87,12348.37
54,89,3,2026-05-26,29309,1659,7110.34,122,45477.94
54,89,3,2026-05-29,5341,100,441.53,8,892.98
54,89,3,2026-05-30,19234,998,3357.73,141,49821.22
54,89,3,2026-05-31,18150,1096,3107.52,122,26778.87
54,89,3,2026-06-02,14862,154,438.28,10,3518.92
54,89,3,2026-06-05,18242,916,2604.28,31,9057.86
54,89,3,2026-06-07,46996,2123,6098.88,298,111440.48
54,89,3,2026-06-08,26473,305,930.79,16,5735.62
54,89,3,2026-06-15,33631,1320,2717.11,111,20631.14
54,89,3,2026-06-18,24247,1761,7377.44,195,16709.26
54,89,3,2026-06-21,40958,1989,1938.12,152,50942.59
54,89,3,2026-06-23,6242,93,129.58,8,683.87
54,89,3,2026-06-24,27056,608,2089.4,33,8708.79
54,89,3,2026-06-27,42255,2951,7378.84,352,135819.35
54,89,3,2026-07-02,24531,995,2432.25,146,8276.53
54,89,3,2026-07-04,44015,506,921.74,30,3018.55
54,89,3,2026-07-06,31330,1703,5741.1,173,44644.17
54,89,3,2026-07-07,33285,2232,8740.4,243,72353.28
54,89,3,2026-07-11,19799,412,1276.94,20,1736.72
54,89,3,2026-07-14,6993,311,287.82,29,5179.73
54,89,3,2026-07-15,38393,1027,3800.13,72,24463.61
54,89,3,2026-07-17,33930,1881,5192.58,226,23724.58
54,89,3,2026-07-19,23186,1389,4506.71,83,28439.16
54,89,3,2026-07-28,12441,215,290.72,25,9537.22
54,89,3,2026-08-08,24714,453,1697.81,8,1400.87
54,89,3,2026-08-12,14204,559,1696.0,68,9423.1
55,58,1,2025-08-24,18684,446,1459.46,23,2863.87
55,58,1,2025-08-26,21435,638,2808.19,9,1555.47
55,58,1,2025-08-28,43046,2546,9909.54,219,72807.36
55,58,1,2025-08-29,36445,448,536.55,27,5316.86
55,58,1,2025-08-30,49180,3752,3280.75,428,52168.8
55,58,1,2025-08-31,26688,1932,5558.06,40,4610.15
55,58,1,2025-09-10,5220,194,869.51,12,761.51
55,58,1,2025-09-23,10051,724,3595.19,102,32380.24
55,58,1,2025-09-25,25794,1211,3363.17,17,1536.72
55,58,1,2025-10-09,40402,2713,10546.41,346,96204.28
55,58,1,2025-10-13,11988,918,3180.24,109,36753.11
55,58,1,2025-10-17,10892,120,221.15,2,661.18
55,58,1,2025-10-21,6379,331,652.63,29,1478.9
55,58,1,2025-10-24,31438,2027,1729.98,120,18524.29
55,58,1,2025-10-25,2536,196,212.96,25,1969.75
55,58,1,2025-10-26,45913,3594,5796.4,389,30347.4
55,58,1,2025-11-02,41221,2463,12093.69,307,22484.23
55,58,1,2025-11-12,18157,888,1367.59,26,8338.88
55,58,1,2025-11-15,43295,1526,5507.07,176,47475.86
55,58,1,2025-11-19,38387,1556,4636.24,175,62403.18
55,58,1,2025-11-21,28749,1698,5606.04,154,36321.96
55,58,1,2025-11-27,38503,3077,9914.91,170,59766.92
55,58,1,2025-12-13,45669,707,816.11,98,29258.99
55,58,1,2025-12-15,21531,937,2627.75,127,27788.17
55,58,1,2025-12-16,24509,1569,6200.32,175,55164.45
55,58,1,2025-12-22,21149,1390,2762.58,86,30136.41
55,58,1,2025-12-31,1527,20,76.77,2,432.37
55,58,1,2026-01-13,12930,869,814.18,90,23610.36
55,58,1,2026-01-17,44511,2104,3848.2,22,6830.72
55,58,1,2026-01-20,11955,449,474.67,25,8601.52
55,58,1,2026-01-22,11772,906,4131.97,80,25511.58
55,58,1,2026-01-25,19645,225,120.63,9,3579.51
55,58,1,2026-01-26,16965,753,2357.19,21,8015.53
55,58,1,2026-02-01,41229,607,1887.34,53,21054.99
55,58,1,2026-02-07,15696,324,1443.39,36,3324.9
55,58,1,2026-02-09,4622,293,384.29,24,7900.14
55,58,1,2026-02-11,20806,638,2565.92,47,13047.47
55,58,1,2026-02-17,4755,144,365.37,9,2639.42
55,58,1,2026-02-20,22996,819,3633.3,25,2282.0
55,58,1,2026-02-21,15554,234,1078.83,7,1486.25
55,58,1,2026-02-23,2793,81,123.0,9,2336.74
55,58,1,2026-02-24,33094,1674,4373.42,101,31193.7
55,58,1,2026-02-25,29162,2035,2864.66,95,26717.34
55,58,1,2026-03-04,43098,1562,3694.04,150,17444.88
55,58,1,2026-03-05,42218,1800,2211.55,216,81174.62
55,58,1,2026-03-16,5595,240,484.53,21,5346.74
55,58,1,2026-03-22,45178,1169,5611.44,14,2063.46
55,58,1,2026-03-29,41689,3146,12273.01,235,61680.1
55,58,1,2026-04-05,38639,756,2161.67,33,6046.89
55,58,1,2026-04-07,10247,816,2759.27,59,13589.96
55,58,1,2026-04-19,30722,1457,5084.86,184,61224.33
55,58,1,2026-04-20,22873,1103,2272.77,78,6859.52
55,58,1,2026-04-23,45872,521,1665.67,56,6547.72
55,58,1,2026-04-24,29706,733,1802.49,15,5235.71
55,58,1,2026-05-07,42390,1028,823.7,104,26039.23
55,58,1,2026-05-10,33467,902,1416.02,11,3303.91
55,58,1,2026-05-13,25344,634,2503.99,58,18116.19
55,58,1,2026-05-27,19476,1160,1024.3,99,35129.32
55,58,1,2026-05-29,35758,2302,1491.82,154,18580.38
55,58,1,2026-06-01,40207,423,223.81,14,2027.55
55,58,1,2026-06-08,11724,658,1155.46,17,1334.64
55,58,1,2026-06-09,48029,2533,7065.75,362,29883.54
55,58,1,2026-06-13,47805,1439,981.01,35,12927.66
55,58,1,2026-06-20,18413,1394,2413.85,76,3972.3
55,58,1,2026-06-26,31525,1110,5026.93,151,43605.34
55,58,1,2026-07-02,8184,309,369.52,17,6409.81
55,58,1,2026-07-06,12344,591,2533.8,67,4701.65
55,58,1,2026-07-10,38630,2050,3717.63,267,102081.33
55,58,1,2026-07-11,40573,2655,7727.1,197,75133.22
55,58,1,2026-07-15,33847,1693,3911.13,144,13156.87
55,58,1,2026-07-17,35877,1461,4360.85,19,4589.96
55,58,1,2026-08-03,14122,664,638.57,45,3383.55
55,58,1,2026-08-12,36635,1841,2124.88,66,20993.88
55,58,1,2026-08-13,36472,853,3395.78,33,11567.13
55,58,1,2026-08-18,36864,2470,10751.25,329,20629.66
56,58,2,2025-08-27,18661,1158,4075.04,94,17058.92
56,58,2,2025-09-16,22649,907,2612.33,71,26789.17
56,58,2,2025-09-18,41588,1265,4882.59,62,17761.99
56,58,2,2025-09-23,10620,513,1720.0,44,10843.03
56,58,2,2025-09-25,6182,362,973.05,37,13014.3
56,58,2,2025-10-05,41956,1683,7187.98,172,10010.8
56,58,2,2025-10-06,3789,134,414.87,8,2710.03
56,58,2,2025-10-12,27508,970,4456.02,9,482.62
56,58,2,2025-10-14,26361,1071,1478.43,18,4241.96
56,58,2,2025-10-15,45054,1107,4118.03,165,58856.54
56,58,2,2025-10-16,28207,1595,5325.3,142,21622.53
56,58,2,2025-10-21,3240,54,83.71,1,122.71
56,58,2,2025-10-22,22017,1549,5902.12,123,19384.45
56,58,2,2025-10-24,1622,65,180.25,2,591.36
56,58,2,2025-10-25,24702,834,2211.9,92,5557.41
56,58,2,2025-10-26,38536,641,3077.77,52,9460.19
56,58,2,2025-10-30,37172,1882,6538.08,163,55226.04
56,58,2,2025-11-04,32784,1637,4241.32,20,4944.93
56,58,2,2025-11-06,2520,34,99.42,3,1071.75
56,58,2,2025-11-08,8110,394,1748.1,48,7105.84
56,58,2,2025-11-11,46318,3237,11026.47,149,16389.66
56,58,2,2025-11-12,24503,891,956.44,23,6528.27
56,58,2,2025-11-13,8193,278,339.81,33,11069.48
56,58,2,2025-11-17,40889,1148,3867.84,158,57201.55
56,58,2,2025-11-30,3245,229,455.23,8,2492.07
56,58,2,2025-12-01,15274,791,2060.24,7,2240.11
56,58,2,2025-12-02,24152,1903,2496.28,260,53528.82
56,58,2,2025-12-05,2627,63,256.72,1,164.47
56,58,2,2025-12-14,44471,3374,7028.97,49,7723.29
56,58,2,2025-12-20,26329,1831,5383.42,88,10790.68
56,58,2,2025-12-29,49694,738,2664.06,13,4244.56
56,58,2,2026-01-07,41005,1974,3976.42,286,61875.43
56,58,2,2026-01-09,14692,237,832.67,32,3847.37
56,58,2,2026-01-11,27213,1264,4675.45,47,3508.57
56,58,2,2026-01-13,19481,972,933.42,120,39817.0
56,58,2,2026-01-15,16142,1259,3765.24,64,23594.52
56,58,2,2026-01-17,1215,71,258.03,4,414.2
56,58,2,2026-01-18,20413,373,597.42,21,3172.22
56,58,2,2026-01-19,37587,2074,3973.19,268,42563.58
56,58,2,2026-01-23,1828,78,366.58,10,3226.08
56,58,2,2026-01-31,20887,390,1268.43,9,2035.56
56,58,2,2026-02-02,21191,1437,3968.02,60,15565.71
56,58,2,2026-02-03,46926,3489,9355.95,283,74493.14
56,58,2,2026-02-08,24458,1375,4221.13,161,49052.1
56,58,2,2026-02-12,17935,1141,1823.16,35,13057.5
56,58,2,2026-02-15,28506,1597,4315.27,116,42458.04
56,58,2,2026-02-18,3886,121,305.26,7,1898.97
56,58,2,2026-02-24,3220,126,333.4,6,2264.11
56,58,2,2026-03-02,34229,689,1556.36,62,22822.02
56,58,2,2026-03-05,24883,391,808.5,56,6578.0
56,58,2,2026-03-08,18106,938,3911.47,18,2220.53
56,58,2,2026-03-14,38416,3021,2565.36,364,33868.34
56,58,2,2026-03-20,6070,359,345.63,23,8945.47
56,58,2,2026-03-22,19974,620,1351.08,36,6311.08
56,58,2,2026-03-24,6906,348,1716.59,15,3713.67
56,58,2,2026-03-31,8152,493,1258.89,23,6211.05
56,58,2,2026-04-01,3895,59,35.07,4,662.54
56,58,2,2026-04-10,35058,1718,3635.96,71,8432.59
56,58,2,2026-04-13,36754,2187,3134.95,243,12775.51
56,58,2,2026-04-24,29613,1319,5123.47,26,9864.81
56,58,2,2026-04-26,40805,2290,2202.78,318,19693.45
56,58,2,2026-05-02,45711,3162,2424.07,176,32189.17
56,58,2,2026-05-07,40052,1106,2565.0,154,48414.16
56,58,2,2026-05-09,40906,2721,11900.13,242,55872.95
56,58,2,2026-05-11,6932,105,337.43,9,1428.71
56,58,2,2026-05-12,23057,1819,8160.64,194,46585.22
56,58,2,2026-05-17,22516,648,3111.48,85,22309.91
56,58,2,2026-05-31,46720,2839,1856.47,238,39359.72
56,58,2,2026-06-01,49657,1650,5890.87,164,27867.78
56,58,2,2026-06-06,41669,2064,3259.29,244,12240.07
56,58,2,2026-06-12,9020,657,1358.95,76,4311.84
56,58,2,2026-06-27,47825,2689,9269.25,164,48611.77
56,58,2,2026-06-30,11524,464,929.38,45,16095.78
56,58,2,2026-07-02,11591,120,159.92,2,371.31
56,58,2,2026-07-03,38995,1637,4783.66,188,27054.23
56,58,2,2026-07-07,32717,426,1305.51,15,5916.49
56,58,2,2026-07-08,27326,1229,4442.37,43,2193.19
56,58,2,2026-07-09,20420,251,714.26,35,4417.84
56,58,2,2026-07-10,7764,480,1082.73,60,14421.92
56,58,2,2026-07-13,33858,1667,6873.62,100,24225.61
56,58,2,2026-07-16,8172,547,2122.33,77,21029.32
56,58,2,2026-07-17,5246,276,621.32,38,14266.91
56,58,2,2026-07-23,39270,2112,6632.48,42,10033.33
56,58,2,2026-07-29,18826,970,2386.48,65,22736.78
56,58,2,2026-07-30,15214,1076,2021.73,92,35266.49
56,58,2,2026-08-03,30263,1928,2547.78,202,19974.56
56,58,2,2026-08-06,42310,3355,5681.15,135,22569.43
56,58,2,2026-08-15,12891,1028,1722.77,77,14234.11
57,58,3,2025-08-28,8841,565,1533.17,77,23121.12
57,58,3,2025-08-30,16454,469,1760.5,26,3161.12
57,58,3,2025-09-01,11361,781,581.14,56,20633.41
57,58,3,2025-09-02,19984,1156,4769.58,101,15922.22
57,58,3,2025-09-03,23220,1788,5015.41,145,44134.86
57,58,3,2025-09-04,7891,462,2135.67,15,3728.17
57,58,3,2025-09-06,10041,387,1635.43,41,3408.28
57,58,3,2025-09-07,10195,623,2174.4,81,7828.05
57,58,3,2025-09-11,12013,740,1679.24,55,9801.64
57,58,3,2025-09-13,48405,2854,2894.61,387,38597.25
57,58,3,2025-09-19,38422,1333,2805.78,28,11119.5
57,58,3,2025-09-21,36760,455,955.8,5,1228.39
57,58,3,2025-09-26,38203,2701,6155.29,322,103313.32
57,58,3,2025-09-27,44940,1486,7227.33,19,6473.11
57,58,3,2025-10-05,27900,2117,10451.54,281,75141.41
57,58,3,2025-10-10,45939,1611,4874.13,177,25779.64
57,58,3,2025-10-26,12386,590,1298.38,15,1422.33
57,58,3,2025-10-29,10134,483,2070.58,72,21534.3
57,58,3,2025-11-03,15615,1011,1331.04,116,6171.9
57,58,3,2025-11-13,47307,1109,4660.65,42,10310.42
57,58,3,2025-11-14,7444,492,1064.5,40,3605.91
57,58,3,2025-11-15,37861,1750,8347.71,140,54009.35
57,58,3,2025-11-16,11608,914,797.66,70,8152.37
57,58,3,2025-11-22,16022,208,440.1,25,8163.46
57,58,3,2025-11-26,15388,1096,2437.63,65,15391.04
57,58,3,2025-11-28,35077,1500,1278.45,75,14747.09
57,58,3,2025-12-05,7492,185,143.36,13,4770.12
57,58,3,2025-12-06,43045,754,3489.26,93,11634.3
57,58,3,2025-12-09,11822,699,955.3,12,2887.05
57,58,3,2025-12-11,6648,210,409.27,6,594.79
57,58,3,2025-12-12,25934,1227,3205.44,133,21535.19
57,58,3,2025-12-14,24402,519,2153.34,7,1465.1
57,58,3,2025-12-16,43808,2273,4488.49,224,17925.2
57,58,3,2025-12-26,3896,293,1165.7,33,11560.36
57,58,3,2025-12-27,3842,259,418.82,22,2079.29
57,58,3,2026-01-01,15561,804,2110.36,81,29107.74
57,58,3,2026-01-04,40324,1078,1541.18,159,29155.64
57,58,3,2026-01-08,13562,146,582.38,14,4506.75
57,58,3,2026-01-11,49174,3219,7716.91,77,6439.25
57,58,3,2026-01-12,28222,1922,5577.08,219,60434.71
57,58,3,2026-01-14,22830,1567,2050.53,145,29821.34
57,58,3,2026-01-17,2026,84,238.48,4,1341.19
57,58,3,2026-01-19,40802,2549,12193.32,262,54691.23
57,58,3,2026-01-20,32738,1052,4033.4,51,11933.6
57,58,3,2026-01-29,48885,3713,7151.56,160,8536.97
57,58,3,2026-01-30,27145,631,1015.7,40,8702.59
57,58,3,2026-02-02,18493,522,1969.0,38,10082.39
57,58,3,2026-02-04,36050,1986,7875.8,112,18915.17
57,58,3,2026-02-06,34798,1322,4894.52,131,40597.62
57,58,3,2026-02-09,13928,406,1339.57,31,4751.53
57,58,3,2026-02-10,42837,1384,5615.64,52,13267.55
57,58,3,2026-02-13,42851,1624,2029.33,121,23669.75
57,58,3,2026-02-16,49220,3738,10294.11,185,34477.55
57,58,3,2026-02-19,49235,2913,3176.49,97,37546.45
57,58,3,2026-02-21,37756,2582,7481.18,250,44722.01
57,58,3,2026-02-24,19143,892,2540.33,89,14003.71
57,58,3,2026-02-26,36413,731,3129.65,78,13211.13
57,58,3,2026-03-01,40658,929,4249.51,105,39526.9
57,58,3,2026-03-04,38386,2582,7080.44,282,27901.09
57,58,3,2026-03-08,12409,382,848.56,23,3514.23
57,58,3,2026-03-15,41126,1957,7784.13,235,23369.7
57,58,3,2026-03-19,10599,438,420.92,6,431.37
57,58,3,2026-03-21,40417,1293,1654.77,161,8195.14
57,58,3,2026-03-28,37261,2235,11059.73,311,104983.92
57,58,3,2026-04-04,25544,735,3372.68,90,32880.67
57,58,3,2026-04-05,18423,1418,5809.88,20,5166.83
57,58,3,2026-04-07,39423,965,4356.71,123,39159.74
57,58,3,2026-04-20,9631,686,1456.83,40,6492.1
57,58,3,2026-04-24,40087,2288,5889.91,315,91537.03
57,58,3,2026-04-30,21432,1109,2234.61,101,27163.2
57,58,3,2026-05-04,21328,483,376.73,44,10608.35
57,58,3,2026-05-07,45202,1654,7225.15,35,4608.58
57,58,3,2026-05-11,41570,2643,12575.99,133,24634.23
57,58,3,2026-05-12,32488,1396,981.87,46,3940.8
57,58,3,2026-05-15,11768,679,2984.34,48,11837.76
57,58,3,2026-05-16,10799,220,147.46,29,6215.84
57,58,3,2026-05-21,36653,2690,3915.23,114,26048.37
57,58,3,2026-05-23,41118,2121,2539.34,121,15918.0
57,58,3,2026-05-27,1645,55,196.7,7,1983.93
57,58,3,2026-05-28,38331,1957,4741.98,283,89474.09
57,58,3,2026-06-01,15530,994,2395.72,136,33345.05
57,58,3,2026-06-03,45096,3025,10099.04,162,56450.0
57,58,3,2026-06-07,30504,1882,4235.69,52,9644.58
57,58,3,2026-06-08,46721,2274,2319.52,305,26270.89
57,58,3,2026-06-21,13976,807,2304.62,117,30344.82
57,58,3,2026-06-28,4632,217,440.1,13,1330.9
57,58,3,2026-07-03,40957,2334,4041.31,88,19204.56
57,58,3,2026-07-09,16000,795,2868.98,65,16219.84
57,58,3,2026-07-11,7545,253,1185.7,27,10117.45
57,58,3,2026-07-12,19804,251,136.74,20,7924.56
57,58,3,2026-07-14,30662,2240,2342.53,312,118264.74
57,58,3,2026-07-16,47861,2859,3665.74,380,128863.03
57,58,3,2026-07-18,18558,944,2979.77,41,14355.95
57,58,3,2026-07-22,12158,370,917.65,4,653.21
57,58,3,2026-07-24,33937,1679,2819.01,184,46806.81
57,58,3,2026-07-27,21960,529,1081.65,47,9206.05
57,58,3,2026-08-06,1701,67,278.82,6,1565.84
57,58,3,2026-08-10,28916,571,758.2,78,30007.32
57,58,3,2026-08-11,41345,2721,10636.95,177,33039.22
57,58,3,2026-08-13,27934,859,2907.91,47,10952.44
57,58,3,2026-08-15,38399,2057,1440.52,58,17567.94
58,4,1,2025-08-25,7554,550,1553.09,48,3312.71
58,4,1,2025-08-28,12878,906,2127.77,41,8952.16
58,4,1,2025-09-08,21478,1642,2308.04,117,43647.4
58,4,1,2025-09-16,31272,1583,6362.68,170,35549.89
58,4,1,2025-09-22,29317,1416,5472.66,130,46469.37
58,4,1,2025-09-25,38389,1557,3848.11,232,90688.06
58,4,1,2025-09-26,45094,3423,6625.2,327,107665.51
58,4,1,2025-09-28,35247,2218,1522.53,300,104986.4
58,4,1,2025-09-30,26811,605,2684.65,24,1491.83
58,4,1,2025-10-01,49567,3944,17562.27,341,113534.24
58,4,1,2025-10-09,39042,2511,1667.61,239,74344.69
58,4,1,2025-10-11,11187,699,1910.71,93,29051.61
58,4,1,2025-10-12,46825,3082,13223.55,173,35400.83
58,4,1,2025-10-14,13936,897,3314.26,31,8977.56
58,4,1,2025-10-15,37597,2566,8694.31,49,19445.18
58,4,1,2025-10-18,15690,751,3397.57,33,5487.29
58,4,1,2025-10-26,17736,364,739.6,46,12085.32
58,4,1,2025-11-04,43636,821,3553.5,94,25748.55
58,4,1,2025-11-12,30499,1388,3638.95,104,28516.16
58,4,1,2025-11-15,14965,1128,1194.11,34,12920.19
58,4,1,2025-11-16,6565,464,821.45,24,3106.14
58,4,1,2025-11-21,31733,1421,5666.29,181,21237.9
58,4,1,2025-11-25,38249,789,2850.35,109,25902.12
58,4,1,2025-11-27,3575,190,716.49,4,551.73
58,4,1,2025-11-28,31010,1423,5093.67,142,10759.54
58,4,1,2025-12-08,46213,2319,11390.98,259,87132.21
58,4,1,2025-12-10,44159,2628,7639.07,147,42161.92
58,4,1,2025-12-13,40231,1378,4412.38,171,68168.42
58,4,1,2025-12-16,35744,914,1915.44,11,1827.06
58,4,1,2025-12-17,30808,800,2238.35,103,8309.4
58,4,1,2025-12-18,23643,1699,3131.03,70,13545.52
58,4,1,2025-12-19,2690,75,147.69,4,810.84
58,4,1,2025-12-20,24531,470,2125.1,42,9177.87
58,4,1,2025-12-27,43031,3338,14552.08,314,103672.15
58,4,1,2025-12-28,23009,1280,2022.75,159,24629.2
58,4,1,2025-12-31,15895,937,2779.26,32,9446.44
58,4,1,2026-01-04,36557,1806,1835.5,141,33371.56
58,4,1,2026-01-09,21730,537,371.33,25,8578.72
58,4,1,2026-01-10,14012,147,490.41,20,3690.56
58,4,1,2026-01-15,25872,1440,2967.4,75,14799.76
58,4,1,2026-01-16,15890,468,1975.38,52,19741.41
58,4,1,2026-01-17,23482,1260,5498.13,40,14059.58
58,4,1,2026-01-18,30538,1117,3566.31,110,12027.7
58,4,1,2026-01-30,45933,783,2688.17,47,18628.13
58,4,1,2026-02-01,33815,1963,5648.03,187,16630.46
58,4,1,2026-02-04,33259,2286,8916.17,241,30140.73
58,4,1,2026-02-08,28034,576,1423.42,51,17036.69
58,4,1,2026-02-10,28544,997,1051.84,82,30611.62
58,4,1,2026-02-19,45300,1142,4649.37,168,23046.7
58,4,1,2026-02-22,9605,238,1026.58,31,12087.44
58,4,1,2026-02-23,40737,3043,2467.73,120,24931.4
58,4,1,2026-02-25,32972,1858,996.0,30,9451.6
58,4,1,2026-02-27,17710,1052,3640.57,83,20529.23
58,4,1,2026-03-02,49249,1505,1650.04,216,39734.64
58,4,1,2026-03-03,34199,1038,2459.34,110,25896.77
58,4,1,2026-03-09,46795,1366,3249.77,179,36224.65
58,4,1,2026-03-10,13770,406,355.08,34,7010.91
58,4,1,2026-03-11,39287,2611,2493.53,213,43013.19
58,4,1,2026-03-13,9388,193,373.81,6,2389.81
58,4,1,2026-03-14,23072,1819,6544.41,169,27821.85
58,4,1,2026-03-15,48505,3795,16386.94,278,60351.82
58,4,1,2026-03-16,41183,749,2042.88,83,32936.59
58,4,1,2026-03-19,43608,2017,1299.47,156,34850.66
58,4,1,2026-03-22,42655,3377,8816.66,328,69375.69
58,4,1,2026-03-23,34021,769,488.22,84,31995.5
58,4,1,2026-03-24,30613,1807,7476.83,264,49343.67
58,4,1,2026-03-27,15989,476,2295.68,12,3088.74
58,4,1,2026-03-29,10011,724,1603.45,107,25189.22
58,4,1,2026-03-30,32061,1432,3460.97,156,30329.01
58,4,1,2026-03-31,43438,583,1541.41,49,18172.71
58,4,1,2026-04-03,12944,260,832.05,35,10730.9
58,4,1,2026-04-05,6002,275,141.91,25,1520.43
58,4,1,2026-04-10,3082,125,538.02,2,454.0
58,4,1,2026-04-13,16596,817,3299.63,68,25442.91
58,4,1,2026-04-16,43812,2938,9219.35,418,131045.82
58,4,1,2026-04-21,33314,789,3786.85,112,19927.6
58,4,1,2026-04-22,43155,1888,6654.54,156,37953.72
58,4,1,2026-04-30,5084,197,578.63,25,9577.9
58,4,1,2026-05-06,24349,703,650.0,72,26438.08
58,4,1,2026-05-07,24608,1052,3700.99,82,22569.25
58,4,1,2026-05-08,27975,1054,2153.73,121,31229.58
58,4,1,2026-05-22,24670,1322,2748.75,177,29900.04
58,4,1,2026-05-24,26294,2052,9728.25,66,19636.48
58,4,1,2026-06-02,30612,402,315.74,7,384.5
58,4,1,2026-06-06,15652,259,504.86,16,2120.09
58,4,1,2026-06-07,12030,634,2311.15,61,11144.38
58,4,1,2026-06-08,36447,2522,1325.45,322,33116.44
58,4,1,2026-06-12,3952,273,1306.61,39,14343.3
58,4,1,2026-06-15,4700,197,564.01,20,7612.89
58,4,1,2026-06-18,16730,573,1291.63,72,21042.38
58,4,1,2026-06-22,21657,1275,5051.58,112,22970.04
58,4,1,2026-06-23,46994,2020,3981.77,286,52087.02
58,4,1,2026-06-24,41064,2715,10232.21,152,44286.82
58,4,1,2026-06-28,17730,761,1801.93,64,4857.02
58,4,1,2026-07-04,10405,516,1411.75,48,18145.42
58,4,1,2026-07-05,35902,1630,6935.53,132,16644.89
58,4,1,2026-07-09,9323,279,717.06,36,2928.2
58,4,1,2026-07-14,32856,1384,5972.37,48,11448.88
58,4,1,2026-07-17,30194,2057,1988.99,155,44023.22
58,4,1,2026-07-18,38119,2240,2054.37,92,29506.47
58,4,1,2026-07-20,31592,780,2213.05,24,9398.94
58,4,1,2026-07-22,12497,374,496.01,55,19421.89
58,4,1,2026-08-06,7967,622,779.87,61,20504.72
58,4,1,2026-08-07,35768,2335,10870.99,50,4675.03
58,4,1,2026-08-13,43716,3001,6263.12,358,136835.89
58,4,1,2026-08-14,9269,434,1692.12,52,7017.77
58,4,1,2026-08-16,33018,2358,5601.12,187,30506.64
58,4,1,2026-08-17,2658,51,119.03,1,191.19
59,4,2,2025-08-21,5325,115,309.85,4,1465.78
59,4,2,2025-08-27,13206,810,2324.05,120,38939.88
59,4,2,2025-08-31,28886,1998,6505.17,122,43806.65
59,4,2,2025-09-02,4888,258,482.47,6,1959.05
59,4,2,2025-09-12,15034,860,2111.11,92,5075.06
59,4,2,2025-09-21,44095,3444,5549.75,159,60989.59
59,4,2,2025-10-01,17237,739,2210.86,64,6761.69
59,4,2,2025-10-04,24738,1168,3444.63,115,6382.2
59,4,2,2025-10-05,6773,446,526.04,33,5168.55
59,4,2,2025-10-09,36224,692,2965.77,8,966.73
59,4,2,2025-10-11,24769,599,2872.93,7,1021.25
59,4,2,2025-10-16,2955,220,516.03,32,9715.13
59,4,2,2025-10-26,17753,1113,1874.44,135,43787.86
59,4,2,2025-10-28,40777,1118,4353.36,150,35291.52
59,4,2,2025-11-01,32291,517,2085.9,49,11622.19
59,4,2,2025-11-06,3730,224,548.67,6,369.88
59,4,2,2025-11-08,48281,1717,5706.39,184,47217.03
59,4,2,2025-11-18,26303,1732,910.68,63,23989.19
59,4,2,2025-11-20,25054,1010,539.92,123,46751.96
59,4,2,2025-11-30,12894,579,2582.94,12,4087.19
59,4,2,2025-12-03,11235,609,843.91,39,11499.95
59,4,2,2025-12-08,12722,650,2065.6,94,29404.99
59,4,2,2025-12-10,35073,2757,13509.87,251,55607.27
59,4,2,2025-12-11,10528,763,559.29,100,26468.7
59,4,2,2025-12-12,10198,192,624.63,17,2070.32
59,4,2,2025-12-14,42380,585,2707.09,57,6053.15
59,4,2,2025-12-21,30735,2169,3582.13,151,53804.82
59,4,2,2025-12-22,47526,1912,5940.35,64,7989.63
59,4,2,2026-01-13,38819,728,3219.64,48,5210.11
59,4,2,2026-01-15,24602,918,927.86,55,3936.25
59,4,2,2026-01-20,39973,3044,2593.98,426,52346.55
59,4,2,2026-01-22,40242,2506,2957.23,210,68502.85
59,4,2,2026-01-26,32883,1130,1461.93,16,2618.69
59,4,2,2026-01-30,35321,2732,4924.25,49,10601.47
59,4,2,2026-01-31,28467,684,2363.15,95,11828.72
59,4,2,2026-02-10,47286,3674,6208.68,256,63036.21
59,4,2,2026-02-14,27979,2113,1525.52,97,18841.41
59,4,2,2026-02-21,20128,781,3184.93,93,13401.49
59,4,2,2026-03-12,18314,1104,777.18,101,39018.19
59,4,2,2026-03-22,20669,645,2543.13,51,7268.28
59,4,2,2026-04-02,5285,391,974.08,57,3605.85
59,4,2,2026-04-06,13825,549,1216.91,10,2970.69
59,4,2,2026-04-07,48210,867,557.5,54,20710.23
59,4,2,2026-04-12,39138,2661,4315.83,132,17052.53
59,4,2,2026-04-20,11205,230,495.79,24,2941.56
59,4,2,2026-04-21,7687,231,359.61,6,377.27
59,4,2,2026-04-22,12715,900,3931.03,18,3502.52
59,4,2,2026-04-29,22327,426,242.0,5,1112.21
59,4,2,2026-05-02,14511,631,2213.62,39,5119.47
59,4,2,2026-05-04,9090,256,955.23,29,3384.69
59,4,2,2026-05-11,28913,2107,8060.47,311,25736.78
59,4,2,2026-05-18,33175,1277,6368.59,89,25713.59
59,4,2,2026-05-21,47880,1467,5087.88,110,15319.7
59,4,2,2026-05-24,19454,960,2677.62,21,8120.6
59,4,2,2026-06-01,1574,95,199.63,1,62.64
59,4,2,2026-06-03,18907,454,588.24,26,7299.36
59,4,2,2026-06-04,3093,244,963.66,28,10076.06
59,4,2,2026-06-05,32012,1571,2635.46,27,3247.75
59,4,2,2026-06-08,44795,2177,10776.28,149,29665.71
59,4,2,2026-06-09,11510,261,1005.27,35,11160.7
59,4,2,2026-06-13,2953,128,424.37,7,841.77
59,4,2,2026-06-19,27223,1261,2000.39,29,4276.87
59,4,2,2026-06-20,43171,2119,8091.88,115,13805.42
59,4,2,2026-06-27,30243,693,1038.03,11,3103.89
59,4,2,2026-07-03,1842,117,170.14,7,2089.16
59,4,2,2026-07-07,27084,1621,4090.31,115,42243.24
59,4,2,2026-07-13,39352,3115,14572.16,229,20373.83
59,4,2,2026-07-16,21317,735,1488.37,81,13179.77
59,4,2,2026-07-17,33539,2269,2463.95,198,19065.57
59,4,2,2026-07-18,9096,417,221.55,9,3436.67
59,4,2,2026-07-20,49752,505,1193.13,51,17765.27
59,4,2,2026-07-21,12325,849,1399.02,32,6839.91
59,4,2,2026-07-25,39429,1800,2154.22,45,17072.25
59,4,2,2026-07-29,39365,2710,3832.8,135,28421.49
59,4,2,2026-07-30,4700,100,70.26,11,4292.64
59,4,2,2026-08-02,48836,1969,5839.44,235,16460.31
59,4,2,2026-08-04,11575,525,675.19,44,2479.21
59,4,2,2026-08-05,10513,112,361.6,2,154.65
59,4,2,2026-08-09,27602,426,1780.72,30,6082.59
59,4,2,2026-08-11,26937,1053,2976.9,128,14208.76
59,4,2,2026-08-16,9589,571,2142.57,42,10141.49
60,4,3,2025-08-18,39694,2048,5089.2,283,85594.96
60,4,3,2025-08-22,8663,621,2902.65,36,8086.78
60,4,3,2025-08-24,7173,385,298.07,29,1621.84
60,4,3,2025-08-30,16265,572,335.88,9,2955.67
60,4,3,2025-09-03,2458,172,260.6,2,388.75
60,4,3,2025-09-04,13649,750,1267.41,62,11327.24
60,4,3,2025-09-10,40089,1291,836.28,114,26006.19
60,4,3,2025-09-11,34486,614,1848.65,27,3302.53
60,4,3,2025-09-13,39199,2166,10254.72,230,36604.38
60,4,3,2025-09-17,24616,1145,3042.22,144,15616.55
60,4,3,2025-09-18,29084,956,3108.34,100,35982.43
60,4,3,2025-09-25,47013,3126,2482.13,377,111090.87
60,4,3,2025-09-26,17873,216,898.73,9,1983.95
60,4,3,2025-09-29,32151,1602,5944.8,142,47291.41
60,4,3,2025-10-07,44185,511,1853.18,25,1762.04
60,4,3,2025-10-14,12183,592,2737.56,8,3133.36
60,4,3,2025-10-19,31615,1116,1033.28,143,22462.61
60,4,3,2025-10-22,16189,522,393.05,29,5042.81
60,4,3,2025-11-04,21505,1585,6179.19,110,12577.32
60,4,3,2025-11-05,24189,570,976.71,6,338.28
60,4,3,2025-11-06,21279,317,920.06,18,3356.94
60,4,3,2025-11-07,16039,328,598.9,27,2525.87
60,4,3,2025-11-18,36988,1571,7042.76,114,43901.31
60,4,3,2025-11-19,39858,1461,3215.59,141,26218.02
60,4,3,2025-11-22,34648,1400,5849.82,46,17549.33
60,4,3,2025-11-25,46054,3622,9813.57,265,13957.43
60,4,3,2025-11-27,22541,1185,3132.8,157,35798.93
60,4,3,2025-12-03,16682,904,2994.35,81,14986.92
60,4,3,2025-12-07,30407,1026,1806.53,86,26952.63
60,4,3,2025-12-09,5453,183,634.1,17,1913.35
60,4,3,2025-12-12,43419,787,3260.58,78,4784.65
60,4,3,2025-12-19,26884,736,1303.3,28,3789.26
60,4,3,2025-12-20,46563,886,1493.16,14,4911.42
60,4,3,2025-12-29,13163,965,4418.35,40,2523.27
60,4,3,2026-01-15,2984,178,272.35,3,935.25
60,4,3,2026-01-25,39276,1634,1694.15,236,38374.68
60,4,3,2026-01-28,12368,832,1406.72,55,17386.43
60,4,3,2026-01-29,26046,1664,4063.68,115,15182.63
60,4,3,2026-01-31,48377,1397,1447.21,121,41651.01
60,4,3,2026-02-01,28790,1547,4085.27,48,8567.66
60,4,3,2026-02-05,17907,1078,818.34,43,16227.45
60,4,3,2026-02-09,4943,223,971.95,25,6181.23
60,4,3,2026-02-15,43862,2573,12402.18,130,20840.61
60,4,3,2026-02-24,9375,105,61.64,13,4013.54
60,4,3,2026-02-26,31748,682,2122.01,58,22007.72
60,4,3,2026-03-09,28589,1227,5251.48,167,10990.3
60,4,3,2026-03-14,22505,1688,7686.5,29,2748.6
60,4,3,2026-03-18,8895,367,1661.37,5,1625.33
60,4,3,2026-03-19,26370,988,4721.26,135,49934.2
60,4,3,2026-03-21,19360,369,1705.75,22,3277.88
60,4,3,2026-03-24,40515,2123,8864.63,139,43125.68
60,4,3,2026-03-26,33383,2404,8828.43,164,18702.72
60,4,3,2026-03-27,49155,2200,7529.34,92,33543.71
60,4,3,2026-03-28,37102,1019,3084.74,38,8440.32
60,4,3,2026-03-30,38342,1612,3657.17,61,13626.06
60,4,3,2026-04-03,14393,1015,4960.49,143,42008.37
60,4,3,2026-04-07,10551,380,653.64,31,9025.96
60,4,3,2026-04-19,10399,650,3230.15,43,4435.32
60,4,3,2026-05-02,2328,130,87.17,6,947.24
60,4,3,2026-05-10,19304,361,340.46,4,1133.93
60,4,3,2026-05-16,44282,2695,10275.35,379,51371.05
60,4,3,2026-05-19,34372,696,1842.32,41,16188.07
60,4,3,2026-05-28,13359,818,1874.39,75,6336.08
60,4,3,2026-05-29,9867,169,135.94,24,8014.87
60,4,3,2026-05-30,14892,564,1607.48,28,6138.76
60,4,3,2026-06-01,4944,131,221.64,6,946.18
60,4,3,2026-06-02,35230,1579,3734.5,184,11335.43
60,4,3,2026-06-08,39542,1058,3132.58,47,18354.49
60,4,3,2026-06-09,19311,1385,4780.83,163,55926.84
60,4,3,2026-06-10,21295,427,311.59,13,3306.88
60,4,3,2026-06-14,35682,413,222.68,50,11781.27
60,4,3,2026-06-16,40926,3114,14941.13,406,61938.15
60,4,3,2026-06-17,7707,177,841.09,21,3388.34
60,4,3,2026-06-21,8441,303,951.73,34,6878.05
60,4,3,2026-06-24,40650,1671,5822.44,233,11760.46
60,4,3,2026-06-30,29036,1729,5607.43,257,25554.92
60,4,3,2026-07-01,10096,801,3843.91,71,11303.88
60,4,3,2026-07-02,11571,144,445.52,5,673.47
60,4,3,2026-07-03,46336,1733,4669.23,73,19637.24
60,4,3,2026-07-04,37496,1780,3327.0,237,51301.3
60,4,3,2026-07-07,15778,712,2437.53,49,12108.96
60,4,3,2026-07-09,32856,935,2557.65,59,10367.81
60,4,3,2026-07-13,23971,1867,951.62,184,60071.25
60,4,3,2026-07-15,1670,106,504.25,7,1123.1
60,4,3,2026-07-17,6728,200,929.12,9,1838.57
60,4,3,2026-07-18,13687,311,450.0,8,2616.35
60,4,3,2026-07-22,27985,428,570.58,55,6918.49
60,4,3,2026-07-27,5636,281,1220.36,4,210.6
60,4,3,2026-07-31,28508,2165,4078.23,284,77751.71
60,4,3,2026-08-02,4185,290,560.43,31,12315.25
60,4,3,2026-08-03,20064,860,4110.93,55,20075.2
60,4,3,2026-08-07,43145,1628,2739.75,92,8711.5
60,4,3,2026-08-13,30615,1428,2292.21,117,40188.49
60,4,3,2026-08-16,22501,1039,3888.45,138,36011.21
60,4,3,2026-08-18,36568,1731,1309.21,19,1647.85
61,37,1,2025-08-19,34227,535,351.24,68,22892.65
61,37,1,2025-08-22,8211,440,2041.3,60,16715.94
61,37,1,2025-08-25,23417,1515,4295.72,88,17077.14
61,37,1,2025-08-26,43943,1317,1101.24,117,36512.89
61,37,1,2025-08-29,22922,737,433.27,47,15503.75
61,37,1,2025-09-04,33498,2653,13263.51,205,66561.24
61,37,1,2025-09-05,14439,386,863.02,44,5233.35
61,37,1,2025-09-07,2102,87,87.17,1,211.16
61,37,1,2025-09-13,33525,658,1477.51,41,8265.72
61,37,1,2025-09-18,8195,219,810.77,18,3155.6
61,37,1,2025-09-20,35889,768,2809.26,32,9239.62
61,37,1,2025-09-26,37416,1778,7765.5,201,78026.81
61,37,1,2025-10-06,28754,618,1488.34,65,23448.14
61,37,1,2025-10-07,14363,808,1553.17,51,15652.81
61,37,1,2025-10-21,42376,814,3877.12,88,22898.69
61,37,1,2025-10-25,8241,229,451.26,24,5377.2
61,37,1,2025-11-01,17946,1022,936.81,50,5815.9
61,37,1,2025-11-06,17014,833,3725.46,89,19108.74
61,37,1,2025-11-07,30698,1998,3102.15,219,29908.96
61,37,1,2025-11-09,5842,237,850.47,4,1546.51
61,37,1,2025-11-15,14286,810,1520.43,97,15603.42
61,37,1,2025-11-17,32716,416,1046.58,30,2318.24
61,37,1,2025-11-18,32935,2611,5267.55,62,19016.06
61,37,1,2025-11-20,30594,2094,1546.24,309,111210.58
61,37,1,2025-11-22,22703,648,1634.15,16,2499.69
61,37,1,2025-11-23,46926,3734,7491.38,373,74067.27
61,37,1,2025-12-08,11331,387,261.96,54,5258.26
61,37,1,2025-12-17,4919,63,294.19,1,170.65
61,37,1,2025-12-21,3598,96,327.29,9,1393.16
61,37,1,2025-12-22,13395,284,868.41,9,1969.35
61,37,1,2025-12-25,23642,523,1109.77,52,14827.9
61,37,1,2025-12-26,34782,2165,9546.62,45,9041.74
61,37,1,2025-12-31,39794,1527,5392.26,54,19527.06
61,37,1,2026-01-10,1477,59,231.27,7,2487.02
61,37,1,2026-01-15,23561,1217,3574.09,127,46831.94
61,37,1,2026-02-06,24022,428,1617.36,57,6322.96
61,37,1,2026-02-07,7762,104,319.37,9,2994.15
61,37,1,2026-02-11,35667,913,3033.0,45,6214.81
61,37,1,2026-02-12,21874,1157,5294.8,70,6476.96
61,37,1,2026-02-13,19889,1380,4328.9,176,70330.83
61,37,1,2026-02-26,28619,1610,2805.39,190,37033.67
61,37,1,2026-03-04,17460,397,1441.44,11,1681.45
61,37,1,2026-03-06,12651,312,460.52,6,2204.27
61,37,1,2026-03-08,32474,2014,2882.1,274,17685.56
61,37,1,2026-03-10,6943,349,175.87,17,1930.72
61,37,1,2026-03-11,37850,1815,6898.59,226,73222.92
61,37,1,2026-03-15,1603,38,60.72,3,550.22
61,37,1,2026-03-21,31367,379,1139.29,5,602.87
61,37,1,2026-03-23,7746,165,731.66,3,576.23
61,37,1,2026-03-28,33798,406,1405.48,12,811.36
61,37,1,2026-03-30,31060,1643,1889.54,98,27116.34
61,37,1,2026-04-06,6504,335,1311.4,37,8713.24
61,37,1,2026-04-10,6527,267,719.22,5,1882.77
61,37,1,2026-04-20,44054,3404,8757.07,98,36169.7
61,37,1,2026-04-23,5670,313,673.12,8,896.76
61,37,1,2026-04-29,38717,567,706.08,49,18304.7
61,37,1,2026-04-30,45599,2968,2027.24,154,17814.03
61,37,1,2026-05-01,48435,3563,6753.22,231,50818.92
61,37,1,2026-05-05,45122,1880,2203.89,179,48131.89
61,37,1,2026-05-12,26514,1698,3301.12,52,17791.29
61,37,1,2026-05-16,40558,2276,11153.19,292,109124.38
61,37,1,2026-05-20,30090,2315,9969.28,84,7964.43
61,37,1,2026-05-22,24403,1943,8822.51,144,47918.95
61,37,1,2026-06-03,36820,2189,7741.61,327,100592.93
61,37,1,2026-06-09,17036,1354,1082.56,193,19505.55
61,37,1,2026-06-13,27305,473,2336.74,27,3464.94
61,37,1,2026-06-14,11991,610,2413.48,12,780.57
61,37,1,2026-06-18,19073,527,883.49,27,4833.54
61,37,1,2026-06-20,12570,735,1970.04,32,8441.58
61,37,1,2026-06-21,6056,77,235.24,5,1815.77
61,37,1,2026-06-24,20793,1015,4038.65,145,22864.47
61,37,1,2026-06-28,9285,330,298.51,18,6709.3
61,37,1,2026-06-29,8698,409,1994.07,32,9179.34
61,37,1,2026-06-30,46380,2032,4456.79,98,20352.18
61,37,1,2026-07-05,35349,2600,12383.34,188,43244.98
61,37,1,2026-07-06,18376,843,1190.0,76,22028.53
61,37,1,2026-07-15,14722,606,1183.73,60,23374.75
61,37,1,2026-07-25,14561,953,1550.5,43,6380.88
61,37,1,2026-07-29,5231,383,654.77,38,12880.34
61,37,1,2026-07-31,14161,664,1489.81,97,21373.2
61,37,1,2026-08-10,35780,1268,1059.19,178,42910.59
61,37,1,2026-08-12,20448,278,419.4,15,1446.93
62,37,2,2025-08-18,3084,198,963.66,15,2078.86
62,37,2,2025-08-19,38165,1213,1632.52,128,7427.79
62,37,2,2025-08-25,13239,446,549.54,37,6672.69
62,37,2,2025-08-27,6717,137,423.9,20,2263.59
62,37,2,2025-08-29,31161,1672,2400.53,114,29750.82
62,37,2,2025-09-06,43709,3298,16365.01,124,22714.59
62,37,2,2025-09-07,12274,667,2527.0,78,4201.95
62,37,2,2025-09-09,25654,1756,4992.52,259,49298.31
62,37,2,2025-09-12,25293,1443,5789.14,212,84311.01
62,37,2,2025-09-17,41086,1920,2740.02,129,12368.12
62,37,2,2025-09-25,32888,1067,537.39,105,7841.63
62,37,2,2025-09-26,17924,649,1270.86,52,9896.42
62,37,2,2025-10-03,27480,1147,5428.26,106,6606.62
62,37,2,2025-10-04,35782,2349,2185.1,209,43559.11
62,37,2,2025-10-06,29259,294,726.86,26,3760.08
62,37,2,2025-10-25,8948,374,1331.04,30,1810.5
62,37,2,2025-10-26,6187,108,485.86,4,1263.55
62,37,2,2025-11-04,19743,446,226.14,12,3825.95
62,37,2,2025-11-06,26002,788,666.61,113,27680.94
62,37,2,2025-11-13,3358,171,562.13,8,3129.95
62,37,2,2025-11-14,18927,1240,945.39,111,40211.63
62,37,2,2025-11-16,34563,1316,1865.6,88,20812.17
62,37,2,2025-11-18,22360,526,1479.76,69,12325.61
62,37,2,2025-11-20,18211,814,1454.76,60,9143.92
62,37,2,2025-11-29,13114,243,274.73,9,1514.03
62,37,2,2025-12-05,27299,1156,1854.29,57,6430.54
62,37,2,2025-12-07,15983,753,1307.77,69,3792.06
62,37,2,2025-12-14,20784,1069,3447.05,140,29903.58
62,37,2,2025-12-16,29190,952,3055.61,94,29680.55
62,37,2,2025-12-20,5827,111,281.73,14,1064.36
62,37,2,2025-12-22,9001,704,550.39,89,8237.99
62,37,2,2025-12-27,22960,1679,2941.57,179,19271.95
62,37,2,2025-12-29,13266,462,1288.71,64,18683.44
62,37,2,2025-12-30,6079,440,284.35,49,9705.34
62,37,2,2026-01-17,3156,71,340.66,8,2919.75
62,37,2,2026-01-20,49286,3718,7646.77,319,61633.88
62,37,2,2026-01-25,14965,754,1909.74,16,3106.58
62,37,2,2026-01-28,35124,1454,874.4,77,13511.2
62,37,2,2026-02-04,40341,1619,7959.01,53,8930.06
62,37,2,2026-02-06,24717,1106,2135.2,84,33559.49
62,37,2,2026-02-10,37894,1570,3409.31,98,5724.3
62,37,2,2026-02-16,30014,1219,4095.62,38,10710.51
62,37,2,2026-02-18,42342,1289,5317.75,126,24589.66
62,37,2,2026-02-20,34937,1577,7482.51,128,41231.68
62,37,2,2026-02-22,20542,1004,3797.83,93,22410.46
62,37,2,2026-02-28,26741,464,713.9,45,16741.53
62,37,2,2026-03-06,4251,45,37.59,4,449.39
62,37,2,2026-03-15,6249,102,239.19,14,3848.9
62,37,2,2026-03-16,45729,1509,7058.17,106,18813.76
62,37,2,2026-03-17,5324,410,801.93,39,15032.62
62,37,2,2026-03-21,40273,2488,5992.84,237,24745.83
62,37,2,2026-03-28,12125,355,1156.48,32,7778.99
62,37,2,2026-03-29,42549,1387,5802.71,127,38537.39
62,37,2,2026-04-02,43394,1406,2564.32,19,4726.34
62,37,2,2026-04-05,12207,884,1742.91,9,3253.08
62,37,2,2026-04-07,34611,446,914.84,63,18655.67
62,37,2,2026-04-14,10185,254,564.6,17,5251.32
62,37,2,2026-04-15,32103,1064,1098.84,12,2716.85
62,37,2,2026-04-18,45837,3448,11563.5,382,127534.4
62,37,2,2026-04-19,43858,1416,5953.1,109,27600.49
62,37,2,2026-04-22,37985,2172,9940.45,86,16700.95
62,37,2,2026-05-02,23303,950,4235.14,59,15358.48
62,37,2,2026-05-05,2239,140,299.47,6,2239.05
62,37,2,2026-05-07,5246,355,628.04,28,4943.12
62,37,2,2026-05-08,4607,286,1071.61,32,12130.68
62,37,2,2026-05-11,5625,186,436.7,17,6483.13
62,37,2,2026-05-12,27603,1887,3716.23,63,16185.83
62,37,2,2026-05-15,44534,2552,12456.36,113,33885.25
62,37,2,2026-05-20,24516,1697,7465.21,217,76308.55
62,37,2,2026-05-30,8845,606,462.09,88,31825.38
62,37,2,2026-06-01,23452,536,1493.24,44,7201.42
62,37,2,2026-06-08,31011,328,1242.74,9,2107.34
62,37,2,2026-06-11,42097,2877,7485.98,349,87708.49
62,37,2,2026-06-15,47024,3216,7947.09,228,45509.96
62,37,2,2026-06-19,31960,430,550.99,13,3458.57
62,37,2,2026-06-25,37845,2102,3232.05,210,14802.82
62,37,2,2026-06-26,38094,1353,6255.78,33,4158.18
62,37,2,2026-06-27,33839,1598,7918.93,63,6517.16
62,37,2,2026-07-02,45514,1839,8801.79,102,26972.3
62,37,2,2026-07-04,5191,313,156.74,27,10450.88
62,37,2,2026-07-10,31621,1776,8788.74,59,11010.93
62,37,2,2026-07-13,11208,764,3206.56,29,2041.31
62,37,2,2026-07-16,44997,709,2983.0,74,15929.36
62,37,2,2026-07-31,36109,1689,3289.73,146,24271.31
62,37,2,2026-08-01,27546,1708,1872.08,40,12539.1
62,37,2,2026-08-04,37914,1324,6600.5,25,7521.77
62,37,2,2026-08-05,15245,625,1454.81,35,11148.32
62,37,2,2026-08-11,25144,744,1090.43,83,5134.89
62,37,2,2026-08-15,39187,1671,4446.56,187,74284.36
62,37,2,2026-08-16,40875,2529,6120.24,111,29749.88
63,37,3,2025-08-22,17115,1209,4693.33,30,2586.45
63,37,3,2025-08-24,9484,102,141.39,14,3793.81
63,37,3,2025-08-27,23853,1112,2823.88,75,16975.74
63,37,3,2025-08-30,5438,366,355.49,41,5892.44
63,37,3,2025-09-16,1395,72,104.97,5,1765.09
63,37,3,2025-09-17,39461,1945,8593.53,231,45829.12
63,37,3,2025-09-22,11417,464,1946.27,43,10746.31
63,37,3,2025-09-25,48249,2776,12173.05,388,54273.07
63,37,3,2025-10-06,48034,892,1061.4,51,15886.43
63,37,3,2025-10-07,40006,2586,4940.8,153,26572.84
63,37,3,2025-10-08,40710,2979,3911.29,209,39716.99
63,37,3,2025-10-09,10424,597,1224.98,66,9618.41
63,37,3,2025-10-13,30580,622,482.88,32,1896.44
63,37,3,2025-10-14,33030,2394,5533.61,125,46264.94
63,37,3,2025-10-15,1885,52,100.21,1,343.91
63,37,3,2025-10-24,8775,372,1780.05,41,15710.34
63,37,3,2025-10-26,13352,606,568.64,82,12438.7
63,37,3,2025-10-27,36364,579,1176.9,68,4477.38
63,37,3,2025-10-31,37620,2737,4997.0,268,95740.49
63,37,3,2025-11-01,45482,1318,5089.22,42,2541.21
63,37,3,2025-11-03,28015,1987,7028.64,284,70907.77
63,37,3,2025-11-13,1170,74,267.19,8,2269.58
63,37,3,2025-11-15,47248,1626,6272.65,208,63016.24
63,37,3,2025-11-16,13565,444,2173.3,28,1856.75
63,37,3,2025-11-21,18069,421,641.68,12,4566.17
63,37,3,2025-11-22,32008,1050,4406.87,150,34761.03
63,37,3,2025-11-29,24675,1841,4330.86,126,9741.66
63,37,3,2025-12-01,33590,2257,9752.32,206,59237.13
63,37,3,2025-12-03,42277,948,2493.26,106,35994.29
63,37,3,2025-12-10,25329,1406,864.99,189,72410.9
63,37,3,2025-12-12,35998,1167,3916.2,83,32390.95
63,37,3,2025-12-14,5219,196,870.97,2,582.45
63,37,3,2025-12-21,5887,252,718.75,17,6244.02
63,37,3,2025-12-23,44403,3401,12220.88,418,160816.23
63,37,3,2025-12-25,44523,2407,2946.47,180,39251.18
63,37,3,2026-01-02,48394,821,801.81,82,7350.9
63,37,3,2026-01-05,28216,1810,3279.92,89,26503.88
63,37,3,2026-01-13,32979,1114,2513.31,51,14007.91
63,37,3,2026-01-18,44164,995,2154.76,118,26246.67
63,37,3,2026-01-19,14226,830,1290.14,13,1397.28
63,37,3,2026-01-20,29360,1361,1277.07,162,15572.23
63,37,3,2026-01-22,17320,637,1070.32,32,8340.79
63,37,3,2026-01-23,49560,2711,11955.81,168,27139.08
63,37,3,2026-02-06,45258,1313,4769.43,152,30640.16
63,37,3,2026-02-07,47167,2253,7097.48,296,42579.16
63,37,3,2026-02-09,34826,1791,6744.26,90,35680.93
63,37,3,2026-02-11,36329,2497,5673.38,214,41718.19
63,37,3,2026-02-17,23724,1066,5008.12,12,2679.86
63,37,3,2026-02-20,30306,1163,1292.56,17,4952.24
63,37,3,2026-02-27,27611,867,1744.21,97,6848.97
63,37,3,2026-03-03,30167,1651,6008.87,100,34118.4
63,37,3,2026-03-04,8568,659,894.32,22,4015.96
63,37,3,2026-03-06,19083,651,500.8,88,18205.98
63,37,3,2026-03-13,21139,1383,6692.35,192,35714.51
63,37,3,2026-03-16,2232,136,82.98,9,1589.11
63,37,3,2026-03-22,10532,832,4103.43,112,42090.4
63,37,3,2026-03-23,22831,1225,5490.58,137,50952.78
63,37,3,2026-03-26,7824,390,1129.29,35,6532.61
63,37,3,2026-03-30,4314,78,341.37,4,436.77
63,37,3,2026-03-31,11403,285,452.7,6,2211.68
63,37,3,2026-04-02,5812,328,932.01,16,3386.05
63,37,3,2026-04-03,27192,835,462.86,123,8431.25
63,37,3,2026-04-11,14447,967,3144.89,28,5579.37
63,37,3,2026-04-12,3563,275,834.64,34,7296.06
63,37,3,2026-04-21,14531,555,1830.96,25,5227.44
63,37,3,2026-04-22,13157,182,528.67,16,5942.29
63,37,3,2026-04-23,16814,401,1671.37,32,11723.57
63,37,3,2026-04-27,29595,1152,3522.0,150,31850.29
63,37,3,2026-05-02,22945,428,1953.98,40,14089.18
63,37,3,2026-05-04,35801,1145,1571.55,22,8716.14
63,37,3,2026-05-07,12592,349,507.63,16,1390.23
63,37,3,2026-05-08,22589,1342,5742.07,130,32057.52
63,37,3,2026-05-10,38361,2473,9203.91,130,10648.07
63,37,3,2026-05-11,40709,2792,3013.14,229,41835.39
63,37,3,2026-05-13,41822,1223,1567.01,138,49436.91
63,37,3,2026-05-18,27449,573,1009.44,73,11660.53
63,37,3,2026-05-26,28173,1886,8319.92,136,40968.61
63,37,3,2026-06-06,21110,1089,4943.98,75,18840.25
63,37,3,2026-06-09,11758,242,940.15,12,1092.19
63,37,3,2026-06-10,39092,2293,5334.61,204,64440.17
63,37,3,2026-06-15,4545,216,432.57,21,2706.47
63,37,3,2026-06-16,3318,149,433.59,16,4882.23
63,37,3,2026-06-18,26133,580,1946.91,24,8139.78
63,37,3,2026-06-20,13637,825,1040.84,25,4537.82
63,37,3,2026-06-22,4762,361,856.68,36,11731.62
63,37,3,2026-06-23,13437,679,2827.97,8,2249.5
63,37,3,2026-06-24,38097,2090,8737.6,52,17783.57
63,37,3,2026-07-03,29672,669,877.25,26,5104.06
63,37,3,2026-07-05,42446,1056,5059.73,72,4255.96
63,37,3,2026-07-09,40851,1086,3785.94,131,11792.7
63,37,3,2026-07-15,15574,264,155.92,37,2073.63
63,37,3,2026-07-19,3360,170,156.04,23,7374.38
63,37,3,2026-07-25,27021,392,410.7,31,5372.51
63,37,3,2026-07-28,9374,553,1789.88,32,4779.37
63,37,3,2026-07-31,18221,1208,3832.83,103,24300.33
63,37,3,2026-08-04,2476,116,276.69,5,468.3
63,37,3,2026-08-05,35339,908,3753.8,122,14662.9
63,37,3,2026-08-15,29120,855,2043.3,108,7084.29
63,37,3,2026-08-16,30615,1772,2768.83,231,39996.93
63,37,3,2026-08-18,48232,3775,4010.57,291,19985.46
64,78,1,2025-08-19,7977,445,882.8,46,16484.27
64,78,1,2025-08-27,7616,363,982.59,40,14964.65
64,78,1,2025-08-30,36196,459,1918.21,30,2268.92
64,78,1,2025-09-04,32446,2126,6624.38,251,38879.68
64,78,1,2025-09-07,21029,783,2035.0,101,12416.16
64,78,1,2025-09-11,34693,2731,6821.61,129,14590.04
64,78,1,2025-09-12,31549,910,1806.71,32,8796.66
64,78,1,2025-09-20,13504,948,2997.23,86,10377.1
64,78,1,2025-09-25,22461,1753,1470.55,18,1126.26
64,78,1,2025-09-27,40441,2138,7240.3,36,4457.23
64,78,1,2025-09-30,17993,713,2155.58,17,3221.93
64,78,1,2025-10-05,9742,774,1179.2,25,9230.93
64,78,1,2025-10-08,30536,1490,5665.64,25,6481.88
64,78,1,2025-10-21,8897,650,2975.76,63,14329.09
64,78,1,2025-10-25,25175,660,2703.41,20,5412.37
64,78,1,2025-10-29,22313,540,2172.62,38,7673.42
64,78,1,2025-10-31,43749,2179,1362.93,254,54788.39
64,78,1,2025-11-03,7608,356,1586.44,9,2055.94
64,78,1,2025-11-12,22814,633,984.98,93,27348.59
64,78,1,2025-11-19,12040,380,672.07,30,2003.31
64,78,1,2025-11-20,12454,231,389.86,28,6345.81
64,78,1,2025-11-23,18399,762,1781.84,72,27341.03
64,78,1,2025-11-24,27796,1119,2592.46,165,57706.36
64,78,1,2025-11-30,9869,364,371.53,23,2868.0
64,78,1,2025-12-11,20115,291,905.05,4,517.13
64,78,1,2025-12-12,12681,561,1034.99,12,2624.65
64,78,1,2025-12-14,9376,119,262.9,12,1075.63
64,78,1,2025-12-16,31631,491,927.86,50,7546.9
64,78,1,2025-12-24,14113,1125,4710.35,62,7262.63
64,78,1,2025-12-28,8221,467,892.42,6,1819.5
64,78,1,2026-01-06,41679,846,3295.06,10,510.08
64,78,1,2026-01-09,31304,723,1496.04,22,4578.34
64,78,1,2026-01-13,9606,659,2813.05,97,22709.09
64,78,1,2026-01-14,40195,3092,14454.66,365,45322.13
64,78,1,2026-01-15,18368,1435,1839.69,137,29571.13
64,78,1,2026-01-19,9384,233,796.51,3,258.0
64,78,1,2026-01-24,28037,1771,2972.06,94,31584.55
64,78,1,2026-01-30,27777,2067,1456.47,76,13011.98
64,78,1,2026-02-02,2620,123,474.2,8,2748.79
64,78,1,2026-02-07,34007,1957,8763.46,209,33630.11
64,78,1,2026-02-12,39276,1165,3536.86,39,2492.74
64,78,1,2026-02-21,6389,498,1620.6,22,4031.27
64,78,1,2026-02-23,16967,1103,906.6,35,4965.38
64,78,1,2026-03-06,17698,1313,4195.71,101,9633.7
64,78,1,2026-03-08,11865,818,2142.65,85,6895.45
64,78,1,2026-03-11,4336,279,715.03,28,9417.81
64,78,1,2026-03-12,5448,395,1819.77,27,4746.91
64,78,1,2026-03-14,26981,1963,4149.83,219,27192.97
64,78,1,2026-03-15,44368,635,1110.0,6,2137.51
64,78,1,2026-03-17,36804,1673,5050.0,133,52231.28
64,78,1,2026-03-28,40653,3123,12775.68,105,11144.8
64,78,1,2026-03-29,45765,1636,2953.67,237,52256.82
64,78,1,2026-03-30,18377,1073,4630.63,64,6929.21
64,78,1,2026-04-06,34552,2454,10393.07,186,30515.98
64,78,1,2026-04-11,41446,1586,1840.41,165,55498.59
64,78,1,2026-04-17,45575,3346,8565.53,479,57774.92
64,78,1,2026-04-21,35794,1091,4504.81,155,27814.42
64,78,1,2026-05-04,21898,331,851.08,17,5567.87
64,78,1,2026-05-05,1253,94,246.15,12,4218.23
64,78,1,2026-05-06,39132,2190,5891.68,249,17435.69
64,78,1,2026-05-10,42805,920,4386.59,105,27795.72
64,78,1,2026-05-11,43734,2497,1496.71,157,37070.15
64,78,1,2026-05-20,8888,372,1409.58,13,2854.78
64,78,1,2026-05-22,40117,2973,9037.57,330,62014.36
64,78,1,2026-05-23,27508,900,3565.16,13,1932.79
64,78,1,2026-05-26,26423,1039,3095.62,105,9907.35
64,78,1,2026-05-28,22751,1130,1717.01,35,6968.27
64,78,1,2026-05-29,40311,2846,5294.33,97,13377.61
64,78,1,2026-06-05,36229,1615,3107.05,240,85590.07
64,78,1,2026-06-06,47579,961,2726.9,75,11299.01
64,78,1,2026-06-16,5396,250,606.88,6,1043.28
64,78,1,2026-06-17,3665,286,952.95,37,6301.22
64,78,1,2026-06-18,7466,113,456.64,16,3416.58
64,78,1,2026-06-30,33877,1493,4848.28,179,17007.49
64,78,1,2026-07-02,2453,33,110.44,1,283.96
64,78,1,2026-07-05,17304,1315,4969.32,117,14280.0
64,78,1,2026-07-09,43507,3302,3176.53,457,167356.18
64,78,1,2026-07-11,10089,480,337.7,39,10208.59
64,78,1,2026-07-14,2751,122,364.78,16,5885.03
64,78,1,2026-07-24,14825,194,888.23,20,6694.23
64,78,1,2026-07-26,3287,257,911.87,7,1151.03
64,78,1,2026-07-29,33194,539,831.55,8,895.86
64,78,1,2026-07-31,5950,62,70.61,3,349.45
64,78,1,2026-08-03,34048,2380,6784.04,335,17134.07
64,78,1,2026-08-04,14301,1049,983.72,143,51658.6
64,78,1,2026-08-09,11698,643,2798.58,84,12087.45
64,78,1,2026-08-12,2886,156,499.34,13,4886.88
64,78,1,2026-08-17,47199,488,248.47,26,8516.05
65,78,2,2025-08-26,49070,3221,14720.81,284,29426.23
65,78,2,2025-08-31,42477,785,2392.78,117,21498.21
65,78,2,2025-09-01,29468,1768,5117.0,84,17961.17
65,78,2,2025-09-03,41701,1197,3522.05,38,2926.96
65,78,2,2025-09-04,23178,529,1159.82,44,5735.68
65,78,2,2025-09-05,28650,1873,5219.71,217,45054.61
65,78,2,2025-09-09,21953,263,672.88,18,4829.88
65,78,2,2025-09-13,29751,1365,3635.28,125,36544.78
65,78,2,2025-09-16,12465,871,1375.65,38,14589.56
65,78,2,2025-09-18,39939,615,2887.12,22,8097.06
65,78,2,2025-09-19,4366,128,389.96,12,2932.89
65,78,2,2025-09-20,32695,2240,8133.11,241,61877.31
65,78,2,2025-09-21,45728,1604,6837.59,71,20202.24
65,78,2,2025-09-23,15933,337,840.08,37,11683.26
65,78,2,2025-09-24,1829,105,353.23,5,1701.08
65,78,2,2025-09-25,33446,1738,3820.37,247,41642.6
65,78,2,2025-10-05,38423,2272,6301.72,115,33740.35
65,78,2,2025-10-08,33962,1610,5910.71,194,21138.29
65,78,2,2025-10-11,29127,621,2526.89,26,4618.51
65,78,2,2025-10-15,21041,283,368.71,6,1337.61
65,78,2,2025-10-22,27600,1860,5944.72,84,13393.65
65,78,2,2025-10-29,40121,2715,6240.74,189,52992.7
65,78,2,2025-11-02,10399,727,1390.52,69,26037.98
65,78,2,2025-11-04,4098,57,116.81,2,378.57
65,78,2,2025-11-09,3618,65,173.53,4,571.22
65,78,2,2025-11-11,23580,1031,2518.15,15,4407.85
65,78,2,2025-11-12,25999,1092,1482.78,67,25134.86
65,78,2,2025-11-13,36716,680,396.08,73,26298.43
65,78,2,2025-11-14,49369,3746,5434.52,369,125805.97
65,78,2,2025-11-18,44899,2543,1516.49,181,63235.02
65,78,2,2025-11-23,17102,1058,615.0,13,3281.24
65,78,2,2025-11-26,23520,1575,6526.8,116,7251.17
65,78,2,2025-11-30,26778,1352,2038.69,141,24194.34
65,78,2,2025-12-01,41457,1530,1527.68,229,32096.86
65,78,2,2025-12-02,22982,1140,1831.78,60,5946.74
65,78,2,2025-12-04,1822,20,77.99,0,0.0
65,78,2,2025-12-05,8764,479,306.01,18,4831.67
65,78,2,2025-12-14,27936,2068,4515.4,76,22866.87
65,78,2,2025-12-16,38814,2308,7123.58,271,43688.8
65,78,2,2025-12-19,5372,167,295.3,13,5135.24
65,78,2,2025-12-20,15607,368,862.78,23,5745.61
65,78,2,2025-12-21,11684,928,3975.1,71,11246.19
65,78,2,2025-12-22,9292,243,444.87,3,510.72
65,78,2,2025-12-24,23109,845,3239.64,86,24541.68
65,78,2,2025-12-31,19743,792,926.88,36,7941.06
65,78,2,2026-01-01,48478,524,1020.32,43,16130.66
65,78,2,2026-01-06,18158,792,1359.21,18,2263.82
65,78,2,2026-01-09,23554,1437,1987.45,29,10152.82
65,78,2,2026-01-11,40348,1033,896.87,51,7849.58
65,78,2,2026-01-16,11514,835,818.2,96,23066.24
65,78,2,2026-01-27,13773,640,2210.67,32,5992.22
65,78,2,2026-02-05,46290,2814,11879.85,348,25035.03
65,78,2,2026-02-06,46546,1494,4459.38,40,2619.81
65,78,2,2026-02-08,12373,425,514.5,35,8118.12
65,78,2,2026-02-10,26797,298,1354.06,43,15179.78
65,78,2,2026-02-12,43852,2787,2264.95,292,86459.42
65,78,2,2026-02-16,37072,1573,3581.19,161,15737.55
65,78,2,2026-02-18,49500,1598,5887.83,150,14660.25
65,78,2,2026-02-21,14579,967,1630.8,125,42588.67
65,78,2,2026-02-23,17099,743,2266.97,95,27979.96
65,78,2,2026-02-26,3238,97,69.28,6,1402.65
65,78,2,2026-03-03,5288,200,922.23,15,5324.31
65,78,2,2026-03-04,17334,1020,3305.42,52,5571.24
65,78,2,2026-03-05,3499,151,147.78,6,924.8
65,78,2,2026-03-12,19738,267,773.7,17,3117.14
65,78,2,2026-03-19,7545,128,566.62,13,2383.04
65,78,2,2026-03-22,8542,650,2267.16,72,7765.36
65,78,2,2026-03-23,19386,1509,7321.22,82,26377.41
65,78,2,2026-03-24,49405,1528,4183.12,111,19535.13
65,78,2,2026-04-02,18166,409,1265.8,35,9331.69
65,78,2,2026-04-05,45952,3343,10924.48,216,50609.63
65,78,2,2026-04-06,8163,277,335.06,29,7653.11
65,78,2,2026-04-08,45645,3640,14435.57,509,93084.03
65,78,2,2026-04-10,3732,78,109.61,3,1145.14
65,78,2,2026-04-11,34621,2267,6242.37,319,116252.08
65,78,2,2026-04-13,42724,1993,2797.44,280,71469.04
65,78,2,2026-04-15,4593,100,433.14,14,1641.22
65,78,2,2026-04-17,18229,1074,4438.04,55,2809.03
65,78,2,2026-04-21,39667,944,1497.91,67,9863.47
65,78,2,2026-04-22,42156,2841,12935.68,418,37467.42
65,78,2,2026-04-26,44992,1584,4146.63,24,5806.24
65,78,2,2026-05-06,26098,864,2919.13,36,6342.52
65,78,2,2026-05-08,42167,2799,11906.05,317,90177.07
65,78,2,2026-05-11,28019,714,2652.18,45,13194.07
65,78,2,2026-05-12,17599,1346,6232.6,170,11376.29
65,78,2,2026-05-14,38795,1307,3975.86,136,25881.6
65,78,2,2026-05-16,45640,1544,4144.42,66,18941.35
65,78,2,2026-05-18,44286,1859,1471.43,53,18542.86
65,78,2,2026-05-20,7724,343,975.9,14,5172.16
65,78,2,2026-05-21,7522,401,207.2,48,9188.94
65,78,2,2026-05-24,15936,778,2373.58,101,6419.89
65,78,2,2026-05-30,49955,2151,3544.19,206,62111.26
65,78,2,2026-06-01,43187,2726,9560.0,384,109221.21
65,78,2,2026-06-02,3399,48,181.76,4,1402.22
65,78,2,2026-06-07,33274,1492,3541.6,30,4580.8
65,78,2,2026-06-08,34650,1415,1770.76,193,53400.33
65,78,2,2026-06-09,35714,1226,1838.68,113,6517.94
65,78,2,2026-06-10,28655,1871,3023.4,258,59730.75
65,78,2,2026-06-11,7136,532,1410.71,70,7415.9
65,78,2,2026-06-18,4441,136,193.68,2,248.77
65,78,2,2026-06-20,23753,361,1727.2,5,1076.58
65,78,2,2026-06-22,41744,483,2154.38,31,5714.61
65,78,2,2026-06-27,11347,283,542.6,5,1851.38
65,78,2,2026-06-29,29534,2089,4230.04,108,29867.24
65,78,2,2026-06-30,23223,461,862.71,23,6743.94
65,78,2,2026-07-04,16399,957,3748.37,53,19753.25
65,78,2,2026-07-07,36611,1247,1789.77,31,5325.84
65,78,2,2026-07-19,27300,1159,2193.97,13,3804.35
65,78,2,2026-08-02,1245,65,149.45,7,549.29
65,78,2,2026-08-08,12956,751,2104.45,11,1364.6
65,78,2,2026-08-12,11997,243,1106.77,25,9308.98
65,78,2,2026-08-18,17761,541,1615.96,51,9918.41
66,78,3,2025-08-20,2220,108,222.75,5,846.3
66,78,3,2025-08-23,42330,1729,3755.8,120,39939.52
66,78,3,2025-08-25,10438,633,3147.28,59,17888.86
66,78,3,2025-09-06,41225,3012,14117.76,274,22727.7
66,78,3,2025-09-13,12188,129,135.37,7,1092.44
66,78,3,2025-09-14,22809,1077,2012.21,115,27490.63
66,78,3,2025-09-16,36530,2019,5421.93,189,73834.05
66,78,3,2025-09-20,45958,2643,3049.44,217,74462.85
66,78,3,2025-09-21,42261,1568,1096.75,231,51144.08
66,78,3,2025-09-25,37022,1639,5786.52,49,13897.1
66,78,3,2025-09-26,43476,2138,3730.46,173,32124.55
66,78,3,2025-09-27,5211,60,193.5,7,2798.62
66,78,3,2025-09-29,30672,604,1819.6,9,3401.53
66,78,3,2025-09-30,38441,2789,13297.12,209,46178.77
66,78,3,2025-10-07,24785,1134,3727.96,115,41769.33
66,78,3,2025-10-09,42707,2448,10345.57,313,53503.09
66,78,3,2025-10-14,1837,123,156.02,12,4174.13
66,78,3,2025-10-15,16143,770,1456.64,100,16829.83
66,78,3,2025-10-16,3083,223,321.47,10,2252.3
66,78,3,2025-10-22,43217,1595,7306.24,46,14616.96
66,78,3,2025-10-23,16165,162,707.82,14,3887.21
66,78,3,2025-10-25,22831,1515,3749.49,206,51755.7
66,78,3,2025-10-27,22137,261,145.9,19,5266.43
66,78,3,2025-10-29,14241,210,297.72,31,4089.36
66,78,3,2025-10-30,34950,1795,1675.93,212,69929.14
66,78,3,2025-11-05,24043,291,645.9,25,2559.65
66,78,3,2025-11-07,2500,32,20.62,3,176.89
66,78,3,2025-11-11,38657,2278,4083.72,139,33778.1
66,78,3,2025-11-16,20971,592,2292.2,9,3548.46
66,78,3,2025-11-19,19477,1345,5316.26,41,8459.67
66,78,3,2025-11-23,31551,470,1168.61,15,1509.45
66,78,3,2025-11-26,12116,820,3952.72,78,18334.37
66,78,3,2025-11-29,4623,168,358.73,20,2688.89
66,78,3,2025-12-01,22246,1651,7632.54,75,9055.6
66,78,3,2025-12-04,41875,634,640.4,62,7531.45
66,78,3,2025-12-05,29091,806,2069.05,46,8241.56
66,78,3,2025-12-08,37722,1531,6040.78,67,24528.75
66,78,3,2025-12-13,10655,230,1010.85,4,361.24
66,78,3,2025-12-19,9186,484,1173.92,22,3523.71
66,78,3,2025-12-20,13010,163,108.45,6,1052.6
66,78,3,2025-12-21,43694,1283,5524.44,113,20603.05
66,78,3,2025-12-30,44188,2593,5074.01,57,12665.45
66,78,3,2025-12-31,35144,2257,7267.12,122,25765.47
66,78,3,2026-01-01,20831,964,4551.51,81,28409.4
66,78,3,2026-01-03,9463,301,272.82,9,3588.16
66,78,3,2026-01-17,46515,904,739.33,93,29734.45
66,78,3,2026-01-24,47359,1805,5014.01,40,14919.31
66,78,3,2026-01-28,48264,1070,4905.41,39,5068.8
66,78,3,2026-02-06,32097,821,505.26,41,4275.83
66,78,3,2026-02-08,8914,605,872.69,36,1823.61
66,78,3,2026-02-12,44784,1583,5973.58,16,5167.8
66,78,3,2026-02-19,29230,780,1247.71,22,2316.33
66,78,3,2026-03-04,5570,402,815.45,16,4441.22
66,78,3,2026-03-11,12726,772,3005.95,20,1105.06
66,78,3,2026-03-12,16157,1062,3094.69,24,3154.93
66,78,3,2026-03-15,19946,351,799.59,24,4995.44
66,78,3,2026-03-17,35626,2437,7520.88,102,19185.89
66,78,3,2026-03-19,7643,596,2382.03,79,17538.64
66,78,3,2026-03-22,34153,2276,7349.2,85,27184.51
66,78,3,2026-03-24,17250,1348,4744.52,22,1135.78
66,78,3,2026-04-02,34178,2726,8594.24,303,93361.12
66,78,3,2026-04-03,12649,234,874.83,17,6232.84
66,78,3,2026-04-05,36633,1973,7422.75,66,6953.58
66,78,3,2026-04-07,23027,1085,3217.09,13,5173.87
66,78,3,2026-04-10,8328,395,1401.83,41,4270.44
66,78,3,2026-04-12,38773,1702,2075.33,140,49090.2
66,78,3,2026-04-13,6032,104,415.68,10,3947.34
66,78,3,2026-04-14,21704,1613,2378.26,48,11721.35
66,78,3,2026-04-16,39308,3076,5739.21,401,97847.66
66,78,3,2026-04-20,25406,721,2480.41,100,14577.55
66,78,3,2026-04-21,42152,2130,3707.2,50,2826.54
66,78,3,2026-04-29,3961,56,131.41,1,281.81
66,78,3,2026-05-01,16883,399,240.73,35,10151.58
66,78,3,2026-05-04,1015,49,181.44,4,346.77
66,78,3,2026-05-06,41636,3270,6329.04,111,27545.87
66,78,3,2026-05-14,3775,260,749.1,12,3453.09
66,78,3,2026-06-06,42026,1469,4453.72,162,59288.98
66,78,3,2026-06-07,26448,1212,1568.62,105,35829.9
66,78,3,2026-06-08,26906,1970,8611.31,178,18631.86
66,78,3,2026-06-12,23798,1355,5178.95,92,29072.84
66,78,3,2026-06-16,46777,990,3729.89,125,14104.06
66,78,3,2026-06-20,28629,1047,4909.21,78,17740.64
66,78,3,2026-07-02,8134,531,984.56,26,3830.26
66,78,3,2026-07-03,27407,1742,5789.9,144,17708.2
66,78,3,2026-07-05,22713,1549,2802.35,52,12371.45
66,78,3,2026-07-06,16900,392,285.49,29,4367.07
66,78,3,2026-07-11,19212,712,2540.6,40,6564.24
66,78,3,2026-07-14,23596,1700,7185.02,111,7650.17
66,78,3,2026-07-18,25990,1518,5908.73,198,17912.68
66,78,3,2026-07-19,16459,666,3171.51,94,9360.35
66,78,3,2026-07-21,10381,715,1840.64,10,1341.15
66,78,3,2026-07-22,8087,284,727.09,31,8793.95
66,78,3,2026-07-24,6425,335,866.41,19,5718.22
66,78,3,2026-07-30,43384,1524,5913.32,223,67028.72
66,78,3,2026-08-01,48428,1138,1734.62,112,25781.55
66,78,3,2026-08-02,30391,2250,2718.26,194,37366.17
66,78,3,2026-08-10,38736,784,3209.61,34,7842.87
66,78,3,2026-08-13,6858,506,1669.28,55,10180.77
66,78,3,2026-08-14,36783,2053,4183.54,227,34061.5
66,78,3,2026-08-17,1496,97,146.88,10,2434.47
67,7,1,2025-08-20,38304,3039,12022.9,141,31299.59
67,7,1,2025-08-24,18878,1246,2854.65,159,8453.66
67,7,1,2025-08-29,49604,2648,7105.31,264,78170.22
67,7,1,2025-09-07,7600,580,1968.64,11,1468.31
67,7,1,2025-09-08,2964,192,536.35,10,3215.58
67,7,1,2025-09-13,9633,668,403.56,79,15124.79
67,7,1,2025-10-01,45879,2804,11595.68,145,47067.33
67,7,1,2025-10-07,42846,3397,13917.74,67,18705.59
67,7,1,2025-10-10,8552,232,455.17,27,6935.26
67,7,1,2025-10-11,24632,314,1313.98,21,2446.43
67,7,1,2025-10-17,7221,343,1543.67,40,13323.81
67,7,1,2025-10-18,15924,1169,4689.46,53,7163.3
67,7,1,2025-10-20,10953,666,925.05,22,6353.62
67,7,1,2025-10-21,20905,1248,5088.72,134,39765.99
67,7,1,2025-10-25,6126,256,839.47,27,8103.46
67,7,1,2025-10-31,14122,937,3208.7,108,32046.84
67,7,1,2025-11-07,47865,847,1556.05,29,10784.21
67,7,1,2025-11-12,1159,69,127.5,9,2184.3
67,7,1,2025-11-21,26190,1406,6833.28,135,12293.76
67,7,1,2025-11-23,11196,699,2813.76,11,2655.23
67,7,1,2025-11-24,15205,522,735.07,74,28479.73
67,7,1,2025-11-26,1138,85,186.99,2,585.58
67,7,1,2025-11-28,46461,2613,3607.62,27,10538.24
67,7,1,2025-12-04,20615,794,2658.2,107,29694.73
67,7,1,2025-12-06,17888,923,3329.53,98,5120.76
67,7,1,2025-12-09,26425,955,2609.1,63,6864.12
67,7,1,2025-12-10,2976,136,588.11,9,1798.5
67,7,1,2025-12-13,34888,1770,6240.67,90,13256.43
67,7,1,2025-12-14,16632,912,4160.53,78,29707.53
67,7,1,2025-12-25,22990,1715,2680.46,68,12039.35
67,7,1,2025-12-26,17463,963,4034.48,18,3647.97
67,7,1,2025-12-29,26438,1714,1921.22,155,12862.85
67,7,1,2025-12-31,23385,353,1613.51,12,1691.94
67,7,1,2026-01-06,38787,1033,1553.34,66,7286.08
67,7,1,2026-01-08,28302,1425,7097.3,19,4298.76
67,7,1,2026-01-11,49363,2665,8576.8,223,39585.64
67,7,1,2026-01-18,39732,1671,3172.71,243,40704.36
67,7,1,2026-01-22,41953,3329,15412.66,187,24002.99
67,7,1,2026-01-26,25804,842,2062.31,116,6876.22
67,7,1,2026-01-30,5505,355,341.48,18,2608.03
67,7,1,2026-02-01,43819,2979,1997.82,99,37816.48
67,7,1,2026-02-03,38290,2354,10884.99,74,9512.32
67,7,1,2026-02-08,2913,81,115.91,3,528.6
67,7,1,2026-02-11,44568,912,910.2,9,2713.11
67,7,1,2026-02-18,44975,1378,3725.09,154,9658.71
67,7,1,2026-02-19,37369,1561,4043.49,178,16762.58
67,7,1,2026-02-23,3794,192,672.24,14,2441.45
67,7,1,2026-02-24,46641,2384,4591.31,63,18797.48
67,7,1,2026-02-26,49885,1196,4513.79,26,10018.94
67,7,1,2026-03-03,49692,2983,11266.54,376,116957.11
67,7,1,2026-03-08,31184,1117,5505.47,68,8979.29
67,7,1,2026-03-12,31089,636,2384.51,20,1676.69
67,7,1,2026-03-14,32768,1320,6251.89,80,27348.48
67,7,1,2026-03-17,30495,1147,4092.84,128,26312.33
67,7,1,2026-03-23,40976,1615,2743.51,31,2090.26
67,7,1,2026-03-24,32797,381,1889.28,24,6703.69
67,7,1,2026-03-29,18830,1490,3623.99,108,30323.31
67,7,1,2026-04-01,38431,2708,1905.14,41,9955.28
67,7,1,2026-04-10,26977,625,1915.72,51,2718.86
67,7,1,2026-04-12,3949,236,804.16,9,2537.91
67,7,1,2026-04-13,44142,2644,11793.5,136,22246.75
67,7,1,2026-04-15,20085,343,243.46,3,818.9
67,7,1,2026-04-16,5654,255,795.86,18,3563.39
67,7,1,2026-04-17,37722,1261,2381.69,149,58908.3
67,7,1,2026-04-22,2138,89,45.44,5,1915.9
67,7,1,2026-04-25,45436,2529,5337.09,226,27689.28
67,7,1,2026-04-29,44421,1525,7605.68,199,53186.6
67,7,1,2026-05-01,43398,1054,2478.4,88,7250.43
67,7,1,2026-05-04,34090,2196,1930.34,36,3517.27
67,7,1,2026-05-13,30734,2156,6738.61,95,15059.23
67,7,1,2026-05-14,24668,1126,724.34,167,53493.12
67,7,1,2026-05-18,29019,1821,8212.37,233,49071.87
67,7,1,2026-05-20,6076,216,1026.0,9,2407.18
67,7,1,2026-05-23,32691,1744,1173.18,91,27558.62
67,7,1,2026-05-24,4105,243,993.19,2,577.54
67,7,1,2026-06-02,25104,1651,4284.53,57,14983.85
67,7,1,2026-06-06,25632,957,4332.08,128,30176.93
67,7,1,2026-06-08,3407,218,148.68,31,11250.73
67,7,1,2026-06-13,34809,1570,1514.62,144,50904.52
67,7,1,2026-06-14,32325,1734,1898.76,177,12696.57
67,7,1,2026-06-15,45756,1741,6404.1,48,11698.98
67,7,1,2026-06-20,46514,2592,8954.27,40,8184.29
67,7,1,2026-06-27,36259,2772,10840.26,376,45145.26
67,7,1,2026-07-01,11991,768,2695.97,30,6133.6
67,7,1,2026-07-03,43382,2419,10007.08,284,94995.7
67,7,1,2026-07-05,18715,331,1396.3,26,3874.41
67,7,1,2026-07-15,27717,642,1393.22,68,26231.33
67,7,1,2026-07-16,42478,3015,7020.49,305,16324.78
67,7,1,2026-07-24,43449,1206,2929.0,157,60882.25
67,7,1,2026-07-26,12196,245,450.37,9,2232.36
67,7,1,2026-08-04,16123,866,3279.06,41,15392.54
67,7,1,2026-08-05,38569,478,467.64,9,2588.83
67,7,1,2026-08-08,29557,2285,2553.27,205,12865.18
67,7,1,2026-08-13,48754,900,2376.57,60,11976.54
68,7,2,2025-08-19,32281,2103,10380.68,272,57164.85
68,7,2,2025-08-20,41269,2296,3374.97,45,3426.97
68,7,2,2025-08-21,5117,344,458.33,37,11261.57
68,7,2,2025-08-25,48651,2108,10334.16,179,64480.51
68,7,2,2025-08-29,19642,851,2618.89,24,7932.04
68,7,2,2025-09-01,1487,43,53.49,4,1123.2
68,7,2,2025-09-02,18934,961,1568.98,115,38994.95
68,7,2,2025-09-03,29668,1908,5704.14,33,7693.74
68,7,2,2025-09-05,35597,1387,6553.93,130,43640.71
68,7,2,2025-09-10,8334,518,374.6,65,14222.88
68,7,2,2025-09-11,23491,1430,6531.06,37,1853.38
68,7,2,2025-09-13,46662,1164,2366.84,98,30043.17
68,7,2,2025-09-16,33144,789,2508.63,81,13864.83
68,7,2,2025-09-21,26512,581,2346.73,86,15061.13
68,7,2,2025-09-23,3967,214,1010.92,19,6409.6
68,7,2,2025-10-04,36180,1334,1433.83,172,19517.09
68,7,2,2025-10-08,3398,98,136.75,11,1664.74
68,7,2,2025-10-09,10951,853,3108.96,78,22502.73
68,7,2,2025-10-18,23893,844,4137.32,67,3557.85
68,7,2,2025-10-21,48584,2351,4283.6,245,86151.59
68,7,2,2025-11-10,29395,1980,1848.38,63,9540.5
68,7,2,2025-11-13,39193,2715,2326.14,233,38825.71
68,7,2,2025-11-15,27402,1792,4403.09,138,48451.87
68,7,2,2025-11-16,2536,40,168.48,2,239.52
68,7,2,2025-11-20,26073,1274,1519.93,142,25160.31
68,7,2,2025-11-27,6405,242,1074.08,34,5656.98
68,7,2,2025-11-28,16037,625,689.28,93,5424.02
68,7,2,2025-12-04,46365,2015,7552.79,87,13828.83
68,7,2,2025-12-06,6284,120,231.8,3,187.68
68,7,2,2025-12-09,14853,1062,2137.84,36,10439.97
68,7,2,2025-12-19,34244,449,1229.58,49,7057.25
68,7,2,2025-12-20,42328,2125,2694.11,293,30610.93
68,7,2,2025-12-22,49529,2758,7262.95,188,18437.94
68,7,2,2025-12-24,21152,1293,3223.3,104,35856.29
68,7,2,2025-12-26,26085,1444,3233.5,169,43141.52
68,7,2,2025-12-27,33159,982,1070.52,43,11177.53
68,7,2,2025-12-29,36796,1766,2933.97,213,43135.52
68,7,2,2026-01-04,30822,2283,7094.04,72,14992.7
68,7,2,2026-01-07,37200,2222,10222.46,218,46632.7
68,7,2,2026-01-12,14463,1045,729.3,51,7950.03
68,7,2,2026-01-20,11924,657,2842.69,65,7303.54
68,7,2,2026-01-21,29361,1146,1368.33,19,4841.71
68,7,2,2026-01-23,20783,1141,1854.84,163,22793.49
68,7,2,2026-01-24,23800,418,1242.53,22,6774.45
68,7,2,2026-01-25,36899,379,1089.83,16,6334.32
68,7,2,2026-01-28,15600,1231,2351.55,178,36006.18
68,7,2,2026-01-31,16546,671,3187.83,41,5780.04
68,7,2,2026-02-03,36186,1956,8809.09,63,13401.47
68,7,2,2026-02-06,37087,1520,3704.24,147,25212.16
68,7,2,2026-02-20,33134,1235,3150.13,132,16511.72
68,7,2,2026-02-21,3839,58,43.5,8,1143.13
68,7,2,2026-03-05,6484,445,1532.89,12,1284.18
68,7,2,2026-03-13,12927,222,661.52,13,1651.88
68,7,2,2026-03-21,39066,1504,3905.16,175,46891.92
68,7,2,2026-03-24,37371,718,2348.24,63,21372.04
68,7,2,2026-03-27,24217,1569,5481.89,204,77697.6
68,7,2,2026-03-30,17134,910,524.88,69,3650.62
68,7,2,2026-04-04,47568,3608,11190.23,460,114030.29
68,7,2,2026-04-18,4555,86,194.34,3,851.01
68,7,2,2026-04-19,45749,2745,6082.06,168,36653.28
68,7,2,2026-04-23,38667,1846,8494.27,253,43487.01
68,7,2,2026-05-03,33721,340,445.72,19,1478.36
68,7,2,2026-05-06,10715,407,331.39,14,2918.94
68,7,2,2026-05-09,4046,178,295.41,20,4312.77
68,7,2,2026-05-12,3273,107,254.42,7,1422.81
68,7,2,2026-05-17,39147,2312,6544.84,131,17733.15
68,7,2,2026-05-22,34686,2089,8073.81,36,3692.15
68,7,2,2026-05-23,15563,1043,4607.21,124,29067.12
68,7,2,2026-05-27,27790,1668,2005.79,83,28043.76
68,7,2,2026-05-30,3094,43,212.27,2,327.42
68,7,2,2026-06-01,46656,1314,4408.42,16,3636.73
68,7,2,2026-06-10,49104,1124,1021.47,94,4731.3
68,7,2,2026-06-13,11305,690,3413.79,66,20675.5
68,7,2,2026-06-20,20430,1598,2614.29,102,11440.23
68,7,2,2026-06-23,19709,1171,3367.21,28,10500.47
68,7,2,2026-07-02,8747,690,754.46,48,15173.19
68,7,2,2026-07-11,7373,230,503.35,15,1698.02
68,7,2,2026-07-16,41380,3174,7088.69,75,17480.66
68,7,2,2026-07-22,23270,1809,3184.48,167,66131.24
68,7,2,2026-07-23,41532,3032,3180.04,354,35249.41
68,7,2,2026-07-27,46629,2753,9060.78,84,9214.48
68,7,2,2026-08-02,11619,814,3460.3,10,568.77
68,7,2,2026-08-11,27097,1705,3546.31,33,11326.05
68,7,2,2026-08-12,38770,2805,5926.43,292,73911.64
68,7,2,2026-08-13,25178,1306,4593.38,13,1049.93
68,7,2,2026-08-16,19738,327,650.77,16,4867.61
69,7,3,2025-08-22,39322,2411,10449.14,100,8716.57
69,7,3,2025-08-23,38233,1384,6266.65,69,18470.81
69,7,3,2025-08-24,16243,1176,3843.21,114,20804.55
69,7,3,2025-09-02,25423,361,193.79,39,14975.38
69,7,3,2025-09-03,16733,852,1478.77,100,25323.1
69,7,3,2025-09-05,23554,575,1207.43,81,21219.04
69,7,3,2025-09-25,26157,2029,9106.81,103,23923.72
69,7,3,2025-09-27,36135,578,1216.84,40,14476.04
69,7,3,2025-09-29,14034,835,2562.52,63,4490.48
69,7,3,2025-09-30,39827,2782,6580.85,201,54314.74
69,7,3,2025-10-03,30117,1485,3278.57,88,26437.13
69,7,3,2025-10-05,28179,1292,1677.75,39,13474.26
69,7,3,2025-10-08,36501,849,3490.34,52,9488.49
69,7,3,2025-10-09,6251,185,210.6,23,2706.33
69,7,3,2025-10-14,33206,2514,10086.34,338,76975.81
69,7,3,2025-10-28,16950,1113,1902.07,30,4181.27
69,7,3,2025-10-30,16819,1102,4885.32,124,45560.19
69,7,3,2025-11-10,49304,3131,13179.21,313,92553.83
69,7,3,2025-11-13,35634,1739,6740.9,235,55846.65
69,7,3,2025-11-14,25295,1902,8272.05,140,53852.95
69,7,3,2025-11-15,5770,154,585.63,22,2533.76
69,7,3,2025-11-18,6023,271,481.39,9,3364.05
69,7,3,2025-11-24,35250,568,1271.97,48,13410.15
69,7,3,2025-12-03,27335,1541,5858.46,45,5824.74
69,7,3,2025-12-07,43514,3452,4565.52,43,4106.49
69,7,3,2025-12-18,47438,3687,12092.9,461,137708.0
69,7,3,2025-12-22,13088,555,809.46,69,11010.87
69,7,3,2025-12-24,9135,385,925.95,54,11989.15
69,7,3,2025-12-25,40811,442,1286.84,43,15611.99
69,7,3,2025-12-29,39359,3043,9740.9,105,29052.75
69,7,3,2026-01-02,14193,723,463.76,74,7450.61
69,7,3,2026-01-05,25118,1687,4581.52,205,64589.9
69,7,3,2026-01-11,37807,1913,9298.22,94,17842.19
69,7,3,2026-01-15,32043,1771,8504.3,232,22305.69
69,7,3,2026-01-23,24113,1499,1891.92,100,24075.05
69,7,3,2026-01-28,45171,3416,11328.13,135,44738.48
69,7,3,2026-01-31,46297,3532,14646.35,374,59723.13
69,7,3,2026-02-01,37980,1478,837.0,75,22307.05
69,7,3,2026-02-02,49927,2148,6351.53,262,87532.0
69,7,3,2026-02-04,13138,1026,4394.95,18,6227.49
69,7,3,2026-02-07,12380,516,721.52,16,2423.88
69,7,3,2026-02-14,20103,596,604.91,42,16239.6
69,7,3,2026-02-18,21955,1266,3663.21,17,886.4
69,7,3,2026-02-20,28682,496,1846.53,29,10939.96
69,7,3,2026-02-21,2488,191,315.71,9,920.88
69,7,3,2026-02-24,37109,2154,1869.24,154,36820.9
69,7,3,2026-02-25,16825,1025,4245.27,153,36599.63
69,7,3,2026-02-27,34836,2470,5441.28,102,19566.87
69,7,3,2026-03-02,12660,208,865.53,17,4881.72
69,7,3,2026-03-03,49014,561,2127.12,24,7693.48
69,7,3,2026-03-07,20704,1634,1114.21,57,19952.68
69,7,3,2026-03-16,29564,1538,6130.7,177,43889.66
69,7,3,2026-03-21,42711,2965,13656.79,367,134524.5
69,7,3,2026-03-24,5748,123,397.18,9,640.34
69,7,3,2026-03-31,34197,2066,9632.05,262,96275.29
69,7,3,2026-04-07,6998,381,671.36,35,11649.41
69,7,3,2026-04-13,3668,147,627.63,1,296.7
69,7,3,2026-04-14,39975,1451,2938.71,159,48154.29
69,7,3,2026-04-18,44490,3066,13085.81,62,15572.24
69,7,3,2026-04-20,49919,992,2608.78,45,5597.4
69,7,3,2026-04-22,2169,94,387.6,9,2806.1
69,7,3,2026-04-23,20457,1616,928.26,199,43513.62
69,7,3,2026-04-24,47484,3373,16376.65,339,59259.2
69,7,3,2026-04-29,19686,285,1104.14,30,8341.44
69,7,3,2026-04-30,39492,597,818.56,70,24374.28
69,7,3,2026-05-04,40638,2409,1781.06,119,45477.85
69,7,3,2026-05-06,31436,914,2794.73,65,7784.51
69,7,3,2026-05-08,4983,374,1016.34,41,11115.68
69,7,3,2026-05-13,12730,361,1594.31,18,1301.83
69,7,3,2026-05-14,15832,355,1525.45,53,9893.38
69,7,3,2026-05-17,16007,941,2109.99,57,10173.79
69,7,3,2026-05-21,7372,517,265.86,50,16250.4
69,7,3,2026-05-26,48026,3283,12424.81,297,89130.26
69,7,3,2026-05-28,15795,975,2698.35,11,3222.61
69,7,3,2026-05-30,10803,494,1061.33,27,8184.5
69,7,3,2026-06-01,15573,233,833.16,12,685.02
69,7,3,2026-06-04,20210,664,1053.47,85,11001.54
69,7,3,2026-06-07,21476,515,2335.16,58,8666.59
69,7,3,2026-06-10,34985,1674,8243.5,94,13853.81
69,7,3,2026-06-14,42778,2548,3618.84,325,92772.69
69,7,3,2026-06-19,24785,1775,6203.83,38,6780.22
69,7,3,2026-06-23,29404,661,537.92,62,5352.49
69,7,3,2026-06-26,41944,2258,3301.97,245,58608.66
69,7,3,2026-06-28,13508,408,731.82,9,2204.14
69,7,3,2026-07-05,4891,238,434.91,17,1246.89
69,7,3,2026-07-06,44716,2468,7289.21,48,17230.82
69,7,3,2026-07-10,44122,1825,6456.11,233,31738.46
69,7,3,2026-07-13,46329,3202,6597.87,321,113638.51
69,7,3,2026-07-16,38060,2398,10791.05,262,93511.78
69,7,3,2026-07-17,13670,915,1330.4,122,14707.59
69,7,3,2026-07-19,15810,249,379.83,22,2547.86
69,7,3,2026-07-21,46972,2015,8327.79,292,78226.2
69,7,3,2026-07-25,40641,2783,13653.23,98,6996.21
69,7,3,2026-07-26,3648,261,467.28,14,3953.54
69,7,3,2026-08-05,33157,1204,3408.68,104,35103.99
69,7,3,2026-08-06,35714,1271,4890.02,72,21463.91
69,7,3,2026-08-14,43219,963,2635.11,44,16269.32
69,7,3,2026-08-17,12256,133,83.57,10,3496.17
70,97,1,2025-08-19,25996,1855,4821.19,240,49288.3
70,97,1,2025-08-20,27909,811,1592.32,117,13703.54
70,97,1,2025-08-23,47256,2413,2436.02,126,38916.08
70,97,1,2025-08-24,13397,475,317.96,20,1840.29
70,97,1,2025-08-26,4626,117,398.4,6,334.85
70,97,1,2025-08-29,15532,936,586.32,133,19172.5
70,97,1,2025-09-04,9867,339,328.23,3,1149.34
70,97,1,2025-09-08,19646,1528,2235.41,227,44599.68
70,97,1,2025-09-09,49672,2579,8423.75,215,15746.54
70,97,1,2025-09-17,41297,1783,6030.55,230,37795.48
70,97,1,2025-09-22,3761,42,36.44,1,362.99
70,97,1,2025-09-28,26328,1255,1735.51,138,32686.97
70,97,1,2025-09-29,12493,372,1120.12,46,11170.22
70,97,1,2025-10-08,38658,776,859.03,39,14550.25
70,97,1,2025-10-09,16762,1200,5236.65,60,14377.3
70,97,1,2025-10-12,14742,175,387.87,24,6952.44
70,97,1,2025-10-18,26773,2013,2248.24,169,44588.44
70,97,1,2025-10-22,49953,2323,8582.38,348,96355.44
70,97,1,2025-11-01,36824,407,832.31,18,3733.83
70,97,1,2025-11-04,3819,244,683.71,30,5852.05
70,97,1,2025-11-07,40394,801,3846.93,56,9546.47
70,97,1,2025-11-14,18932,330,506.13,43,9440.45
70,97,1,2025-11-15,2738,156,271.3,17,2255.9
70,97,1,2025-11-16,18809,1090,1451.31,89,31882.22
70,97,1,2025-11-21,1439,96,434.99,11,1882.44
70,97,1,2025-12-03,24773,1500,3719.47,61,8426.4
70,97,1,2025-12-04,48259,1115,4946.41,133,41774.02
70,97,1,2025-12-05,45692,1069,3355.64,101,12350.87
70,97,1,2025-12-06,2051,46,142.81,5,1619.32
70,97,1,2025-12-09,24814,1007,3439.44,80,18718.7
70,97,1,2025-12-10,19722,583,2192.51,54,8309.47
70,97,1,2025-12-11,39155,1443,5063.56,204,70831.47
70,97,1,2025-12-16,38311,409,1343.86,41,10527.64
70,97,1,2025-12-26,41953,2728,6355.34,49,9335.65
70,97,1,2025-12-31,48239,3739,4553.17,368,28163.93
70,97,1,2026-01-14,46841,2531,11022.97,197,11976.66
70,97,1,2026-01-17,24731,1466,4558.24,130,17773.12
70,97,1,2026-01-18,15627,1040,2385.36,134,14089.57
70,97,1,2026-01-21,27295,2041,2983.52,176,68345.66
70,97,1,2026-01-24,32257,1791,4197.17,267,83754.56
70,97,1,2026-01-25,1168,22,49.58,2,496.86
70,97,1,2026-01-28,44887,3485,6503.1,201,59793.58
70,97,1,2026-01-29,42326,1223,3567.74,45,15473.54
70,97,1,2026-02-04,41541,663,618.15,14,969.89
70,97,1,2026-02-09,43805,916,2798.35,137,48040.7
70,97,1,2026-02-12,33484,1729,5497.59,152,51437.8
70,97,1,2026-02-16,1592,73,160.58,10,3728.44
70,97,1,2026-02-28,48703,3225,3811.36,52,4938.55
70,97,1,2026-03-03,31551,1555,1493.63,48,13980.76
70,97,1,2026-03-05,16849,1338,6473.94,92,17459.41
70,97,1,2026-03-13,15762,608,2407.57,72,10238.26
70,97,1,2026-03-14,45534,2625,5562.47,380,133017.23
70,97,1,2026-03-15,12845,527,1944.36,25,8566.95
70,97,1,2026-03-31,37661,818,1894.3,66,11249.87
70,97,1,2026-04-01,18344,934,3359.11,70,26572.53
70,97,1,2026-04-05,49362,3320,9675.83,297,116198.22
70,97,1,2026-04-10,2056,139,339.01,16,4054.28
70,97,1,2026-04-18,5186,225,516.52,10,1038.14
70,97,1,2026-04-22,47988,1908,4606.18,89,23397.22
70,97,1,2026-04-23,5067,321,614.39,41,11975.22
70,97,1,2026-04-24,4111,165,241.78,17,2049.51
70,97,1,2026-04-25,27010,933,2160.61,20,5241.6
70,97,1,2026-05-04,30087,2309,3766.45,204,65400.59
70,97,1,2026-05-05,3413,142,397.84,20,1925.51
70,97,1,2026-05-06,28492,861,4141.66,104,36681.63
70,97,1,2026-05-20,48513,1417,4806.86,113,6487.13
70,97,1,2026-05-24,6781,297,1051.72,17,4238.37
70,97,1,2026-05-25,13983,465,400.27,32,4375.8
70,97,1,2026-05-26,46788,849,3333.52,62,20734.41
70,97,1,2026-05-27,20047,534,1329.75,26,4896.7
70,97,1,2026-06-02,23378,1540,2110.6,211,43734.71
70,97,1,2026-06-10,19949,921,4068.65,73,4873.04
70,97,1,2026-06-12,44606,2537,11571.89,151,59601.5
70,97,1,2026-06-27,10707,530,2353.22,22,6501.54
70,97,1,2026-07-02,11639,847,3995.02,97,33427.14
70,97,1,2026-07-03,7982,239,973.3,12,2704.41
70,97,1,2026-07-08,29873,1807,1176.0,129,39405.98
70,97,1,2026-07-13,22498,1104,2832.59,75,26662.1
70,97,1,2026-07-14,3678,209,606.22,5,1695.3
70,97,1,2026-07-17,48464,1485,4090.17,172,41377.44
70,97,1,2026-07-23,19175,436,406.96,23,1177.52
70,97,1,2026-07-25,34189,2334,10800.75,205,66809.36
70,97,1,2026-08-09,28049,1156,712.79,152,16110.29
70,97,1,2026-08-15,36098,1394,1427.59,14,3704.49
70,97,1,2026-08-18,39721,2835,12850.14,196,18733.0
71,97,2,2025-08-22,47802,2086,7135.18,194,55819.74
71,97,2,2025-08-26,33551,2325,11427.29,237,56480.67
71,97,2,2025-08-31,40349,2870,2661.41,316,45263.96
71,97,2,2025-09-04,15521,1052,3889.43,53,18174.74
71,97,2,2025-09-06,15393,1098,5477.94,15,3222.93
71,97,2,2025-09-07,26494,400,1410.77,57,16173.96
71,97,2,2025-09-09,43791,1056,1788.94,89,11963.43
71,97,2,2025-09-11,20463,421,1036.49,6,1728.14
71,97,2,2025-09-12,1978,137,305.41,5,502.72
71,97,2,2025-09-14,37669,1633,6535.49,165,8805.69
71,97,2,2025-09-17,3506,134,289.57,10,1665.88
71,97,2,2025-09-25,49083,2812,8060.37,355,139041.06
71,97,2,2025-09-30,21902,1458,5365.62,190,19250.66
71,97,2,2025-10-01,21893,1707,2151.09,159,43171.64
71,97,2,2025-10-05,14744,557,1203.94,77,21622.46
71,97,2,2025-10-08,24837,1068,1453.18,154,56669.01
71,97,2,2025-10-14,35980,2780,9022.15,30,9996.45
71,97,2,2025-10-15,46584,3475,3515.61,118,13554.92
71,97,2,2025-10-25,41932,1996,2655.45,74,19249.7
71,97,2,2025-10-26,31395,847,2047.7,80,24152.68
71,97,2,2025-10-28,10462,435,243.13,18,6934.25
71,97,2,2025-11-02,9297,423,1641.85,19,959.66
71,97,2,2025-11-05,29852,1378,2782.04,108,6559.3
71,97,2,2025-11-09,22488,1774,1947.13,33,12211.41
71,97,2,2025-11-10,46671,810,1121.46,59,3264.07
71,97,2,2025-11-12,31202,907,2455.14,117,15391.38
71,97,2,2025-11-20,11344,724,430.58,56,5034.18
71,97,2,2025-11-22,42175,1433,2383.67,170,53347.06
71,97,2,2025-12-05,44462,2685,4705.07,159,40824.48
71,97,2,2025-12-07,40813,3067,5036.69,449,82044.12
71,97,2,2025-12-09,47679,2883,11686.89,50,17243.18
71,97,2,2025-12-15,25575,1081,5321.23,55,4160.01
71,97,2,2025-12-19,20445,1152,5629.68,65,5251.17
71,97,2,2025-12-20,34049,828,3471.91,39,10968.08
71,97,2,2025-12-21,28140,1489,6975.96,216,81610.76
71,97,2,2026-01-05,29708,1869,1995.76,150,43128.15
71,97,2,2026-01-14,38564,2338,10075.72,288,77563.95
71,97,2,2026-01-16,35429,693,597.84,57,4147.08
71,97,2,2026-01-22,10235,471,1355.45,26,1314.63
71,97,2,2026-01-25,26980,2122,3732.97,175,42396.62
71,97,2,2026-01-27,36744,1410,5870.74,91,25115.95
71,97,2,2026-02-02,15305,489,1530.11,35,2707.45
71,97,2,2026-02-04,42211,969,3188.13,73,29027.75
71,97,2,2026-02-08,11924,820,3566.44,120,8828.1
71,97,2,2026-02-11,33662,1304,3948.48,97,34154.7
71,97,2,2026-02-15,4012,194,806.11,4,848.83
71,97,2,2026-02-16,49306,2037,5371.06,196,43989.15
71,97,2,2026-02-23,25312,860,3930.08,121,8489.52
71,97,2,2026-02-24,47115,2979,5015.28,230,45326.44
71,97,2,2026-02-27,11779,403,1395.09,20,4603.15
71,97,2,2026-03-02,31606,410,1341.0,6,684.54
71,97,2,2026-03-03,2451,163,231.03,14,5412.87
71,97,2,2026-03-06,8580,220,907.29,31,9210.67
71,97,2,2026-03-07,23502,1369,3542.47,105,39991.48
71,97,2,2026-03-13,28985,716,2942.41,46,9143.99
71,97,2,2026-03-17,16545,1101,5294.73,54,2767.0
71,97,2,2026-03-18,30490,1383,2374.66,96,17482.08
71,97,2,2026-03-22,21027,1255,5328.07,140,54758.53
71,97,2,2026-03-23,9757,636,1555.78,37,5966.57
71,97,2,2026-03-28,43376,775,1797.65,25,3909.37
71,97,2,2026-04-10,41569,925,4041.56,63,20138.57
71,97,2,2026-04-23,24864,878,2324.36,87,30467.76
71,97,2,2026-04-29,21017,329,1334.97,44,4887.75
71,97,2,2026-05-01,7437,202,701.67,8,2337.95
71,97,2,2026-05-13,12359,602,1344.69,54,5746.54
71,97,2,2026-05-14,42031,627,2178.14,76,30090.57
71,97,2,2026-05-17,42809,765,3423.27,68,24002.06
71,97,2,2026-06-01,25780,1797,7260.52,92,28145.61
71,97,2,2026-06-10,10280,416,1133.24,52,12896.3
71,97,2,2026-06-12,29158,1381,4144.9,119,27791.81
71,97,2,2026-06-18,16719,354,1386.36,38,3914.06
71,97,2,2026-06-21,25278,255,1138.58,10,1753.01
71,97,2,2026-06-22,45081,1424,1629.0,74,12349.4
71,97,2,2026-06-24,14050,744,1952.05,94,6027.66
71,97,2,2026-06-28,7451,416,1973.37,45,11810.78
71,97,2,2026-06-29,42147,1888,6371.84,115,11601.58
71,97,2,2026-07-01,10117,725,3180.72,7,2615.85
71,97,2,2026-07-04,21749,418,1894.5,42,5061.71
71,97,2,2026-07-10,33497,1922,6500.12,255,59869.16
71,97,2,2026-07-13,7820,442,1701.93,22,3610.17
71,97,2,2026-07-31,27742,1265,5020.78,43,4280.63
71,97,2,2026-08-01,13256,192,545.92,25,9584.58
71,97,2,2026-08-02,38297,3040,3464.51,48,8870.67
71,97,2,2026-08-03,33725,1731,1783.19,101,24783.47
71,97,2,2026-08-08,19830,1186,5671.43,41,7710.12
72,97,3,2025-08-21,23154,309,1272.09,10,999.04
72,97,3,2025-08-24,2439,155,558.68,21,7546.46
72,97,3,2025-08-25,4349,234,942.85,33,3066.96
72,97,3,2025-08-26,25371,1711,4489.16,31,8389.27
72,97,3,2025-08-29,48036,2304,8355.24,91,15425.03
72,97,3,2025-09-01,48164,1680,4907.48,94,32893.08
72,97,3,2025-09-02,9823,316,440.29,25,2657.84
72,97,3,2025-09-03,16757,1187,2032.32,113,35836.33
72,97,3,2025-09-07,24326,1355,4094.98,119,23583.4
72,97,3,2025-09-08,49636,2817,8741.62,401,44657.04
72,97,3,2025-09-13,49685,3019,13603.03,51,8843.36
72,97,3,2025-09-14,46882,3427,15454.37,372,60541.2
72,97,3,2025-09-17,27101,1446,6842.92,106,14208.81
72,97,3,2025-09-19,3176,65,57.09,4,664.48
72,97,3,2025-09-26,30612,1261,1123.99,24,8284.88
72,97,3,2025-09-28,11349,656,999.4,44,11030.73
72,97,3,2025-10-02,25843,635,1694.74,66,16563.75
72,97,3,2025-10-03,35600,1369,2714.54,48,3410.4
72,97,3,2025-10-12,8196,372,266.77,14,2615.65
72,97,3,2025-10-26,20592,1113,2632.38,16,2523.22
72,97,3,2025-10-27,12365,866,3373.0,10,1082.74
72,97,3,2025-11-01,21667,386,497.44,21,2376.38
72,97,3,2025-11-20,1003,37,106.43,3,1058.08
72,97,3,2025-11-21,40026,862,1491.15,102,10649.62
72,97,3,2025-11-30,49784,1719,4220.19,73,25122.74
72,97,3,2025-12-01,37198,1859,7269.54,205,30810.51
72,97,3,2025-12-04,3301,43,130.96,3,311.38
72,97,3,2025-12-06,13735,752,2190.42,53,20929.1
72,97,3,2025-12-09,10667,519,1406.97,63,13848.92
72,97,3,2025-12-16,35816,1487,5976.35,62,12215.65
72,97,3,2025-12-17,6795,312,169.37,23,7507.25
72,97,3,2025-12-20,12632,993,778.88,20,4959.16
72,97,3,2025-12-24,44014,906,1844.31,82,10083.56
72,97,3,2025-12-27,49425,1517,2930.38,157,47153.26
72,97,3,2026-01-03,46608,1134,2918.8,116,23170.23
72,97,3,2026-01-04,42055,1641,8108.2,62,10194.43
72,97,3,2026-01-05,4106,255,403.2,19,3052.92
72,97,3,2026-01-06,20268,1554,3997.2,134,41510.93
72,97,3,2026-01-14,17731,1141,5268.51,133,26231.69
72,97,3,2026-01-15,12893,565,643.78,38,10115.23
72,97,3,2026-01-17,34734,1268,2102.1,52,9729.83
72,97,3,2026-01-19,27412,2000,5186.52,46,7637.15
72,97,3,2026-01-23,21603,231,1130.01,10,3284.44
72,97,3,2026-01-25,43067,1071,975.33,86,16064.19
72,97,3,2026-01-26,26927,1656,6045.31,23,5926.04
72,97,3,2026-01-28,6662,365,1415.0,30,4859.94
72,97,3,2026-01-31,41184,2136,2312.61,155,26560.02
72,97,3,2026-02-04,22768,1759,3782.55,246,65561.54
72,97,3,2026-02-06,38079,451,1459.03,39,12525.54
72,97,3,2026-02-10,40769,3057,9955.99,97,23882.68
72,97,3,2026-02-11,5677,297,928.4,34,2781.75
72,97,3,2026-02-18,17648,495,2360.28,39,13644.3
72,97,3,2026-02-21,32348,1124,2059.84,160,30101.56
72,97,3,2026-02-26,9276,518,2524.26,13,4161.48
72,97,3,2026-03-02,41604,1852,1317.81,25,3713.26
72,97,3,2026-03-05,17641,865,3960.73,30,10477.94
72,97,3,2026-03-08,30698,2452,4792.35,363,42068.16
72,97,3,2026-03-14,17110,217,1030.17,21,5684.02
72,97,3,2026-03-16,26835,1293,5327.94,100,36040.08
72,97,3,2026-03-19,45546,1178,4871.99,32,10091.34
72,97,3,2026-03-21,1903,136,395.18,3,561.15
72,97,3,2026-03-22,30008,2036,8816.13,162,29346.76
72,97,3,2026-03-24,5856,462,2063.54,56,16818.87
72,97,3,2026-03-25,17481,617,1148.24,20,4745.91
72,97,3,2026-03-28,20534,1184,4637.54,102,23772.16
72,97,3,2026-03-29,9235,489,1579.23,13,1631.93
72,97,3,2026-03-30,1104,74,297.15,8,1659.29
72,97,3,2026-04-01,31763,1883,3217.96,79,28787.21
72,97,3,2026-04-04,44084,3081,4724.21,41,2777.16
72,97,3,2026-04-14,1320,28,78.66,1,208.6
72,97,3,2026-04-21,36194,1055,5220.72,134,26721.41
72,97,3,2026-04-24,6727,503,2087.74,66,25254.57
72,97,3,2026-04-28,15881,1090,2914.43,43,8827.71
72,97,3,2026-05-04,23149,855,1113.8,41,11721.31
72,97,3,2026-05-05,42750,3386,11471.4,48,4985.27
72,97,3,2026-05-08,28130,1254,4080.77,122,22385.82
72,97,3,2026-05-16,26816,398,456.32,18,5782.59
72,97,3,2026-05-20,16938,665,1807.64,25,8361.47
72,97,3,2026-05-25,43232,1460,6330.68,100,7158.41
72,97,3,2026-05-27,34806,655,892.78,42,7168.46
72,97,3,2026-05-30,21582,1095,4338.3,118,17278.02
72,97,3,2026-06-09,4541,274,144.34,7,2118.44
72,97,3,2026-06-11,49401,1568,1190.71,160,30608.77
72,97,3,2026-06-20,25065,355,1607.37,10,1985.51
72,97,3,2026-06-26,25832,1192,5234.61,50,9208.48
72,97,3,2026-07-01,45938,1399,1608.4,17,3151.19
72,97,3,2026-07-05,20087,1133,3485.02,121,42089.16
72,97,3,2026-07-11,17906,351,1184.72,27,8990.42
72,97,3,2026-07-15,3927,54,57.58,4,222.1
72,97,3,2026-07-27,16788,633,2300.82,50,15955.43
72,97,3,2026-08-01,14552,191,523.02,27,2871.31
72,97,3,2026-08-04,35529,1615,3140.43,104,15130.48
72,97,3,2026-08-07,41754,2383,5935.36,185,68962.81
72,97,3,2026-08-08,42272,1520,6899.78,180,46219.47
72,97,3,2026-08-10,26652,691,3316.02,79,23334.02
72,97,3,2026-08-13,27849,1131,3382.57,75,8241.59
72,97,3,2026-08-15,47178,3440,2237.39,34,9008.19
72,97,3,2026-08-16,43977,890,2223.07,66,17625.01
73,17,1,2025-08-19,33898,2612,9238.79,80,20759.5
73,17,1,2025-08-20,24956,1777,7057.82,163,25641.5
73,17,1,2025-08-24,41434,2367,5596.25,110,39368.46
73,17,1,2025-08-30,9810,151,685.31,6,441.37
73,17,1,2025-08-31,22044,1172,1983.28,57,9596.9
73,17,1,2025-09-08,21854,1333,2304.45,27,6095.04
73,17,1,2025-09-12,47207,1575,4310.0,207,23129.74
73,17,1,2025-09-23,34206,2389,10020.81,171,29943.03
73,17,1,2025-09-25,25001,1162,3397.46,160,30527.33
73,17,1,2025-09-26,22532,407,647.05,44,15434.81
73,17,1,2025-09-27,1695,91,242.57,12,4033.16
73,17,1,2025-09-28,13008,547,913.65,57,14050.69
73,17,1,2025-09-30,16690,177,880.72,7,2389.0
73,17,1,2025-10-02,5439,158,782.78,6,995.12
73,17,1,2025-10-10,38565,2550,10617.68,168,40964.89
73,17,1,2025-10-19,48094,685,759.58,95,8910.02
73,17,1,2025-10-20,26501,1616,1206.09,179,25385.8
73,17,1,2025-10-27,34588,961,4158.85,78,29049.08
73,17,1,2025-11-01,25599,1766,3920.15,198,52741.71
73,17,1,2025-11-03,7802,173,311.92,4,274.6
73,17,1,2025-11-14,21121,1123,3877.88,56,7991.17
73,17,1,2025-11-15,20840,676,3107.97,26,9442.31
73,17,1,2025-11-24,19510,1465,1654.38,191,27072.8
73,17,1,2025-11-27,3497,89,398.92,8,1054.38
73,17,1,2025-11-28,29711,1939,4321.97,57,12839.79
73,17,1,2025-12-10,23621,1178,2599.45,46,10648.54
73,17,1,2025-12-13,13473,715,3253.24,57,13853.92
73,17,1,2025-12-20,36688,1853,7709.09,238,92178.6
73,17,1,2025-12-22,30593,1986,6722.01,285,34587.84
73,17,1,2025-12-26,23199,1744,3155.63,187,58778.44
73,17,1,2025-12-30,39524,468,1861.09,17,4179.14
73,17,1,2025-12-31,16545,266,1259.08,37,2012.38
73,17,1,2026-01-06,26217,1143,4106.84,165,59635.32
73,17,1,2026-01-08,47841,2702,9191.77,129,43881.58
73,17,1,2026-01-10,2551,59,75.03,3,879.42
73,17,1,2026-01-14,1069,21,69.91,0,0.0
73,17,1,2026-01-15,10865,481,266.5,11,876.95
73,17,1,2026-01-16,36515,2841,10796.59,78,15217.45
73,17,1,2026-01-18,10362,193,809.05,24,4086.66
73,17,1,2026-01-21,4783,104,505.29,11,1439.83
73,17,1,2026-01-23,42883,1775,7332.38,259,101866.31
73,17,1,2026-01-24,29678,858,1817.5,16,4415.35
73,17,1,2026-02-03,36235,633,703.6,28,10069.52
73,17,1,2026-02-08,33480,761,2985.26,33,10388.99
73,17,1,2026-02-13,40808,3162,7781.02,419,92359.34
73,17,1,2026-02-18,29099,496,976.82,72,9274.95
73,17,1,2026-02-19,23437,1112,886.58,91,11401.88
73,17,1,2026-02-21,33777,1072,2199.74,156,59678.5
73,17,1,2026-03-05,17723,1024,2156.58,40,7048.25
73,17,1,2026-03-07,17354,220,630.08,12,1836.53
73,17,1,2026-03-08,40902,1532,7308.77,168,34441.99
73,17,1,2026-03-10,36266,2053,2007.3,216,46634.96
73,17,1,2026-03-14,22745,1302,6258.76,77,23711.17
73,17,1,2026-03-17,36303,2407,2310.57,79,11828.07
73,17,1,2026-03-19,6962,244,588.07,7,585.01
73,17,1,2026-03-20,31859,588,2057.33,37,12482.11
73,17,1,2026-03-22,46987,2321,7819.87,104,41181.18
73,17,1,2026-03-25,45253,1159,2512.72,122,28827.52
73,17,1,2026-03-29,11643,361,1524.86,30,2999.67
73,17,1,2026-03-30,35902,1281,2112.06,137,48124.61
73,17,1,2026-04-12,32297,1620,6889.81,168,14900.73
73,17,1,2026-04-17,29100,610,2902.18,53,19813.54
73,17,1,2026-04-18,37636,1511,3554.8,212,73626.36
73,17,1,2026-04-27,17048,1104,3449.52,143,54669.76
73,17,1,2026-05-17,9560,113,417.35,4,787.75
73,17,1,2026-05-18,39953,2032,9708.53,126,36211.64
73,17,1,2026-05-20,36352,2155,10088.76,116,27138.31
73,17,1,2026-05-30,15630,586,1905.71,44,4205.09
73,17,1,2026-05-31,18896,684,1025.12,84,14893.97
73,17,1,2026-06-08,8854,428,1763.21,25,2253.64
73,17,1,2026-06-11,48457,3353,9534.28,244,31654.77
73,17,1,2026-06-15,9633,400,431.14,19,2016.34
73,17,1,2026-06-17,23016,383,1685.77,30,1684.37
73,17,1,2026-06-20,46360,613,1562.82,91,14992.83
73,17,1,2026-06-24,43920,2552,8992.3,232,11682.53
73,17,1,2026-06-27,41861,1752,6968.09,144,51883.44
73,17,1,2026-06-29,21179,758,565.3,55,7396.06
73,17,1,2026-07-01,48725,2707,2170.01,159,37577.89
73,17,1,2026-07-04,40758,2640,2392.37,147,29981.01
73,17,1,2026-07-07,41968,1274,6206.58,62,5449.4
73,17,1,2026-07-08,23677,1389,4823.04,182,30272.04
73,17,1,2026-07-09,29480,1784,5639.88,82,17762.29
73,17,1,2026-07-10,44324,1685,2128.57,47,8311.63
73,17,1,2026-07-12,36510,460,1656.62,21,2771.11
73,17,1,2026-07-18,3869,241,378.39,3,509.18
73,17,1,2026-07-19,7820,444,1669.16,9,933.94
73,17,1,2026-07-21,39303,2218,8466.13,90,9258.11
73,17,1,2026-07-23,10155,272,1262.3,5,1264.84
73,17,1,2026-07-24,41321,1031,3241.84,147,8912.28
73,17,1,2026-07-30,12178,546,1233.46,20,6942.34
73,17,1,2026-07-31,14833,1048,3262.72,125,19792.49
73,17,1,2026-08-01,30675,398,1565.64,5,1052.55
73,17,1,2026-08-05,25838,1289,1386.06,21,2838.92
73,17,1,2026-08-15,43499,1214,793.85,129,18410.75
73,17,1,2026-08-18,25053,575,424.58,85,26182.06
74,17,2,2025-08-26,32850,2401,5725.77,112,29441.82
74,17,2,2025-08-30,34237,2272,1173.84,333,132068.81
74,17,2,2025-09-03,26667,1625,1057.91,116,29876.88
74,17,2,2025-09-05,45449,2359,5588.05,232,51953.11
74,17,2,2025-09-13,38062,2854,7232.0,49,7317.32
74,17,2,2025-09-19,47851,2855,3437.19,313,33062.66
74,17,2,2025-09-22,47326,805,2498.65,59,7973.22
74,17,2,2025-09-26,1591,108,305.41,11,3537.89
74,17,2,2025-09-27,31229,2447,6364.83,106,36451.23
74,17,2,2025-09-30,24206,249,366.01,20,4313.3
74,17,2,2025-10-10,8069,604,1049.84,37,13354.0
74,17,2,2025-10-14,12784,264,181.83,28,7438.92
74,17,2,2025-10-27,9970,298,384.94,17,4282.53
74,17,2,2025-11-01,9357,398,1090.07,21,3840.21
74,17,2,2025-11-04,41724,2781,8092.19,336,126808.26
74,17,2,2025-11-06,42271,1117,2232.14,16,1336.03
74,17,2,2025-11-13,9102,196,938.88,10,2765.42
74,17,2,2025-11-15,20833,924,3589.26,63,14021.19
74,17,2,2025-11-19,12493,283,338.23,11,730.48
74,17,2,2025-11-20,29029,418,2047.87,50,5091.78
74,17,2,2025-11-23,24529,1287,4594.94,113,8901.0
74,17,2,2025-11-25,44192,3061,1641.49,236,47705.94
74,17,2,2025-11-27,20220,1287,5989.26,34,3368.88
74,17,2,2025-12-02,12791,383,893.49,8,498.09
74,17,2,2025-12-12,3329,93,101.37,9,1195.16
74,17,2,2025-12-14,10497,797,2838.88,115,41895.33
74,17,2,2025-12-15,9893,750,2123.92,88,8172.24
74,17,2,2025-12-16,41629,1713,2647.84,241,80601.02
74,17,2,2025-12-21,18561,1109,2556.59,61,5269.72
74,17,2,2025-12-22,30429,2081,7249.31,120,8563.2
74,17,2,2025-12-23,43695,2867,8673.99,265,45640.51
74,17,2,2025-12-26,3575,117,565.42,9,2237.65
74,17,2,2025-12-29,37359,1095,4549.08,143,21558.64
74,17,2,2025-12-31,8733,195,335.05,24,2909.72
74,17,2,2026-01-01,49904,3263,1867.18,89,12167.53
74,17,2,2026-01-05,36428,642,820.46,28,10271.89
74,17,2,2026-01-11,49557,852,4136.31,108,36457.84
74,17,2,2026-01-13,48158,3656,7260.94,374,125861.3
74,17,2,2026-01-15,21357,1601,3054.7,63,16307.14
74,17,2,2026-01-16,30776,1409,4340.12,182,38848.68
74,17,2,2026-01-18,34848,671,1317.94,83,27230.38
74,17,2,2026-01-22,34542,1555,5958.79,206,73697.29
74,17,2,2026-01-26,42888,3359,15983.97,406,29887.21
74,17,2,2026-01-27,28603,1549,5820.14,111,34134.49
74,17,2,2026-01-30,43867,2144,4510.39,308,69771.63
74,17,2,2026-02-08,47055,2735,4636.79,214,47398.4
74,17,2,2026-02-09,11857,586,633.22,37,6587.45
74,17,2,2026-02-12,35944,1077,4599.54,83,24186.35
74,17,2,2026-02-16,30004,2394,4684.21,37,2290.96
74,17,2,2026-03-06,32551,649,2742.32,90,29769.5
74,17,2,2026-03-14,21950,856,3802.27,62,22300.92
74,17,2,2026-03-18,20502,310,445.49,25,3444.61
74,17,2,2026-03-22,25284,528,1853.48,18,3507.16
74,17,2,2026-03-27,17504,788,2899.23,86,16531.21
74,17,2,2026-03-30,38250,3036,7424.26,232,75170.46
74,17,2,2026-04-02,4421,113,105.67,6,1123.03
74,17,2,2026-04-13,45754,1972,1578.17,257,91496.95
74,17,2,2026-04-16,49641,854,2006.89,19,3785.94
74,17,2,2026-04-17,15626,742,3315.49,68,17498.39
74,17,2,2026-04-22,42556,2928,13065.06,389,110332.22
74,17,2,2026-04-28,46438,3295,9320.32,257,51282.97
74,17,2,2026-04-30,38132,1305,6074.45,114,18575.27
74,17,2,2026-05-08,24024,1361,3710.79,62,18849.74
74,17,2,2026-05-13,37559,2723,8496.79,180,37442.41
74,17,2,2026-05-15,37642,1290,818.07,133,27515.56
74,17,2,2026-05-31,41423,2993,11940.02,189,18064.56
74,17,2,2026-06-04,1167,42,68.99,5,1184.36
74,17,2,2026-06-13,15751,1200,4771.81,139,27148.47
74,17,2,2026-06-18,21456,1100,3220.89,119,30228.36
74,17,2,2026-06-19,49728,3744,5989.04,549,216896.0
74,17,2,2026-06-20,2264,178,152.02,5,1983.01
74,17,2,2026-06-23,17302,216,275.89,28,8863.93
74,17,2,2026-06-27,42286,1254,4357.28,67,23297.91
74,17,2,2026-07-06,13061,969,3006.23,72,9877.47
74,17,2,2026-07-11,49229,3806,5498.67,206,80419.78
74,17,2,2026-07-12,26609,390,1532.48,46,13024.04
74,17,2,2026-07-25,23970,1727,3299.44,102,40613.15
74,17,2,2026-08-04,3726,88,296.93,9,2582.28
74,17,2,2026-08-06,34032,939,2882.42,106,32013.74
74,17,2,2026-08-13,9598,273,654.73,32,4460.91
74,17,2,2026-08-17,7225,522,1267.59,45,6062.71
74,17,2,2026-08-18,27854,833,2552.95,37,2569.31
75,17,3,2025-08-19,32204,1043,1492.9,63,22531.17
75,17,3,2025-08-20,21723,1258,4275.46,85,6885.75
75,17,3,2025-08-22,21712,573,294.5,23,6138.11
75,17,3,2025-08-27,25815,1240,4321.19,140,32857.8
75,17,3,2025-08-29,20483,1562,1953.55,121,36250.06
75,17,3,2025-09-02,45967,3216,5203.93,400,85044.05
75,17,3,2025-09-04,15213,1136,5169.26,139,20551.67
75,17,3,2025-09-07,20710,929,645.56,43,2883.64
75,17,3,2025-09-09,35287,683,1877.09,8,904.43
75,17,3,2025-09-13,10660,437,1797.94,61,15985.92
75,17,3,2025-09-15,38466,1264,3558.47,144,39466.23
75,17,3,2025-09-16,1163,27,31.86,1,372.24
75,17,3,2025-09-20,35453,518,432.94,63,13525.19
75,17,3,2025-09-28,27736,1688,6988.22,247,29912.47
75,17,3,2025-09-29,31845,1505,6638.61,47,9341.95
75,17,3,2025-10-02,46146,1868,2822.34,191,33033.3
75,17,3,2025-10-05,19946,1208,949.81,156,60364.79
75,17,3,2025-10-06,38001,638,3078.75,46,10917.97
75,17,3,2025-10-08,15855,236,770.73,28,9748.04
75,17,3,2025-10-11,21457,1452,3306.36,71,24694.36
75,17,3,2025-10-13,25512,1632,8056.97,137,41326.45
75,17,3,2025-10-22,11333,835,1424.33,59,7311.45
75,17,3,2025-10-24,47558,3230,6338.83,484,30275.12
75,17,3,2025-10-26,27591,1073,3746.09,94,21354.04
75,17,3,2025-10-30,29276,1467,1803.88,65,12264.0
75,17,3,2025-11-04,40892,447,228.29,43,7045.55
75,17,3,2025-11-05,5633,425,700.03,19,4062.1
75,17,3,2025-11-06,31192,2131,10209.45,131,8025.75
75,17,3,2025-11-13,21171,902,2490.85,49,3432.11
75,17,3,2025-11-15,48454,2081,5667.94,69,12747.43
75,17,3,2025-11-24,24937,807,2601.11,97,35456.07
75,17,3,2025-12-01,5574,204,605.14,10,1925.99
75,17,3,2025-12-06,41717,1183,2407.91,20,7672.85
75,17,3,2025-12-17,38222,885,3499.09,23,1853.33
75,17,3,2025-12-19,34070,1188,1106.5,115,31767.49
75,17,3,2025-12-29,27194,1500,6268.35,80,22941.87
75,17,3,2025-12-30,23646,1788,8195.94,83,23075.63
75,17,3,2026-01-03,19037,1343,3812.31,19,7322.3
75,17,3,2026-01-08,49189,1592,4017.23,77,25601.33
75,17,3,2026-01-15,48954,3832,11587.07,328,127981.38
75,17,3,2026-01-18,10939,220,364.21,23,5272.81
75,17,3,2026-01-20,1915,117,492.38,1,323.76
75,17,3,2026-01-22,22830,715,1180.06,22,3050.72
75,17,3,2026-01-29,19941,1349,5798.38,147,54162.65
75,17,3,2026-01-30,23635,462,1190.63,24,3391.08
75,17,3,2026-02-02,2351,92,117.2,9,1773.99
75,17,3,2026-02-03,7572,116,549.47,7,406.55
75,17,3,2026-02-06,45423,1571,7574.01,211,12139.86
75,17,3,2026-02-10,47466,498,2173.34,9,1225.17
75,17,3,2026-02-19,44308,3510,8728.55,399,103663.6
75,17,3,2026-02-20,33166,748,1729.23,40,5448.1
75,17,3,2026-02-23,48829,1613,6055.62,146,35092.24
75,17,3,2026-03-03,40610,2094,5569.89,269,18790.41
75,17,3,2026-03-05,28140,457,2201.82,51,11377.52
75,17,3,2026-03-11,18786,1212,3664.18,81,27309.86
75,17,3,2026-03-15,18843,1450,6374.05,49,16603.4
75,17,3,2026-03-19,46274,840,2466.62,52,16374.75
75,17,3,2026-03-22,32897,458,1725.65,10,908.85
75,17,3,2026-03-23,35810,2367,11024.74,106,35796.29
75,17,3,2026-03-24,23001,1249,1514.29,92,15562.77
75,17,3,2026-03-27,20233,1031,1523.07,117,8823.03
75,17,3,2026-04-02,2019,142,535.85,3,508.74
75,17,3,2026-04-13,23309,1326,1404.62,125,43159.49
75,17,3,2026-04-14,40622,2124,4298.62,237,54697.37
75,17,3,2026-04-16,34607,1578,3413.66,129,44995.45
75,17,3,2026-04-19,35148,2230,9178.19,66,24992.87
75,17,3,2026-04-26,23460,886,945.94,115,29140.47
75,17,3,2026-04-27,29934,1419,3018.09,179,59331.47
75,17,3,2026-05-13,15233,431,1578.03,61,19342.97
75,17,3,2026-05-14,40492,2732,6369.21,185,71826.22
75,17,3,2026-05-21,33397,501,1089.67,19,2823.11
75,17,3,2026-05-25,36364,2584,10662.72,33,11844.94
75,17,3,2026-05-29,12520,309,610.09,38,10855.09
75,17,3,2026-06-01,20617,1631,2050.05,181,18864.85
75,17,3,2026-06-05,47801,3733,11996.86,39,4795.4
75,17,3,2026-06-06,47275,2316,3300.83,157,17374.21
75,17,3,2026-06-12,30472,800,1411.4,66,19018.98
75,17,3,2026-06-18,36194,790,694.03,20,5927.14
75,17,3,2026-06-26,12848,199,129.65,17,5292.36
75,17,3,2026-07-05,33464,960,937.87,76,24294.78
75,17,3,2026-07-07,3830,138,673.36,13,4833.33
75,17,3,2026-07-08,25646,473,979.51,14,5474.17
75,17,3,2026-07-12,16863,294,659.9,38,11313.24
75,17,3,2026-07-17,27326,1669,3775.15,117,41615.41
75,17,3,2026-07-18,40829,1245,704.99,73,25681.77
75,17,3,2026-07-21,34952,981,3967.84,139,28556.96
75,17,3,2026-07-22,15585,827,3594.3,57,17858.1
75,17,3,2026-07-28,32505,1313,1457.39,148,55983.32
75,17,3,2026-08-01,36416,2138,2045.75,288,34513.37
75,17,3,2026-08-17,20494,325,654.5,34,11358.77
76,60,1,2025-08-21,13584,190,464.77,7,444.5
76,60,1,2025-08-22,13364,964,2535.02,13,4765.64
76,60,1,2025-08-24,6069,187,676.05,8,2064.15
76,60,1,2025-08-28,25525,1794,3995.42,211,36234.1
76,60,1,2025-08-29,34014,1220,2091.57,150,32558.7
76,60,1,2025-09-01,41268,1862,1498.89,67,9815.18
76,60,1,2025-09-03,31448,1581,4295.18,111,39529.9
76,60,1,2025-09-07,2447,61,111.66,4,1179.49
76,60,1,2025-09-16,46107,1205,5466.95,68,21267.87
76,60,1,2025-09-25,21779,1048,2951.49,122,16101.44
76,60,1,2025-09-30,34673,1433,4909.95,175,68202.02
76,60,1,2025-10-05,47769,972,3874.15,67,5512.76
76,60,1,2025-10-08,49582,2478,11640.2,339,111009.95
76,60,1,2025-10-10,23395,886,1090.01,24,3550.32
76,60,1,2025-10-13,39641,1420,3219.09,172,50683.05
76,60,1,2025-10-14,18164,649,1696.27,96,34882.01
76,60,1,2025-10-20,20790,1364,4882.23,129,48476.83
76,60,1,2025-10-21,9726,177,197.12,14,818.14
76,60,1,2025-10-23,4591,146,127.71,17,3170.05
76,60,1,2025-10-26,10036,261,666.71,29,9310.98
76,60,1,2025-10-28,20864,383,1019.69,15,4151.67
76,60,1,2025-10-29,33572,531,1396.07,37,5891.08
76,60,1,2025-11-02,46927,3254,6675.4,187,62295.3
76,60,1,2025-11-07,7541,125,587.37,7,1320.69
76,60,1,2025-11-08,5512,184,138.55,26,1678.38
76,60,1,2025-11-13,21722,1094,2533.68,80,16082.42
76,60,1,2025-11-16,24172,1663,4998.09,40,11714.01
76,60,1,2025-11-19,17561,1290,3944.71,45,13347.24
76,60,1,2025-11-27,25456,683,3282.86,63,12692.86
76,60,1,2025-11-29,21950,1214,3676.3,73,23773.99
76,60,1,2025-12-02,23943,1387,2500.64,123,28320.06
76,60,1,2025-12-04,31867,478,1827.31,14,2380.66
76,60,1,2025-12-10,30726,527,2182.84,44,12398.91
76,60,1,2025-12-15,46235,2267,9461.97,50,10994.81
76,60,1,2025-12-17,1294,27,77.63,2,250.68
76,60,1,2025-12-19,42576,429,1455.38,33,2912.12
76,60,1,2025-12-20,36768,2921,9594.56,46,16595.51
76,60,1,2025-12-22,30801,1813,3868.71,228,42655.78
76,60,1,2025-12-27,43408,1352,3460.37,69,20642.82
76,60,1,2025-12-30,31795,1852,7627.6,248,14173.59
76,60,1,2026-01-19,6029,82,245.0,12,2373.77
76,60,1,2026-01-21,28213,513,528.13,43,2799.29
76,60,1,2026-01-26,21382,1012,561.36,109,10864.26
76,60,1,2026-01-29,46530,2984,8594.9,389,132179.55
76,60,1,2026-02-01,40500,883,1651.9,40,2658.9
76,60,1,2026-02-02,41774,1514,4464.11,88,27275.98
76,60,1,2026-02-17,4332,190,908.85,3,653.41
76,60,1,2026-02-20,23907,886,1777.45,109,24585.64
76,60,1,2026-02-21,44289,3471,14738.47,389,84698.96
76,60,1,2026-02-25,29075,519,2234.32,25,4520.03
76,60,1,2026-03-01,9991,174,768.47,23,4150.49
76,60,1,2026-03-03,10001,382,958.02,19,6691.03
76,60,1,2026-03-05,34275,2492,3532.59,337,99809.45
76,60,1,2026-03-12,14775,928,3776.49,45,7414.79
76,60,1,2026-03-17,6687,223,673.3,23,6301.81
76,60,1,2026-03-23,18758,709,766.94,8,815.91
76,60,1,2026-03-26,49929,1300,4202.0,175,12952.14
76,60,1,2026-03-28,25360,2010,1647.16,198,42364.42
76,60,1,2026-03-30,26039,1705,7810.55,240,84579.68
76,60,1,2026-04-01,49370,717,1434.46,88,31551.9
76,60,1,2026-04-02,32400,987,3327.52,78,7618.96
76,60,1,2026-04-09,8411,400,1648.66,58,19482.1
76,60,1,2026-04-14,37817,1353,4272.26,177,65087.87
76,60,1,2026-04-18,17278,983,2700.59,38,4237.63
76,60,1,2026-04-20,20292,1033,847.24,11,1555.94
76,60,1,2026-04-21,7349,317,1058.14,16,6367.75
76,60,1,2026-04-23,41969,3139,3610.81,250,82043.51
76,60,1,2026-04-25,7412,167,202.94,12,3270.8
76,60,1,2026-04-29,17966,1273,3753.29,56,21855.66
76,60,1,2026-05-01,27547,1071,2638.8,108,30148.09
76,60,1,2026-05-05,28372,1858,6459.05,118,8786.8
76,60,1,2026-05-09,27315,1076,1280.73,65,18313.77
76,60,1,2026-05-13,29614,1080,3302.29,96,26626.09
76,60,1,2026-05-14,37473,2209,4152.59,133,14617.73
76,60,1,2026-05-16,17215,275,1100.3,31,6005.06
76,60,1,2026-05-19,16080,1181,4281.5,116,30378.94
76,60,1,2026-05-20,1843,63,231.27,5,1951.16
76,60,1,2026-05-23,35405,1908,3601.22,194,58245.22
76,60,1,2026-05-31,7949,247,509.9,36,3545.52
76,60,1,2026-06-03,35468,1377,5942.87,166,60963.71
76,60,1,2026-06-08,20129,844,3637.75,44,13977.5
76,60,1,2026-06-12,34971,758,1873.66,87,21994.43
76,60,1,2026-06-15,32557,1422,5133.99,200,61125.46
76,60,1,2026-06-19,2709,65,85.98,5,459.02
76,60,1,2026-06-24,8162,487,1708.24,17,3624.4
76,60,1,2026-06-25,6763,100,119.42,11,702.57
76,60,1,2026-06-27,6213,200,376.9,17,5887.54
76,60,1,2026-07-05,3730,274,995.18,29,3038.18
76,60,1,2026-07-08,9720,518,2208.8,64,21883.89
76,60,1,2026-07-09,23686,900,3060.15,39,9500.15
76,60,1,2026-07-16,43730,625,1354.64,50,2521.95
76,60,1,2026-07-18,31460,1608,3883.21,33,10084.64
76,60,1,2026-07-19,49149,3648,8704.12,429,141541.61
76,60,1,2026-07-20,34095,597,1040.36,54,18190.98
76,60,1,2026-07-24,27973,484,2084.87,26,7256.53
76,60,1,2026-07-27,21777,1080,5151.45,150,13457.32
76,60,1,2026-07-29,21622,1570,7657.16,175,29761.95
76,60,1,2026-07-30,6899,308,1504.68,13,5137.27
76,60,1,2026-08-02,40449,2594,8795.06,269,71758.12
76,60,1,2026-08-03,42378,2180,6723.54,204,80677.11
76,60,1,2026-08-05,45052,1201,1517.39,119,22323.77
76,60,1,2026-08-09,42353,1858,7144.23,18,2354.06
77,60,2,2025-08-21,27683,1463,6381.09,69,9519.17
77,60,2,2025-08-23,19085,554,1178.81,72,20577.86
77,60,2,2025-08-27,15554,819,2605.42,73,4545.58
77,60,2,2025-08-28,17855,822,3364.15,47,9440.51
77,60,2,2025-09-09,35106,1758,7742.8,163,50521.61
77,60,2,2025-09-13,11202,640,764.95,28,1445.59
77,60,2,2025-09-19,25891,1029,2809.94,75,10569.32
77,60,2,2025-09-20,9713,721,573.3,60,16433.91
77,60,2,2025-09-21,19667,503,876.58,27,6255.29
77,60,2,2025-09-23,40420,1265,919.44,13,4492.71
77,60,2,2025-09-25,33778,2229,7541.32,195,46141.1
77,60,2,2025-09-29,17566,1357,2411.83,190,57992.29
77,60,2,2025-09-30,45923,1636,1718.39,37,2073.1
77,60,2,2025-10-08,11426,671,2763.81,15,3838.65
77,60,2,2025-10-09,46573,2736,10746.28,217,33551.3
77,60,2,2025-10-12,29300,558,1810.24,29,7804.56
77,60,2,2025-10-31,20060,1389,5466.35,78,20455.2
77,60,2,2025-11-01,5296,190,597.82,3,1176.98
77,60,2,2025-11-02,19550,1216,3240.42,116,32476.34
77,60,2,2025-11-03,41538,1900,4186.17,88,24047.92
77,60,2,2025-11-04,34594,761,3022.9,94,35614.62
77,60,2,2025-11-06,38309,1063,2377.29,83,17641.67
77,60,2,2025-11-08,45215,1082,4906.72,61,11513.51
77,60,2,2025-11-09,21950,809,887.91,27,4073.49
77,60,2,2025-11-14,49836,3912,3624.54,471,175126.2
77,60,2,2025-11-20,5236,206,886.81,25,5706.8
77,60,2,2025-11-29,21534,937,2864.79,10,2784.19
77,60,2,2025-12-02,9583,352,1713.81,42,7750.17
77,60,2,2025-12-05,4510,271,749.73,17,1467.58
77,60,2,2025-12-10,37154,860,1591.94,54,6392.62
77,60,2,2025-12-13,15060,232,991.09,17,4142.46
77,60,2,2025-12-19,10597,671,394.09,32,11251.97
77,60,2,2025-12-20,27397,1656,1577.62,67,13297.62
77,60,2,2025-12-23,12856,512,2340.56,76,27096.2
77,60,2,2026-01-02,30929,560,2602.82,81,28578.33
77,60,2,2026-01-04,33461,2143,3829.29,289,98923.38
77,60,2,2026-01-05,16595,528,870.51,20,2770.71
77,60,2,2026-01-09,40313,1356,2616.38,160,51820.43
77,60,2,2026-01-14,13146,246,139.92,20,3062.85
77,60,2,2026-01-17,2003,41,123.97,2,371.5
77,60,2,2026-01-18,14572,1073,3800.8,68,5546.88
77,60,2,2026-01-19,31261,2100,6209.91,90,32809.96
77,60,2,2026-01-20,12264,518,1615.58,48,10260.33
77,60,2,2026-01-28,16340,931,4300.01,117,21786.06
77,60,2,2026-02-03,4821,86,257.42,5,1890.75
77,60,2,2026-02-08,46006,909,1227.39,67,26318.16
77,60,2,2026-02-11,31847,2162,5984.12,266,54369.18
77,60,2,2026-02-12,30924,966,2397.96,73,28577.06
77,60,2,2026-02-19,11176,116,398.73,5,1427.74
77,60,2,2026-02-20,20809,475,1479.55,24,3724.48
77,60,2,2026-02-21,28195,1441,5534.82,19,1716.9
77,60,2,2026-02-22,18932,1170,3152.97,130,31332.05
77,60,2,2026-02-28,9118,305,324.69,35,13621.55
77,60,2,2026-03-01,33514,1771,3957.21,40,3402.0
77,60,2,2026-03-06,5723,390,1544.41,28,5525.48
77,60,2,2026-03-07,11843,353,924.37,23,6609.02
77,60,2,2026-03-09,45080,1486,5385.88,196,70658.1
77,60,2,2026-03-15,23528,1660,3914.62,240,65007.32
77,60,2,2026-03-19,12764,540,1028.39,20,6944.52
77,60,2,2026-03-21,12339,211,657.67,4,825.56
77,60,2,2026-03-23,34911,2594,11365.86,261,52874.75
77,60,2,2026-03-24,11283,886,4040.51,27,9429.8
77,60,2,2026-03-26,7448,289,659.68,18,4658.32
77,60,2,2026-03-29,19685,525,268.17,15,1129.26
77,60,2,2026-03-31,45758,492,2451.37,31,4213.19
77,60,2,2026-04-02,6915,525,1118.74,41,5459.1
77,60,2,2026-04-03,9590,437,1006.52,30,8360.47
77,60,2,2026-04-08,18250,513,2409.7,5,1168.54
77,60,2,2026-04-09,20853,1065,550.41,14,5533.74
77,60,2,2026-04-10,25485,1885,8806.1,137,35725.91
77,60,2,2026-04-13,46998,2343,10055.76,271,72978.86
77,60,2,2026-04-15,28046,1105,2688.77,33,1805.66
77,60,2,2026-04-21,9132,128,272.6,8,3153.29
77,60,2,2026-04-28,12718,834,2091.25,43,6573.31
77,60,2,2026-05-06,39615,1308,2311.31,106,15107.76
77,60,2,2026-05-07,43356,2944,8588.77,292,80610.19
77,60,2,2026-05-21,29485,1735,4798.17,136,49641.61
77,60,2,2026-05-31,21751,1633,7637.0,187,48090.27
77,60,2,2026-06-05,41138,1079,4458.78,18,7146.5
77,60,2,2026-06-08,16910,1249,3037.03,125,37205.89
77,60,2,2026-06-15,12703,460,1014.72,36,10333.23
77,60,2,2026-06-18,22718,1291,5297.12,70,25773.43
77,60,2,2026-06-23,14133,698,2251.9,92,19848.12
77,60,2,2026-07-02,49814,1466,4807.61,65,20029.8
77,60,2,2026-07-05,49950,2604,3040.89,27,1482.98
77,60,2,2026-07-10,20844,1516,3124.47,40,14476.24
77,60,2,2026-07-15,9175,653,1274.79,77,28033.89
77,60,2,2026-07-17,37155,2432,10977.67,146,39513.65
77,60,2,2026-07-28,31889,2239,8884.05,278,52630.31
77,60,2,2026-07-30,44410,2000,7043.93,199,23078.13
77,60,2,2026-08-01,7718,378,535.37,14,3770.05
77,60,2,2026-08-03,44415,3444,2088.95,244,60251.42
77,60,2,2026-08-10,21804,1335,2034.06,91,12821.53
77,60,2,2026-08-14,12526,515,2157.66,65,13809.99
77,60,2,2026-08-18,25186,378,707.79,11,897.7
78,60,3,2025-08-20,16371,628,1509.9,50,6393.84
78,60,3,2025-08-22,29458,819,3611.98,77,23337.1
78,60,3,2025-08-23,25866,1183,3863.4,74,26995.7
78,60,3,2025-09-03,37795,503,1048.48,24,2736.66
78,60,3,2025-09-11,23190,1400,1638.02,138,22495.49
78,60,3,2025-09-16,12311,414,1124.12,52,4335.77
78,60,3,2025-09-18,41161,1207,4946.46,120,36769.22
78,60,3,2025-09-25,42704,2620,5758.85,122,31923.76
78,60,3,2025-09-27,6724,103,101.55,9,597.45
78,60,3,2025-09-28,16164,342,1312.61,22,2906.61
78,60,3,2025-10-01,19485,1104,848.46,84,27405.75
78,60,3,2025-10-04,4080,312,1439.0,6,1005.23
78,60,3,2025-10-06,39545,1464,6277.0,61,4331.82
78,60,3,2025-10-07,38646,1028,3137.48,66,23355.75
78,60,3,2025-10-09,43323,3275,10499.56,277,37068.13
78,60,3,2025-10-16,5778,243,164.05,15,1079.29
78,60,3,2025-10-21,4060,242,1178.24,4,918.25
78,60,3,2025-10-27,1520,82,173.09,1,342.69
78,60,3,2025-11-03,2438,132,182.52,13,4038.45
78,60,3,2025-11-04,30866,1691,1916.88,100,30425.15
78,60,3,2025-11-06,5882,68,141.65,8,2223.63
78,60,3,2025-11-13,46421,755,1480.69,22,5423.99
78,60,3,2025-11-17,49998,2143,5851.68,24,8376.4
78,60,3,2025-11-18,11674,133,654.84,11,1700.47
78,60,3,2025-11-21,5555,151,354.68,13,4608.46
78,60,3,2025-11-22,4655,288,645.25,42,2964.76
78,60,3,2025-11-28,49537,1426,4306.99,164,63267.78
78,60,3,2025-12-01,38969,2551,6769.75,52,3894.13
78,60,3,2025-12-02,22013,1441,3081.33,169,32423.94
78,60,3,2025-12-06,38328,1045,1567.24,150,29519.6
78,60,3,2025-12-10,39146,1461,5063.94,158,41852.23
78,60,3,2025-12-12,16493,572,712.78,11,3942.24
78,60,3,2025-12-18,25154,1875,5260.8,214,80566.09
78,60,3,2025-12-23,46247,3005,7371.98,119,30153.63
78,60,3,2025-12-25,5299,255,510.1,36,12099.89
78,60,3,2025-12-27,27618,388,340.73,41,13199.0
78,60,3,2026-01-02,25918,2071,10011.53,268,60664.69
78,60,3,2026-01-12,26231,1325,4513.99,153,31475.47
78,60,3,2026-01-14,25379,748,1961.21,89,17191.26
78,60,3,2026-01-16,44660,3389,15709.84,455,84614.81
78,60,3,2026-01-17,19682,748,3078.83,61,22123.93
78,60,3,2026-01-18,31348,2216,4000.64,216,14959.53
78,60,3,2026-01-21,2146,118,403.73,8,745.6
78,60,3,2026-01-22,38135,2419,2734.16,140,16524.12
78,60,3,2026-01-24,20686,507,387.2,69,11497.08
78,60,3,2026-01-26,9275,638,2368.19,65,21023.7
78,60,3,2026-01-29,22042,1379,3338.22,196,73835.27
78,60,3,2026-02-04,7760,387,451.39,21,2668.94
78,60,3,2026-02-07,22202,1622,6270.86,28,4067.58
78,60,3,2026-02-10,35547,417,476.45,15,1065.59
78,60,3,2026-02-11,9746,106,238.8,9,2526.65
78,60,3,2026-02-12,14893,368,1685.57,37,8360.91
78,60,3,2026-02-13,5934,325,464.09,46,17543.03
78,60,3,2026-02-24,20109,1318,6456.66,146,19869.01
78,60,3,2026-03-02,34834,2756,5477.26,303,59829.37
78,60,3,2026-03-03,31779,2324,5648.89,256,93924.56
78,60,3,2026-03-05,23044,885,714.71,35,13366.97
78,60,3,2026-03-08,11179,480,2101.59,56,16953.04
78,60,3,2026-03-13,2658,112,298.36,8,668.67
78,60,3,2026-03-19,35097,1785,2388.97,207,56092.01
78,60,3,2026-03-21,15487,238,412.18,10,2524.84
78,60,3,2026-03-28,14819,943,928.7,97,22687.21
78,60,3,2026-04-04,14320,724,1176.58,49,12007.28
78,60,3,2026-04-12,18014,1199,2054.63,121,37002.64
78,60,3,2026-04-19,13501,531,627.81,51,16602.41
78,60,3,2026-04-22,16499,1230,4745.06,133,23128.95
78,60,3,2026-04-26,27881,1284,2086.2,107,18190.6
78,60,3,2026-04-27,28355,2037,1166.84,49,2878.55
78,60,3,2026-04-29,12214,526,1197.63,36,7075.23
78,60,3,2026-05-09,15363,1062,4165.62,113,34793.75
78,60,3,2026-05-10,40975,1478,4762.13,61,16667.8
78,60,3,2026-05-11,17359,881,3679.21,48,3541.46
78,60,3,2026-05-12,21414,1436,2454.26,128,30660.3
78,60,3,2026-05-15,3899,181,299.3,12,2247.72
78,60,3,2026-05-16,31049,1653,2104.43,50,8767.92
78,60,3,2026-05-17,35031,1542,1160.43,198,66778.84
78,60,3,2026-05-21,14491,613,2215.05,22,5608.24
78,60,3,2026-05-30,16023,448,229.23,65,14254.55
78,60,3,2026-06-02,35873,1039,3712.22,108,38466.69
78,60,3,2026-06-05,27101,358,243.3,38,14519.43
78,60,3,2026-06-07,48460,3114,13489.4,46,12535.59
78,60,3,2026-06-12,26562,1950,6251.42,114,20423.36
78,60,3,2026-06-18,19397,831,866.19,26,1563.44
78,60,3,2026-06-19,9336,308,500.85,31,8865.05
78,60,3,2026-06-22,11014,398,1197.6,39,6156.89
78,60,3,2026-06-29,8132,152,449.64,7,1162.13
78,60,3,2026-06-30,22501,1398,4052.99,18,6690.47
78,60,3,2026-07-02,26343,1917,9251.71,106,14962.83
78,60,3,2026-07-07,5969,325,737.38,48,5870.95
78,60,3,2026-07-08,32226,497,661.43,29,10924.8
78,60,3,2026-07-11,15922,1027,3022.61,120,36393.94
78,60,3,2026-07-17,30802,1006,1664.92,91,15047.85
78,60,3,2026-07-23,28774,2134,3241.6,284,63358.95
78,60,3,2026-07-24,13487,493,2008.74,14,3291.52
78,60,3,2026-07-27,45689,1575,6076.24,25,2528.44
78,60,3,2026-07-28,23340,1233,1716.42,168,59288.83
78,60,3,2026-07-31,46927,1054,4499.46,153,57488.95
78,60,3,2026-08-05,6468,470,1065.07,31,1749.98
78,60,3,2026-08-07,33849,2470,1381.4,338,21544.73
78,60,3,2026-08-08,6104,148,269.12,6,1201.17
78,60,3,2026-08-18,26750,907,1155.58,80,9350.6
79,80,1,2025-08-19,6405,129,516.29,9,2482.39
79,80,1,2025-08-20,33530,2573,5609.93,25,5422.26
79,80,1,2025-08-26,32654,1448,843.28,106,17446.26
79,80,1,2025-08-27,14351,329,1475.08,7,2785.57
79,80,1,2025-08-30,39804,1852,7405.56,174,13372.62
79,80,1,2025-09-01,3983,182,246.23,3,803.13
79,80,1,2025-09-02,31146,2252,5611.89,294,43069.83
79,80,1,2025-09-13,21234,1619,2836.43,38,7537.36
79,80,1,2025-09-14,4884,318,1383.04,7,2072.46
79,80,1,2025-09-16,27092,1813,8592.01,103,9150.01
79,80,1,2025-09-19,6714,253,891.17,29,4517.38
79,80,1,2025-09-21,35683,1974,7779.49,46,16412.26
79,80,1,2025-09-22,33594,2552,8724.65,226,44780.97
79,80,1,2025-09-26,27473,1263,1292.17,25,1540.26
79,80,1,2025-10-01,10308,240,448.74,33,3367.47
79,80,1,2025-10-06,39604,1714,2605.13,247,22288.38
79,80,1,2025-10-14,4487,177,866.12,12,4016.03
79,80,1,2025-10-16,23529,1794,5365.49,150,42686.84
79,80,1,2025-10-20,35279,1954,6419.33,84,25336.34
79,80,1,2025-10-23,16628,997,1547.55,62,3365.05
79,80,1,2025-11-01,43142,2962,12050.65,261,45944.21
79,80,1,2025-11-10,28015,1264,2058.03,70,6470.24
79,80,1,2025-11-11,21411,1025,2613.23,78,26716.56
79,80,1,2025-11-17,15855,345,1286.76,50,3832.19
79,80,1,2025-11-18,5927,354,570.39,45,8879.94
79,80,1,2025-11-22,7770,466,411.76,40,9580.43
79,80,1,2025-11-23,23617,649,810.87,13,1529.66
79,80,1,2025-11-26,14724,530,1556.67,23,1519.81
79,80,1,2025-11-28,1890,119,191.36,12,651.12
79,80,1,2025-12-01,14692,1114,4816.55,57,10753.12
79,80,1,2025-12-14,8093,164,231.35,9,1376.45
79,80,1,2025-12-19,16494,405,761.91,39,14772.47
79,80,1,2025-12-22,46691,1504,5784.39,122,37279.48
79,80,1,2025-12-26,25587,1700,6053.74,71,4446.09
79,80,1,2025-12-29,47821,1727,8592.39,184,66805.3
79,80,1,2025-12-30,46902,1899,2216.94,38,7493.45
79,80,1,2026-01-02,3278,108,423.86,12,1761.65
79,80,1,2026-01-06,20271,839,2842.49,34,10050.98
79,80,1,2026-01-11,13586,866,1912.15,74,11282.02
79,80,1,2026-01-12,23839,919,3772.39,121,26187.33
79,80,1,2026-01-13,5356,183,134.75,19,2273.08
79,80,1,2026-01-15,48232,3487,6085.24,512,199875.84
79,80,1,2026-01-16,42458,919,3536.71,79,20657.89
79,80,1,2026-01-18,47534,1622,5742.96,92,15955.59
79,80,1,2026-01-22,14532,1083,1887.95,117,30582.95
79,80,1,2026-01-24,17188,1010,3434.98,151,26224.98
79,80,1,2026-01-25,4373,66,243.94,4,1286.39
79,80,1,2026-01-28,28294,588,1676.87,72,9185.73
79,80,1,2026-01-30,35941,930,3059.31,121,11283.85
79,80,1,2026-01-31,26205,415,1204.38,45,3279.06
79,80,1,2026-02-15,22760,1482,5539.3,206,69201.2
79,80,1,2026-02-23,34015,1813,3730.46,220,23610.14
79,80,1,2026-02-26,19994,1305,4659.94,78,26181.06
79,80,1,2026-02-28,41906,2402,4277.79,307,55537.11
79,80,1,2026-03-06,30357,1902,8096.21,150,51179.76
79,80,1,2026-03-10,44270,744,3247.69,23,2557.16
79,80,1,2026-03-11,48045,2648,10305.27,36,4041.05
79,80,1,2026-03-14,2716,48,235.18,5,527.15
79,80,1,2026-03-15,10714,554,1270.38,53,11278.47
79,80,1,2026-03-18,9400,296,808.64,5,839.36
79,80,1,2026-03-19,6869,541,517.24,67,7414.37
79,80,1,2026-03-22,11610,425,1169.48,27,9963.28
79,80,1,2026-03-23,39352,1438,3707.32,213,23148.5
79,80,1,2026-03-28,22955,1397,2832.12,157,22789.96
79,80,1,2026-04-09,34946,1598,5196.03,231,43729.63
79,80,1,2026-04-13,19745,845,3794.57,66,7409.76
79,80,1,2026-04-18,37626,1953,9511.34,271,75329.25
79,80,1,2026-04-24,24580,1341,4307.93,200,48600.23
79,80,1,2026-04-27,16024,637,910.86,9,2558.33
79,80,1,2026-04-29,41706,3117,10300.06,166,41404.61
79,80,1,2026-05-01,25646,895,1434.66,24,2725.71
79,80,1,2026-05-04,3287,202,135.43,18,5688.07
79,80,1,2026-05-06,10986,265,413.09,18,5349.71
79,80,1,2026-05-07,32581,606,1075.73,82,17200.28
79,80,1,2026-05-14,31847,2375,11816.8,227,87265.13
79,80,1,2026-05-16,7825,424,1316.32,50,9914.45
79,80,1,2026-05-17,21560,412,1124.69,6,1704.65
79,80,1,2026-05-20,3468,179,435.14,18,2289.31
79,80,1,2026-05-21,43488,1480,7207.22,47,14742.5
79,80,1,2026-05-22,17650,584,369.83,70,19667.03
79,80,1,2026-05-28,3693,132,242.08,12,2812.13
79,80,1,2026-06-05,33569,835,847.76,124,49472.8
79,80,1,2026-06-06,26470,1997,6909.55,131,43202.46
79,80,1,2026-06-09,34393,1524,6166.37,195,23252.26
79,80,1,2026-06-11,36355,906,4160.35,55,12329.05
79,80,1,2026-06-12,20152,608,2230.74,23,4185.19
79,80,1,2026-06-15,4141,233,644.02,25,4000.94
79,80,1,2026-06-17,37760,1975,3549.6,204,27130.73
79,80,1,2026-06-18,41902,2798,13246.01,395,155196.24
79,80,1,2026-06-22,37690,1337,1826.84,92,30670.16
79,80,1,2026-07-02,33307,2350,4490.98,156,38029.96
79,80,1,2026-07-07,37646,1315,3646.33,147,15164.0
79,80,1,2026-07-09,25215,531,592.26,20,6317.04
79,80,1,2026-07-10,30356,1714,4970.17,210,34135.33
79,80,1,2026-07-17,33147,2212,2993.31,45,10544.23
79,80,1,2026-07-19,39714,2702,6794.9,256,19771.38
79,80,1,2026-07-20,15710,1014,2723.85,54,18754.86
79,80,1,2026-07-21,33026,2051,4039.84,121,24186.43
79,80,1,2026-07-24,41290,3230,9238.82,60,8806.31
79,80,1,2026-07-26,5314,354,1156.93,20,3271.04
79,80,1,2026-08-03,31595,1875,1824.09,219,71025.16
79,80,1,2026-08-04,15358,892,2357.45,55,8039.5
79,80,1,2026-08-16,47758,3134,6062.75,452,65832.66
80,80,2,2025-08-20,1202,25,62.34,2,687.33
80,80,2,2025-08-21,19846,806,1035.24,72,22234.46
80,80,2,2025-08-29,47089,1987,3458.28,160,33568.22
80,80,2,2025-09-08,47584,2898,11950.55,338,49038.65
80,80,2,2025-09-09,4957,92,118.8,11,1030.1
80,80,2,2025-09-12,35526,2719,5993.15,245,74960.88
80,80,2,2025-09-16,37175,2717,4587.92,316,41489.53
80,80,2,2025-09-17,34645,2522,12326.62,46,9838.79
80,80,2,2025-09-21,40616,1466,2877.35,203,73302.36
80,80,2,2025-09-28,14774,337,1494.61,32,7614.5
80,80,2,2025-09-29,34178,2536,3560.69,117,16521.33
80,80,2,2025-09-30,27258,928,1921.19,17,1956.55
80,80,2,2025-10-10,11970,655,1826.25,33,12236.58
80,80,2,2025-10-16,2515,152,289.52,18,2871.7
80,80,2,2025-10-18,49509,2927,4170.98,83,9036.0
80,80,2,2025-10-20,46951,2235,10493.65,177,66631.76
80,80,2,2025-10-22,22814,982,3615.26,14,3952.44
80,80,2,2025-10-23,15952,1227,1117.61,166,12106.32
80,80,2,2025-10-29,46038,1014,551.49,134,42530.96
80,80,2,2025-10-30,41963,2368,6706.93,86,8008.03
80,80,2,2025-11-08,44999,520,1761.5,49,15043.15
80,80,2,2025-11-12,36235,2545,9189.77,69,9831.32
80,80,2,2025-11-23,32430,928,2457.84,81,12874.78
80,80,2,2025-11-29,26076,1855,2150.65,181,23442.43
80,80,2,2025-12-01,19036,1071,4709.17,152,57284.93
80,80,2,2025-12-02,20147,1001,1436.94,121,21936.27
80,80,2,2025-12-06,41393,1463,3921.28,172,53362.06
80,80,2,2025-12-08,48365,2789,1868.69,178,58347.41
80,80,2,2025-12-10,33773,2539,4845.96,186,14997.07
80,80,2,2025-12-13,1037,19,77.72,0,0.0
80,80,2,2025-12-14,31721,1908,3646.07,206,28209.07
80,80,2,2025-12-19,43728,521,1923.3,67,11646.92
80,80,2,2025-12-20,18319,714,676.33,74,10560.3
80,80,2,2025-12-25,18041,1293,1869.47,106,6546.41
80,80,2,2025-12-31,11018,421,348.54,50,5504.26
80,80,2,2026-01-02,38144,2090,1873.04,217,65939.26
80,80,2,2026-01-05,32302,1938,7930.39,28,2869.34
80,80,2,2026-01-09,21647,496,1434.18,41,10241.07
80,80,2,2026-01-14,21011,1323,2091.09,58,9076.6
80,80,2,2026-01-15,14936,417,1446.78,39,6603.31
80,80,2,2026-01-16,22155,424,491.04,26,6463.07
80,80,2,2026-01-21,5652,249,458.52,14,1205.35
80,80,2,2026-01-24,27400,295,1019.27,34,3087.66
80,80,2,2026-02-02,20374,1039,2821.83,128,41356.69
80,80,2,2026-02-08,46914,2918,5943.0,68,5380.13
80,80,2,2026-02-15,42680,3363,13377.88,475,119835.56
80,80,2,2026-02-18,34264,850,3121.69,100,8826.41
80,80,2,2026-02-22,46203,1014,4590.16,74,28898.45
80,80,2,2026-03-05,26010,419,720.81,55,16067.83
80,80,2,2026-03-06,40542,2202,3841.4,105,29105.28
80,80,2,2026-03-07,2103,163,590.23,8,2989.04
80,80,2,2026-03-14,37164,552,1792.2,68,15655.77
80,80,2,2026-03-16,12744,288,273.05,30,3348.88
80,80,2,2026-03-31,38924,1479,7019.51,196,66217.27
80,80,2,2026-04-01,46577,2646,3264.44,121,8595.76
80,80,2,2026-04-03,11563,202,378.58,7,968.98
80,80,2,2026-04-08,2083,137,473.61,20,5504.56
80,80,2,2026-04-09,27768,1567,1294.01,16,4620.51
80,80,2,2026-04-12,40281,3125,10711.0,376,30026.08
80,80,2,2026-04-14,38900,527,511.98,72,21909.65
80,80,2,2026-04-19,17434,234,402.65,10,582.27
80,80,2,2026-04-20,20833,263,158.99,25,2028.07
80,80,2,2026-04-22,36275,1170,3810.87,93,26735.99
80,80,2,2026-04-26,48387,1574,2746.99,104,33712.18
80,80,2,2026-04-29,18199,1409,1303.57,101,8642.52
80,80,2,2026-05-02,3809,205,408.86,20,3232.35
80,80,2,2026-05-03,30497,852,2438.54,65,16528.36
80,80,2,2026-05-05,25116,432,996.27,19,993.73
80,80,2,2026-05-07,48963,1550,7595.88,192,9893.81
80,80,2,2026-05-13,17483,1044,4730.62,77,6092.93
80,80,2,2026-05-16,10233,668,2927.38,62,6807.53
80,80,2,2026-05-17,39616,2420,8582.24,348,135062.4
80,80,2,2026-05-22,15560,1186,2406.81,165,41067.54
80,80,2,2026-05-24,10754,789,1604.68,95,19005.91
80,80,2,2026-05-30,29497,1746,6408.81,129,49220.54
80,80,2,2026-05-31,4882,368,955.15,24,2831.57
80,80,2,2026-06-02,34316,430,820.28,60,14306.58
80,80,2,2026-06-03,31144,1137,3207.59,98,14354.29
80,80,2,2026-06-04,1983,20,47.26,2,299.43
80,80,2,2026-06-05,36091,1985,6942.71,37,4309.79
80,80,2,2026-06-20,41446,700,1110.26,65,5161.38
80,80,2,2026-06-26,6844,360,817.62,8,2422.77
80,80,2,2026-06-27,21694,300,866.6,6,2084.86
80,80,2,2026-07-02,45683,2331,10211.41,349,39268.03
80,80,2,2026-07-05,4212,114,431.31,6,837.04
80,80,2,2026-07-07,29947,394,823.23,17,4064.88
80,80,2,2026-07-08,4894,172,688.25,21,2281.88
80,80,2,2026-07-15,48700,1004,3822.78,71,6895.45
80,80,2,2026-07-17,30366,389,558.59,29,1840.73
80,80,2,2026-07-18,49845,2027,8209.05,213,51033.6
80,80,2,2026-07-30,18735,421,335.94,19,7180.97
80,80,2,2026-08-01,35379,1575,1160.74,104,34329.15
80,80,2,2026-08-07,29837,1974,7296.26,198,14113.87
80,80,2,2026-08-09,40853,893,1067.84,80,11946.73
80,80,2,2026-08-14,40835,1571,2339.09,61,17722.04
80,80,2,2026-08-16,16024,412,1038.97,27,2941.23
81,80,3,2025-08-18,40122,2390,1377.5,247,27999.27
81,80,3,2025-08-21,46468,2170,4140.6,317,122027.83
81,80,3,2025-08-22,6864,386,1695.79,44,7284.08
81,80,3,2025-08-29,12483,490,1331.75,39,8286.49
81,80,3,2025-09-03,49117,3895,2142.09,416,38247.18
81,80,3,2025-09-05,46051,1061,1925.09,56,18820.87
81,80,3,2025-09-08,13419,347,1450.95,48,3767.06
81,80,3,2025-09-11,4642,113,176.8,10,3495.18
81,80,3,2025-09-14,10651,528,2391.77,63,17034.48
81,80,3,2025-09-19,9781,626,348.65,19,3367.6
81,80,3,2025-09-21,22274,388,1938.32,36,12547.43
81,80,3,2025-09-24,4936,229,419.57,32,12377.23
81,80,3,2025-09-25,7070,378,890.63,53,20512.98
81,80,3,2025-10-05,31381,589,2681.3,27,4553.13
81,80,3,2025-10-09,19926,508,810.46,46,17896.09
81,80,3,2025-10-21,35459,2656,12613.45,365,90223.19
81,80,3,2025-10-24,21754,1134,3692.85,72,9622.81
81,80,3,2025-11-03,47196,785,744.98,112,8265.53
81,80,3,2025-11-13,48921,1695,7117.38,206,35588.27
81,80,3,2025-11-20,44393,2947,8999.88,116,20040.66
81,80,3,2025-11-21,16230,1190,1973.42,39,3881.35
81,80,3,2025-11-22,9706,638,2321.73,53,9794.34
81,80,3,2025-11-23,40707,2569,1522.41,192,66213.78
81,80,3,2025-11-28,9822,427,1937.62,40,9968.37
81,80,3,2025-12-10,6012,391,1019.72,11,631.14
81,80,3,2025-12-11,29869,1071,2716.39,149,8536.94
81,80,3,2025-12-14,24721,913,3407.85,22,3625.02
81,80,3,2025-12-25,14262,274,247.35,35,7259.54
81,80,3,2025-12-26,14716,889,1100.31,84,17996.96
81,80,3,2026-01-05,18431,1149,4400.78,148,17881.51
81,80,3,2026-01-06,48610,1670,4043.22,195,68610.93
81,80,3,2026-01-08,9760,220,303.87,2,504.62
81,80,3,2026-01-10,2461,156,559.5,18,3155.13
81,80,3,2026-01-11,1572,36,23.5,2,501.72
81,80,3,2026-01-13,8337,571,1378.68,47,5055.67
81,80,3,2026-01-17,34860,2043,7059.3,92,10959.94
81,80,3,2026-01-18,44625,646,3097.22,36,12056.27
81,80,3,2026-01-20,21349,1545,2614.08,46,5457.93
81,80,3,2026-01-23,6249,283,693.57,20,2828.64
81,80,3,2026-01-24,45520,2329,8054.35,129,50749.55
81,80,3,2026-01-26,20150,842,3554.16,65,4948.3
81,80,3,2026-01-30,37362,756,647.74,66,21605.2
81,80,3,2026-02-01,23840,886,1209.98,103,34212.89
81,80,3,2026-02-04,47098,1333,6016.18,85,13995.88
81,80,3,2026-02-08,32314,1171,4904.78,59,8436.47
81,80,3,2026-02-12,49641,554,1143.13,11,3854.84
81,80,3,2026-02-19,11563,588,2109.92,73,11298.55
81,80,3,2026-02-25,21191,562,487.69,73,12413.8
81,80,3,2026-02-26,41360,1513,1615.47,127,10890.59
81,80,3,2026-02-27,32032,573,608.25,47,3267.91
81,80,3,2026-03-06,27529,1617,1402.23,205,34568.7
81,80,3,2026-03-09,39721,1854,5500.05,84,20637.89
81,80,3,2026-03-13,30047,602,2264.06,55,7508.48
81,80,3,2026-03-16,20715,512,703.27,11,1925.98
81,80,3,2026-03-20,24920,866,534.15,73,20150.1
81,80,3,2026-03-23,34482,1640,1140.49,78,24260.53
81,80,3,2026-03-30,1356,62,37.6,7,2389.0
81,80,3,2026-04-15,11342,192,692.26,18,2907.85
81,80,3,2026-04-17,42759,3379,10630.21,81,14394.15
81,80,3,2026-04-21,31988,2496,2245.14,252,51460.88
81,80,3,2026-04-24,17951,1047,4374.98,149,24871.51
81,80,3,2026-04-25,5517,109,61.77,2,700.1
81,80,3,2026-04-27,12445,682,1530.19,14,3651.52
81,80,3,2026-05-02,32024,1879,6490.24,258,43083.07
81,80,3,2026-05-03,6325,268,1063.15,9,3463.37
81,80,3,2026-05-11,39570,2588,12811.33,274,37088.69
81,80,3,2026-05-12,33662,1444,6632.93,139,20650.8
81,80,3,2026-05-14,28159,1134,4371.76,134,25535.89
81,80,3,2026-05-15,25521,1664,3123.57,115,28151.59
81,80,3,2026-05-16,40832,1463,2490.46,110,30553.23
81,80,3,2026-05-21,28918,718,1388.61,87,11046.38
81,80,3,2026-05-23,22739,1738,4049.37,230,49580.78
81,80,3,2026-06-01,20655,931,1051.89,28,10142.57
81,80,3,2026-06-02,21318,706,1227.32,24,3717.75
81,80,3,2026-06-05,17972,669,1519.4,24,6266.53
81,80,3,2026-06-09,14869,856,1268.09,84,17620.9
81,80,3,2026-06-10,46718,1940,7538.98,182,9228.27
81,80,3,2026-06-15,45623,962,2400.74,31,6477.92
81,80,3,2026-06-16,35529,1191,617.33,155,17766.35
81,80,3,2026-06-20,22255,349,776.89,11,3222.33
81,80,3,2026-07-03,31151,817,3329.77,76,13410.01
81,80,3,2026-07-04,48398,2035,6619.55,23,4610.95
81,80,3,2026-07-05,15689,430,538.38,60,3378.16
81,80,3,2026-07-06,26647,1696,4533.4,125,10828.56
81,80,3,2026-07-07,15529,336,1310.17,45,16608.85
81,80,3,2026-07-12,34105,1927,4585.43,120,29671.07
81,80,3,2026-07-14,47009,648,3125.66,43,4207.84
81,80,3,2026-08-05,38437,905,1765.54,69,21200.98
81,80,3,2026-08-13,27738,1618,3316.3,169,21920.67
81,80,3,2026-08-16,33135,886,3902.86,71,20700.04
82,34,1,2025-08-23,44062,2644,8910.19,306,45207.38
82,34,1,2025-08-26,2049,152,113.59,20,2764.61
82,34,1,2025-09-06,13082,558,457.32,23,6942.29
82,34,1,2025-09-07,30278,1598,3239.59,188,42832.02
82,34,1,2025-09-08,5997,464,2092.62,20,1592.91
82,34,1,2025-09-10,35806,2122,10073.22,190,33734.26
82,34,1,2025-09-12,21621,1465,4446.26,110,9033.86
82,34,1,2025-09-21,24950,730,2031.34,24,7563.64
82,34,1,2025-09-23,42469,2294,5492.86,116,44706.83
82,34,1,2025-09-24,22717,247,701.18,14,2062.42
82,34,1,2025-09-28,15989,572,1386.53,73,3843.44
82,34,1,2025-09-30,7456,492,621.66,70,14563.88
82,34,1,2025-10-01,40933,725,2505.71,76,5128.51
82,34,1,2025-10-14,20725,831,2938.88,43,5136.41
82,34,1,2025-10-15,8924,574,2159.38,41,9612.79
82,34,1,2025-10-18,15612,357,1603.07,40,10588.33
82,34,1,2025-10-30,24182,484,295.06,19,7377.41
82,34,1,2025-11-01,35936,809,1327.56,95,33032.6
82,34,1,2025-11-05,29600,1908,5771.21,234,63201.31
82,34,1,2025-11-10,14139,978,4648.23,84,5535.84
82,34,1,2025-11-11,48359,3811,16216.84,79,24644.64
82,34,1,2025-11-13,45579,2111,6166.8,268,31884.15
82,34,1,2025-12-02,4827,166,531.07,2,233.45
82,34,1,2025-12-03,46123,2372,1566.21,154,34293.9
82,34,1,2025-12-04,27839,326,885.55,4,1422.61
82,34,1,2025-12-05,32307,1582,4091.41,116,8092.97
82,34,1,2025-12-06,25982,1113,2003.71,70,27301.34
82,34,1,2025-12-08,6125,93,167.96,3,864.11
82,34,1,2025-12-12,47576,3447,2885.22,321,42078.48
82,34,1,2025-12-13,16569,762,3438.79,56,22347.72
82,34,1,2025-12-14,35940,2751,4368.72,305,85319.49
82,34,1,2025-12-17,31083,1732,1066.1,193,31514.15
82,34,1,2025-12-20,43540,1903,1490.06,277,59690.45
82,34,1,2025-12-21,17056,290,1175.92,41,15202.64
82,34,1,2025-12-24,36086,2434,8831.18,333,123245.24
82,34,1,2025-12-29,20187,571,1515.84,33,1699.89
82,34,1,2026-01-02,29221,1763,6302.42,232,38754.2
82,34,1,2026-01-03,17511,1017,1320.27,105,10877.75
82,34,1,2026-01-16,42014,883,4340.93,123,36916.79
82,34,1,2026-01-18,7271,496,918.02,45,12625.35
82,34,1,2026-01-20,4514,307,1118.11,9,509.95
82,34,1,2026-01-21,5037,204,362.49,2,156.19
82,34,1,2026-01-25,12371,375,1365.23,48,4639.95
82,34,1,2026-01-28,47190,858,2211.21,91,13972.44
82,34,1,2026-02-01,47032,1838,6907.77,87,22795.5
82,34,1,2026-02-04,9758,239,297.35,15,1506.1
82,34,1,2026-02-05,39932,1069,905.91,140,28235.28
82,34,1,2026-02-07,44618,3002,10908.12,384,34283.49
82,34,1,2026-02-08,21047,822,1441.56,65,17024.44
82,34,1,2026-02-14,39753,2828,7535.68,28,9195.01
82,34,1,2026-02-15,20659,764,745.62,84,19051.82
82,34,1,2026-02-21,32005,1558,4342.5,231,49043.01
82,34,1,2026-02-28,36493,416,810.86,40,6364.37
82,34,1,2026-03-01,45700,2232,1396.17,236,15974.65
82,34,1,2026-03-05,49202,1271,4300.22,101,25062.51
82,34,1,2026-03-07,10647,686,3068.62,22,6060.3
82,34,1,2026-03-08,15621,779,3710.37,74,26385.69
82,34,1,2026-03-11,5951,326,207.02,30,2423.17
82,34,1,2026-03-18,24527,1073,4772.24,139,48761.08
82,34,1,2026-03-19,30036,1208,3159.38,20,5977.35
82,34,1,2026-03-25,35566,2346,3635.19,321,77825.21
82,34,1,2026-03-29,33598,2622,4620.78,267,26817.95
82,34,1,2026-04-02,30920,1746,7170.16,98,18679.91
82,34,1,2026-04-06,18804,307,352.81,4,1271.06
82,34,1,2026-04-22,48939,558,2615.46,73,12808.37
82,34,1,2026-04-23,44036,3423,4883.08,193,49393.41
82,34,1,2026-04-24,20660,433,1790.68,51,19768.97
82,34,1,2026-04-25,40452,2747,6261.57,210,55447.1
82,34,1,2026-04-27,16154,420,2041.17,44,15146.07
82,34,1,2026-04-29,47673,2652,11655.15,293,19888.54
82,34,1,2026-05-08,9507,441,1271.88,31,3435.88
82,34,1,2026-05-09,17040,1064,2320.66,127,16114.46
82,34,1,2026-05-14,23440,474,2339.23,43,13914.51
82,34,1,2026-05-18,13727,977,2717.16,93,12655.08
82,34,1,2026-05-23,26927,615,1115.47,63,5207.91
82,34,1,2026-05-25,48987,1240,2736.15,171,43563.34
82,34,1,2026-05-28,20015,455,2050.91,45,4388.43
82,34,1,2026-05-29,12141,850,2187.53,43,14017.23
82,34,1,2026-06-02,1913,47,60.44,1,99.07
82,34,1,2026-06-03,12551,533,1917.61,19,1504.48
82,34,1,2026-06-04,27078,1909,1303.82,200,19378.14
82,34,1,2026-06-15,39504,1302,2636.82,78,19973.88
82,34,1,2026-06-16,26512,390,823.84,40,10252.57
82,34,1,2026-06-20,40162,718,3323.33,42,16318.41
82,34,1,2026-06-25,15754,770,2795.74,59,21440.73
82,34,1,2026-07-09,19080,664,2662.48,63,12536.83
82,34,1,2026-07-18,27592,1580,1956.31,110,27197.2
82,34,1,2026-07-19,27002,1697,4996.64,107,35736.6
82,34,1,2026-07-23,25611,688,1568.93,72,5490.44
82,34,1,2026-07-26,30425,1174,1490.78,163,33582.83
82,34,1,2026-07-30,35930,383,277.01,16,4956.99
82,34,1,2026-08-04,5089,204,838.87,6,1905.4
82,34,1,2026-08-06,29149,1967,3776.93,33,7489.2
82,34,1,2026-08-08,33548,817,2483.41,19,1728.44
82,34,1,2026-08-09,16371,337,703.79,6,312.94
82,34,1,2026-08-10,33733,1060,4610.5,23,8226.87
82,34,1,2026-08-11,4411,224,952.9,19,6822.27
82,34,1,2026-08-12,19797,1533,4718.08,51,5437.34
82,34,1,2026-08-14,41379,597,849.92,42,16696.78
82,34,1,2026-08-16,29663,1842,6705.78,239,13641.33
82,34,1,2026-08-18,34464,1914,1970.44,236,72414.36
83,34,2,2025-08-19,36268,2162,9863.02,167,63954.4
83,34,2,2025-08-20,8213,546,824.69,56,17224.76
83,34,2,2025-08-22,16478,201,935.81,10,946.55
83,34,2,2025-08-23,35127,2627,11236.12,38,10806.47
83,34,2,2025-08-26,46237,2766,3236.11,314,72277.57
83,34,2,2025-08-28,39703,1734,6009.97,126,38258.45
83,34,2,2025-08-31,17895,439,1186.06,20,3457.78
83,34,2,2025-09-02,41611,1346,4283.23,55,9655.65
83,34,2,2025-09-08,2413,80,91.52,3,525.8
83,34,2,2025-09-18,1334,68,255.44,1,111.47
83,34,2,2025-09-20,38282,947,3773.27,123,16782.93
83,34,2,2025-09-29,37090,403,667.67,53,10827.04
83,34,2,2025-10-05,40995,468,1492.95,24,2234.83
83,34,2,2025-10-07,5660,141,126.09,9,2729.97
83,34,2,2025-10-08,23404,1810,7671.89,75,17279.89
83,34,2,2025-10-09,6319,291,763.18,36,3425.24
83,34,2,2025-10-13,40688,1863,3073.65,105,5434.15
83,34,2,2025-10-15,34113,1190,2607.43,94,11627.82
83,34,2,2025-10-16,20013,1398,3772.9,120,23163.15
83,34,2,2025-10-29,47892,1111,4625.98,76,6025.47
83,34,2,2025-10-31,4693,301,869.99,5,1143.63
83,34,2,2025-11-01,38132,632,2615.51,69,6092.14
83,34,2,2025-11-04,23356,1376,3826.22,48,11474.76
83,34,2,2025-11-05,33355,1822,5014.87,115,23411.67
83,34,2,2025-11-12,2699,129,629.6,9,2505.95
83,34,2,2025-11-13,4644,367,1433.56,20,3759.12
83,34,2,2025-11-15,48485,3248,9490.16,130,16247.4
83,34,2,2025-11-18,3521,77,238.81,11,1296.48
83,34,2,2025-11-19,25998,1815,5568.2,61,16896.7
83,34,2,2025-11-20,16057,635,3134.03,75,16545.58
83,34,2,2025-12-03,21103,1528,5457.79,157,60746.87
83,34,2,2025-12-08,27261,1651,4585.06,110,41817.91
83,34,2,2025-12-13,11250,308,381.18,35,3919.61
83,34,2,2025-12-14,46697,1578,5948.15,160,32908.02
83,34,2,2025-12-20,48920,1327,3567.8,187,27803.42
83,34,2,2025-12-23,26584,1138,4185.56,80,10555.91
83,34,2,2025-12-31,34358,1602,7224.7,76,19359.27
83,34,2,2026-01-01,14994,871,2645.72,114,15854.8
83,34,2,2026-01-04,44497,2936,4336.13,66,16752.82
83,34,2,2026-01-09,26887,1959,2768.05,41,7130.58
83,34,2,2026-01-10,41630,964,1093.97,115,34424.39
83,34,2,2026-01-11,14334,593,1328.83,16,5209.17
83,34,2,2026-01-12,46574,3338,6449.32,50,18059.82
83,34,2,2026-01-16,3948,103,191.08,10,3124.15
83,34,2,2026-01-18,31862,1796,5788.39,261,44732.53
83,34,2,2026-01-28,5478,90,101.55,6,1502.58
83,34,2,2026-02-01,41814,616,308.36,56,18063.31
83,34,2,2026-02-04,48323,2896,9111.1,75,11391.28
83,34,2,2026-02-05,37840,809,1413.31,54,5057.32
83,34,2,2026-02-07,37424,1066,2008.74,134,23892.97
83,34,2,2026-02-08,30521,1267,3764.7,114,28946.17
83,34,2,2026-02-09,1095,46,218.72,2,654.14
83,34,2,2026-02-10,48450,2085,2047.12,30,1758.99
83,34,2,2026-02-16,34655,983,3827.82,36,7005.34
83,34,2,2026-02-20,39645,1153,5525.67,166,17993.75
83,34,2,2026-02-23,39042,1879,1179.12,237,84279.11
83,34,2,2026-02-27,36788,1939,2220.74,87,11867.05
83,34,2,2026-02-28,48506,1568,3196.09,38,11764.56
83,34,2,2026-03-16,25652,1122,1042.95,161,24753.66
83,34,2,2026-03-20,30422,705,1966.85,95,15684.04
83,34,2,2026-03-22,45129,1069,3517.94,73,5811.32
83,34,2,2026-03-29,21640,1074,2403.32,124,47695.54
83,34,2,2026-03-30,1177,60,240.85,5,1436.05
83,34,2,2026-03-31,18941,395,801.52,53,4664.26
83,34,2,2026-04-03,47891,1052,1752.82,19,1322.73
83,34,2,2026-04-05,9462,641,3071.0,24,7561.23
83,34,2,2026-04-06,39323,2368,8001.63,100,31185.81
83,34,2,2026-04-08,32502,2051,2342.42,174,36407.04
83,34,2,2026-04-12,37756,3016,6576.34,66,20450.28
83,34,2,2026-04-16,9651,568,378.23,41,9146.98
83,34,2,2026-04-23,29364,1542,971.89,142,48120.88
83,34,2,2026-04-26,48110,1051,1550.62,108,15050.4
83,34,2,2026-05-02,12089,482,267.42,30,8072.22
83,34,2,2026-05-03,38528,2328,7782.6,87,5967.68
83,34,2,2026-05-05,8777,159,404.09,11,1611.1
83,34,2,2026-05-09,14740,240,884.63,28,9500.36
83,34,2,2026-05-14,11864,728,2988.01,19,5851.03
83,34,2,2026-05-22,5026,193,389.76,2,142.62
83,34,2,2026-05-24,22256,521,1852.91,20,2600.16
83,34,2,2026-05-26,18508,907,3440.91,38,6353.22
83,34,2,2026-05-27,20931,937,1933.72,102,39459.61
83,34,2,2026-06-01,24868,958,1313.0,40,8419.67
83,34,2,2026-06-03,26406,677,3321.29,78,20736.83
83,34,2,2026-06-06,9438,489,903.41,60,4006.32
83,34,2,2026-06-08,14072,954,1936.74,109,29522.04
83,34,2,2026-06-09,44292,982,4339.35,127,15963.31
83,34,2,2026-06-14,30700,1217,3161.78,77,17491.67
83,34,2,2026-06-16,36496,2535,10363.18,185,14111.1
83,34,2,2026-06-20,18651,1184,3671.34,124,30227.33
83,34,2,2026-06-21,4249,299,1037.88,15,3383.78
83,34,2,2026-06-25,31072,2148,6410.09,110,25624.07
83,34,2,2026-06-26,28680,1217,2264.48,12,1703.95
83,34,2,2026-06-27,10842,788,693.06,86,32128.21
83,34,2,2026-06-28,47220,1249,1108.51,171,59366.13
83,34,2,2026-07-09,43678,1234,5581.12,167,60945.38
83,34,2,2026-07-13,21430,652,2442.31,82,15812.91
83,34,2,2026-07-14,33760,469,266.14,62,20824.72
83,34,2,2026-07-18,44922,2609,4431.81,243,35632.65
83,34,2,2026-07-22,28004,617,1632.3,80,24889.83
83,34,2,2026-07-24,48234,3721,14826.31,100,38272.98
83,34,2,2026-07-28,43845,1826,7193.37,204,71153.58
83,34,2,2026-07-29,39545,2790,12399.21,417,114181.57
83,34,2,2026-07-30,12368,919,3485.56,45,9281.61
83,34,2,2026-08-02,29135,1214,615.18,171,57918.0
83,34,2,2026-08-04,22428,1303,1073.77,82,30108.46
83,34,2,2026-08-10,17731,646,753.41,31,5157.64
83,34,2,2026-08-11,6235,63,291.12,1,67.84
83,34,2,2026-08-14,34279,2666,7064.75,375,146713.09
83,34,2,2026-08-17,5047,232,372.97,20,7097.36
83,34,2,2026-08-18,14799,853,1276.89,102,21710.42
84,34,3,2025-08-24,28767,2071,9874.65,282,45161.19
84,34,3,2025-08-25,3818,249,1072.83,9,970.58
84,34,3,2025-09-03,22135,1113,1621.33,156,37940.25
84,34,3,2025-09-09,20648,892,3173.7,83,26120.85
84,34,3,2025-09-13,39844,2264,1442.8,334,78855.15
84,34,3,2025-09-15,38742,1948,8759.45,262,85181.01
84,34,3,2025-09-20,5990,348,1619.02,18,6454.47
84,34,3,2025-09-27,16075,549,687.22,71,24570.21
84,34,3,2025-10-04,48491,1963,6704.72,285,19963.86
84,34,3,2025-10-05,8885,222,1081.93,9,2140.53
84,34,3,2025-10-07,6230,139,281.35,19,5335.31
84,34,3,2025-10-10,5509,297,423.76,5,1976.77
84,34,3,2025-10-11,46257,680,3163.46,17,5529.72
84,34,3,2025-10-13,5171,92,189.14,12,3695.45
84,34,3,2025-10-14,26318,2024,4339.44,149,28382.73
84,34,3,2025-10-15,26282,751,3751.36,68,8682.72
84,34,3,2025-10-16,40100,3173,2270.19,317,27127.59
84,34,3,2025-10-26,34068,2722,1563.69,397,69026.39
84,34,3,2025-10-27,3551,49,47.13,4,833.48
84,34,3,2025-10-28,19976,710,2021.24,55,4736.03
84,34,3,2025-10-29,24611,1086,662.75,112,33262.2
84,34,3,2025-11-02,23695,1378,3301.03,59,21181.96
84,34,3,2025-11-05,33367,2008,2567.55,292,23973.25
84,34,3,2025-11-07,40042,3061,2442.51,340,121180.06
84,34,3,2025-11-09,47435,2903,1960.01,33,7945.58
84,34,3,2025-11-12,4363,254,178.06,3,241.6
84,34,3,2025-11-13,49135,2763,2106.39,269,75386.79
84,34,3,2025-11-16,27657,830,900.09,49,10750.46
84,34,3,2025-11-18,43654,2642,2203.49,50,19107.63
84,34,3,2025-11-21,36602,1779,8624.24,118,7899.19
84,34,3,2025-11-24,5305,416,546.85,5,1914.42
84,34,3,2025-11-27,15154,396,1405.56,54,3484.44
84,34,3,2025-11-28,31760,2119,8899.39,89,29894.84
84,34,3,2025-12-08,49309,1642,7025.48,149,16637.11
84,34,3,2025-12-09,45699,2957,8017.24,31,9445.66
84,34,3,2025-12-14,27036,1400,2263.45,33,4741.43
84,34,3,2025-12-17,12773,236,580.54,14,2464.6
84,34,3,2025-12-22,19706,234,907.21,11,1974.5
84,34,3,2025-12-28,1179,71,104.81,0,0.0
84,34,3,2025-12-31,1565,90,350.89,6,809.9
84,34,3,2026-01-05,29096,924,4488.67,112,8343.68
84,34,3,2026-01-06,28427,1155,3645.58,111,19298.57
84,34,3,2026-01-11,34413,2094,8839.11,308,37305.16
84,34,3,2026-01-13,12955,178,658.66,22,2366.18
84,34,3,2026-01-16,34603,2216,10218.68,185,52760.54
84,34,3,2026-01-27,49675,2460,9560.41,78,28277.02
84,34,3,2026-01-28,10524,231,953.37,20,5124.44
84,34,3,2026-02-02,3367,178,549.36,6,573.28
84,34,3,2026-02-03,26395,2077,3376.52,23,4658.55
84,34,3,2026-02-04,41219,1229,2474.57,161,8819.01
84,34,3,2026-02-09,32871,1435,1413.25,30,5251.34
84,34,3,2026-02-16,3413,79,327.0,7,1686.88
84,34,3,2026-02-17,49818,3447,10138.02,57,11166.47
84,34,3,2026-02-21,38100,2307,10650.5,34,11472.8
84,34,3,2026-02-22,16427,644,2605.16,22,1650.08
84,34,3,2026-02-28,34532,587,1088.62,43,5917.35
84,34,3,2026-03-01,37849,1707,1191.74,163,20311.65
84,34,3,2026-03-10,42928,877,1049.15,75,19241.63
84,34,3,2026-03-11,31140,410,1255.32,55,19443.0
84,34,3,2026-03-12,33687,2553,8331.08,49,6881.57
84,34,3,2026-03-16,9009,552,1100.17,66,10908.47
84,34,3,2026-03-17,46639,2419,2827.19,185,20768.98
84,34,3,2026-03-20,12595,611,1241.83,40,12653.01
84,34,3,2026-03-24,14667,1004,4853.85,135,29969.31
84,34,3,2026-03-26,46287,3539,2399.46,482,56108.52
84,34,3,2026-03-27,48752,2937,14025.61,78,19675.47
84,34,3,2026-04-04,48219,999,1551.46,63,3323.45
84,34,3,2026-04-18,14587,503,1723.35,55,12317.81
84,34,3,2026-04-21,27917,1614,4788.97,210,24428.22
84,34,3,2026-05-05,38431,1427,4886.02,62,10093.76
84,34,3,2026-05-07,45931,3103,2450.45,357,127033.35
84,34,3,2026-05-08,5552,374,1425.04,15,3069.08
84,34,3,2026-05-21,42619,3022,13830.02,152,42082.66
84,34,3,2026-05-23,15629,1147,1141.63,115,44834.3
84,34,3,2026-05-27,23392,1088,4194.79,122,31537.37
84,34,3,2026-05-28,27979,706,768.17,36,4371.82
84,34,3,2026-05-30,44991,1337,3293.36,62,7167.45
84,34,3,2026-06-11,47840,2456,12093.76,113,5710.64
84,34,3,2026-06-13,23912,809,3949.11,119,34901.18
84,34,3,2026-06-18,37868,2023,2191.88,143,13318.83
84,34,3,2026-06-20,15272,943,559.4,100,9539.67
84,34,3,2026-06-26,37785,2195,10792.93,271,63823.83
84,34,3,2026-06-27,23613,377,467.85,24,8354.76
84,34,3,2026-06-30,21813,258,1170.56,17,5263.77
84,34,3,2026-07-01,43739,3403,15639.44,135,48995.98
84,34,3,2026-07-03,43236,459,786.52,54,9136.01
84,34,3,2026-07-05,26865,1258,1618.45,104,32034.68
84,34,3,2026-07-13,25422,1239,3149.74,36,12968.97
84,34,3,2026-07-18,9646,443,320.81,10,1379.22
84,34,3,2026-07-24,12188,364,549.23,15,5272.67
84,34,3,2026-07-28,23214,1710,8359.38,125,37159.69
84,34,3,2026-07-30,29776,957,4373.78,108,13338.38
84,34,3,2026-08-01,9185,562,930.95,28,3167.52
84,34,3,2026-08-03,46060,1388,3933.32,106,31357.28
84,34,3,2026-08-04,5389,386,1573.61,16,5496.23
84,34,3,2026-08-10,29712,1602,5823.4,222,78938.06
84,34,3,2026-08-12,14454,821,2606.99,11,1336.89
84,34,3,2026-08-17,25213,1745,3992.66,259,32823.28
85,83,1,2025-08-23,20153,1066,2873.08,98,15044.46
85,83,1,2025-08-24,38903,3100,5330.31,306,31724.56
85,83,1,2025-09-04,41877,1834,6202.85,190,27737.68
85,83,1,2025-09-09,12728,233,1029.66,28,3002.73
85,83,1,2025-09-14,18664,1026,1154.47,68,18479.6
85,83,1,2025-09-20,13101,372,1052.77,25,3639.78
85,83,1,2025-09-21,1064,34,59.27,4,671.44
85,83,1,2025-09-22,39849,1694,1015.98,83,5259.49
85,83,1,2025-09-28,5565,355,195.25,49,3450.77
85,83,1,2025-10-03,47941,1661,6354.12,16,5632.73
85,83,1,2025-10-05,19684,1280,1947.15,149,18544.15
85,83,1,2025-10-06,31829,2459,8831.74,333,41006.5
85,83,1,2025-10-09,18058,846,940.89,125,17456.77
85,83,1,2025-10-11,16906,809,787.33,32,9097.3
85,83,1,2025-10-16,22974,638,3070.34,24,7079.1
85,83,1,2025-10-19,25377,1285,4763.86,81,25369.22
85,83,1,2025-10-20,42433,912,3971.73,47,10926.15
85,83,1,2025-10-21,23176,816,3958.28,103,7233.53
85,83,1,2025-10-23,40418,1341,2729.15,134,11606.77
85,83,1,2025-10-24,8568,559,1248.2,52,6933.04
85,83,1,2025-10-26,12654,209,606.17,24,6604.16
85,83,1,2025-11-14,1095,61,259.38,2,328.73
85,83,1,2025-11-30,29031,1006,556.32,66,6034.13
85,83,1,2025-12-01,29487,1425,4892.19,57,13282.44
85,83,1,2025-12-02,29442,1413,3293.31,105,37558.85
85,83,1,2025-12-03,35262,2626,5912.13,76,15173.11
85,83,1,2025-12-12,25568,937,2255.9,42,9057.69
85,83,1,2025-12-16,31896,1831,4892.38,170,34102.42
85,83,1,2025-12-17,43292,1600,2227.33,24,3093.09
85,83,1,2025-12-20,34450,728,656.68,23,2281.19
85,83,1,2025-12-22,21938,589,1423.89,51,12459.56
85,83,1,2025-12-24,34796,2762,13572.97,347,122779.12
85,83,1,2026-01-04,41413,2765,8320.61,38,15175.37
85,83,1,2026-01-08,27096,1155,938.24,56,16526.58
85,83,1,2026-01-10,37125,736,789.22,11,1461.7
85,83,1,2026-01-11,34404,2648,1414.55,267,25835.24
85,83,1,2026-01-13,21202,759,1236.93,99,7516.09
85,83,1,2026-01-19,24747,1491,4854.04,116,44463.84
85,83,1,2026-01-24,24879,1952,5542.56,75,25925.01
85,83,1,2026-01-30,3120,227,384.67,5,969.76
85,83,1,2026-02-01,7432,434,948.08,49,9392.3
85,83,1,2026-02-02,38012,2192,7322.78,173,13683.85
85,83,1,2026-02-05,2501,103,264.42,6,1751.51
85,83,1,2026-02-08,36842,604,595.11,54,17048.84
85,83,1,2026-02-11,44237,2718,6458.24,64,22152.29
85,83,1,2026-02-12,44933,1683,5049.4,210,49271.1
85,83,1,2026-02-14,46721,1662,6129.01,66,9340.76
85,83,1,2026-02-16,5145,79,301.51,3,632.93
85,83,1,2026-02-22,18172,982,1941.18,120,11475.68
85,83,1,2026-03-03,17526,1272,5227.71,148,35758.93
85,83,1,2026-03-12,11947,781,1514.34,114,23112.26
85,83,1,2026-03-17,6495,403,1687.28,20,6821.52
85,83,1,2026-03-22,40747,730,2070.62,59,3758.06
85,83,1,2026-03-24,33252,2362,1900.39,28,2887.44
85,83,1,2026-03-26,48594,3567,4133.21,91,27966.53
85,83,1,2026-03-29,38283,444,564.08,61,23943.3
85,83,1,2026-04-02,37393,2553,12051.86,171,16143.98
85,83,1,2026-04-17,20780,604,2584.72,74,24246.37
85,83,1,2026-04-21,11233,831,1717.94,81,19811.64
85,83,1,2026-04-22,36933,2225,2071.59,124,26138.42
85,83,1,2026-04-26,47936,931,1721.81,109,43374.86
85,83,1,2026-04-29,5212,147,598.69,3,183.81
85,83,1,2026-04-30,26507,2060,7082.54,273,16204.07
85,83,1,2026-05-05,32959,430,500.81,63,8132.68
85,83,1,2026-05-07,39974,1764,6011.32,59,8375.04
85,83,1,2026-05-09,35453,2094,4491.11,25,2632.66
85,83,1,2026-05-11,27172,1398,6868.39,184,54466.37
85,83,1,2026-05-12,6395,496,514.73,31,6969.6
85,83,1,2026-05-16,9804,627,2957.36,32,9476.21
85,83,1,2026-05-20,42341,3068,3425.4,219,50490.74
85,83,1,2026-05-24,44276,2551,10185.75,143,23079.98
85,83,1,2026-05-25,8724,675,1730.03,55,10139.73
85,83,1,2026-05-30,31970,781,479.44,107,8180.21
85,83,1,2026-06-02,26605,1371,3013.88,108,10753.4
85,83,1,2026-06-04,42236,2902,3352.1,203,21016.56
85,83,1,2026-06-08,7587,226,598.19,5,1521.13
85,83,1,2026-06-10,9116,563,2270.21,63,24141.81
85,83,1,2026-06-12,16363,265,605.96,15,1572.67
85,83,1,2026-06-13,10296,597,851.56,87,4505.33
85,83,1,2026-06-21,19770,226,175.67,30,8909.18
85,83,1,2026-07-06,46947,2939,8222.72,371,109661.67
85,83,1,2026-07-10,27739,533,814.72,75,9178.76
85,83,1,2026-07-12,16642,936,2874.99,28,2727.38
85,83,1,2026-07-13,18575,1020,1459.61,104,40570.02
85,83,1,2026-07-23,35133,1594,1597.38,66,13642.12
85,83,1,2026-07-24,36348,775,2386.49,61,12711.06
85,83,1,2026-07-25,45360,1418,4490.01,129,41330.18
85,83,1,2026-08-02,24555,916,1007.38,94,7299.97
85,83,1,2026-08-03,10215,322,656.9,40,13751.85
85,83,1,2026-08-10,28417,1085,1250.82,154,52220.77
85,83,1,2026-08-11,2489,159,290.98,10,1828.41
85,83,1,2026-08-13,4968,391,751.26,41,16202.91
85,83,1,2026-08-14,10552,663,1095.17,46,10200.65
86,83,2,2025-08-19,14166,597,2683.58,37,6035.68
86,83,2,2025-08-24,1276,42,119.91,1,248.7
86,83,2,2025-08-28,6745,329,1598.23,4,296.87
86,83,2,2025-09-03,33338,2260,5814.55,162,24460.33
86,83,2,2025-09-08,6406,255,178.63,16,5674.27
86,83,2,2025-09-11,37471,2082,2870.86,230,41780.15
86,83,2,2025-09-14,18949,737,1198.37,93,25791.59
86,83,2,2025-09-15,10201,376,263.04,7,2622.28
86,83,2,2025-09-20,45023,1459,7146.91,99,17783.91
86,83,2,2025-10-06,20502,1631,1260.45,78,7430.73
86,83,2,2025-10-13,6486,227,161.55,30,8936.73
86,83,2,2025-10-14,44390,1600,7054.47,35,11181.93
86,83,2,2025-10-17,26234,1000,4032.51,139,28371.09
86,83,2,2025-10-19,20101,210,326.25,10,3214.56
86,83,2,2025-10-25,32385,945,2983.0,83,27028.1
86,83,2,2025-10-26,2823,205,580.06,30,8857.29
86,83,2,2025-11-02,45127,3276,10696.4,56,21823.25
86,83,2,2025-11-06,1125,88,164.07,7,1767.97
86,83,2,2025-11-19,16555,897,1521.15,68,25598.09
86,83,2,2025-11-23,38504,2352,9569.17,294,23094.53
86,83,2,2025-12-01,10027,582,373.14,50,7066.08
86,83,2,2025-12-13,47769,678,1018.69,99,8352.72
86,83,2,2025-12-15,3927,214,864.94,28,3784.74
86,83,2,2025-12-26,1150,43,97.26,3,934.56
86,83,2,2025-12-28,4650,282,1273.45,41,6943.57
86,83,2,2025-12-31,7786,425,542.22,38,2103.08
86,83,2,2026-01-03,16590,1321,1391.78,154,40283.45
86,83,2,2026-01-05,1685,48,86.95,3,1114.19
86,83,2,2026-01-07,44684,595,451.43,82,21807.52
86,83,2,2026-01-08,5199,405,230.18,46,5139.41
86,83,2,2026-01-10,17987,1164,4351.35,16,6347.15
86,83,2,2026-01-13,42798,2659,2103.33,50,15839.66
86,83,2,2026-01-17,30174,866,3266.96,72,6682.17
86,83,2,2026-01-20,41043,2189,9127.58,23,2952.64
86,83,2,2026-01-22,40035,1291,3528.63,165,20493.97
86,83,2,2026-01-23,30009,1171,4483.66,16,1619.55
86,83,2,2026-01-29,6988,386,340.02,31,2448.6
86,83,2,2026-02-01,19944,1400,883.88,128,28916.16
86,83,2,2026-02-03,10747,485,467.74,69,22563.97
86,83,2,2026-02-04,22062,336,987.59,42,16132.77
86,83,2,2026-02-11,43409,2227,5346.58,167,51529.14
86,83,2,2026-02-13,37088,505,1461.07,61,20770.22
86,83,2,2026-02-14,22142,1422,2199.75,132,34728.6
86,83,2,2026-02-17,27733,1079,2589.87,45,9880.65
86,83,2,2026-02-18,32356,610,2386.04,60,9492.22
86,83,2,2026-02-19,8531,333,1094.74,45,17804.31
86,83,2,2026-02-27,14636,620,689.22,74,21504.07
86,83,2,2026-03-04,33157,2408,3566.55,54,8066.77
86,83,2,2026-03-10,17002,628,2046.04,10,1026.35
86,83,2,2026-03-14,36060,490,1852.34,60,4280.62
86,83,2,2026-03-16,39926,2692,12519.02,76,22949.97
86,83,2,2026-03-30,25644,316,1458.05,30,7672.28
86,83,2,2026-03-31,3547,104,478.22,4,1552.06
86,83,2,2026-04-02,2306,179,713.83,5,1675.69
86,83,2,2026-04-06,18657,1070,3078.02,137,33544.3
86,83,2,2026-04-08,45299,1122,1375.67,124,17297.8
86,83,2,2026-04-14,2111,135,136.73,8,1227.82
86,83,2,2026-04-22,41781,683,1589.61,101,12557.96
86,83,2,2026-04-25,8572,94,231.66,4,1406.92
86,83,2,2026-04-28,47571,769,551.64,65,13125.06
86,83,2,2026-04-29,47898,773,1327.08,18,5483.93
86,83,2,2026-05-01,45817,512,797.39,46,10525.37
86,83,2,2026-05-03,27057,1624,8085.5,215,53917.89
86,83,2,2026-05-05,7962,563,2463.22,73,25641.48
86,83,2,2026-05-06,45860,860,2034.0,128,37661.24
86,83,2,2026-05-08,26049,741,773.83,90,20675.39
86,83,2,2026-05-14,22244,857,1494.94,50,6393.95
86,83,2,2026-05-21,39329,1449,1159.33,191,50914.41
86,83,2,2026-05-22,10691,732,2608.8,59,8007.48
86,83,2,2026-05-25,42847,1892,3619.92,161,27116.17
86,83,2,2026-05-27,31516,1071,1206.09,99,21321.86
86,83,2,2026-05-29,38986,608,2599.83,53,11335.82
86,83,2,2026-06-01,35834,2084,10285.36,199,23490.92
86,83,2,2026-06-02,14411,575,1898.81,21,1666.35
86,83,2,2026-06-03,18243,381,578.11,33,4394.19
86,83,2,2026-06-04,41723,2131,8975.77,180,25092.9
86,83,2,2026-06-05,49906,3367,11197.29,248,56340.7
86,83,2,2026-06-15,28673,2192,8019.91,222,58238.21
86,83,2,2026-06-21,4062,194,851.88,8,2463.68
86,83,2,2026-06-22,46853,3713,13030.04,422,27410.34
86,83,2,2026-06-27,15664,546,1819.31,25,6137.72
86,83,2,2026-06-30,31400,1574,2288.66,41,4961.49
86,83,2,2026-07-03,23142,979,1978.51,72,12204.93
86,83,2,2026-07-10,48675,3147,7362.91,40,7826.23
86,83,2,2026-07-12,38836,631,1928.8,8,1895.18
86,83,2,2026-07-21,39243,1455,2963.79,115,25402.75
86,83,2,2026-07-30,26655,319,1140.8,15,5073.96
86,83,2,2026-08-04,49718,511,2205.37,45,8112.65
86,83,2,2026-08-07,4361,308,865.11,36,3103.69
86,83,2,2026-08-09,7770,477,1745.96,14,5346.53
87,83,3,2025-08-19,28317,1868,8963.3,201,23819.83
87,83,3,2025-09-05,28250,1467,4590.55,155,38628.99
87,83,3,2025-09-14,15706,188,688.29,23,2957.87
87,83,3,2025-09-30,46422,987,4294.05,32,12575.83
87,83,3,2025-10-08,13248,847,1996.85,14,765.94
87,83,3,2025-10-17,37712,411,1006.46,42,4759.77
87,83,3,2025-10-20,42877,2163,3965.39,178,46351.96
87,83,3,2025-10-23,41845,2649,10254.78,80,9508.3
87,83,3,2025-11-02,47192,1150,2722.46,100,24062.02
87,83,3,2025-11-03,4034,260,624.01,22,2935.17
87,83,3,2025-11-11,36142,1454,7102.79,156,58662.32
87,83,3,2025-11-12,4796,227,975.72,25,8694.78
87,83,3,2025-11-13,27105,1286,4357.55,16,3878.01
87,83,3,2025-11-16,46268,2225,2410.82,119,7787.7
87,83,3,2025-11-18,34895,2155,4026.4,126,12108.84
87,83,3,2025-11-21,30558,332,1585.41,33,8670.65
87,83,3,2025-11-24,9330,116,194.34,5,807.26
87,83,3,2025-11-25,36600,1540,5954.2,45,2771.18
87,83,3,2025-11-28,44306,1416,3098.93,130,22967.32
87,83,3,2025-12-05,28318,723,3173.22,66,22673.82
87,83,3,2025-12-09,1461,31,87.02,2,463.12
87,83,3,2025-12-16,32465,630,2993.74,71,14856.01
87,83,3,2025-12-18,38940,2769,6342.88,271,100257.31
87,83,3,2025-12-19,7564,183,125.29,24,8149.77
87,83,3,2025-12-28,18252,862,3299.36,91,7851.9
87,83,3,2026-01-02,46299,1848,3733.28,56,17825.35
87,83,3,2026-01-04,29322,1206,2480.01,117,6479.81
87,83,3,2026-01-07,41708,2225,2775.61,146,43807.0
87,83,3,2026-01-12,39777,1501,3861.01,16,3697.23
87,83,3,2026-01-13,43370,3381,12217.55,404,92376.88
87,83,3,2026-01-14,19901,1039,725.89,74,24845.46
87,83,3,2026-01-21,29067,1313,3093.32,75,21802.81
87,83,3,2026-01-22,40087,2536,5524.08,372,126934.41
87,83,3,2026-01-25,48951,3257,7912.12,259,46499.5
87,83,3,2026-01-26,24425,392,343.24,10,1469.04
87,83,3,2026-02-01,15920,462,1831.26,44,4528.69
87,83,3,2026-02-07,4501,248,161.26,29,3553.01
87,83,3,2026-02-15,15033,239,493.59,31,1831.25
87,83,3,2026-02-22,11805,708,606.75,68,12249.87
87,83,3,2026-02-23,19553,1461,1856.02,107,23353.04
87,83,3,2026-03-11,1111,49,136.71,4,1302.14
87,83,3,2026-03-17,4717,219,1029.11,21,4604.86
87,83,3,2026-03-22,7481,353,1484.79,46,3482.98
87,83,3,2026-03-23,12437,854,3755.7,26,4084.04
87,83,3,2026-03-29,13596,867,3762.44,105,11049.36
87,83,3,2026-04-04,7769,84,259.31,2,620.93
87,83,3,2026-04-05,18655,242,603.07,24,3625.83
87,83,3,2026-04-06,27209,1153,4848.07,140,34519.4
87,83,3,2026-04-13,25240,355,1229.39,38,14768.38
87,83,3,2026-04-15,17708,575,2743.3,48,11214.6
87,83,3,2026-04-24,1628,56,210.94,3,1150.89
87,83,3,2026-04-25,14562,631,626.7,6,795.9
87,83,3,2026-04-26,14948,391,1377.77,29,6493.59
87,83,3,2026-04-28,22416,1058,2648.48,133,33037.61
87,83,3,2026-05-01,21842,815,3326.97,101,32937.9
87,83,3,2026-05-05,40519,1191,1117.97,163,62377.33
87,83,3,2026-05-08,40584,2190,9919.58,153,7748.34
87,83,3,2026-05-11,41096,3089,4446.04,152,42154.18
87,83,3,2026-05-16,13792,145,676.75,13,1428.51
87,83,3,2026-05-18,45880,2425,6826.63,199,24005.83
87,83,3,2026-05-20,39580,1914,7771.79,278,31760.92
87,83,3,2026-05-21,24828,1039,3578.25,123,6782.34
87,83,3,2026-05-22,17211,1120,3061.84,87,11314.03
87,83,3,2026-05-24,39612,2314,5586.61,194,17423.0
87,83,3,2026-05-28,26118,442,1715.88,8,806.1
87,83,3,2026-06-08,3757,75,133.38,3,370.42
87,83,3,2026-06-13,5722,457,1727.88,35,7523.78
87,83,3,2026-06-19,41401,1443,3063.11,120,42246.22
87,83,3,2026-06-21,35302,1074,1803.2,44,10611.45
87,83,3,2026-06-27,26219,524,1811.06,23,6007.26
87,83,3,2026-06-29,19874,1432,1708.33,145,38364.19
87,83,3,2026-07-03,5852,191,297.48,16,2023.32
87,83,3,2026-07-06,6209,200,903.48,10,1765.21
87,83,3,2026-07-14,14559,938,3776.14,105,30543.15
87,83,3,2026-07-15,38229,1018,2592.05,22,4468.37
87,83,3,2026-07-19,49608,3450,9780.79,411,66307.29
87,83,3,2026-07-21,32755,414,250.14,15,3878.61
87,83,3,2026-07-24,37551,1296,2480.34,173,50645.67
87,83,3,2026-07-25,13854,954,909.25,23,3359.57
87,83,3,2026-07-30,35380,1988,9890.88,75,20129.99
87,83,3,2026-08-02,4397,273,498.14,29,10342.48
87,83,3,2026-08-07,14805,243,876.73,34,11056.2
87,83,3,2026-08-09,46632,2630,7808.79,321,91830.32
87,83,3,2026-08-11,29651,2137,1956.61,185,73694.17
87,83,3,2026-08-13,20675,1270,4849.68,138,33343.09
88,71,1,2025-09-04,35855,662,2092.45,90,23677.23
88,71,1,2025-09-20,6583,293,1329.12,36,1977.45
88,71,1,2025-09-25,7549,315,1110.91,29,7364.87
88,71,1,2025-09-26,35740,2328,4870.36,330,48503.71
88,71,1,2025-09-27,46929,3477,3945.71,54,20983.58
88,71,1,2025-09-28,27787,896,1475.47,62,23552.57
88,71,1,2025-10-06,26322,993,2977.65,61,18281.78
88,71,1,2025-10-09,28378,1716,5929.7,110,36159.45
88,71,1,2025-10-15,45699,2392,1237.75,156,36966.1
88,71,1,2025-10-20,20071,1319,4831.12,34,12985.19
88,71,1,2025-10-23,31464,474,1296.96,47,16961.09
88,71,1,2025-10-28,1339,67,35.75,5,986.6
88,71,1,2025-11-02,33289,341,243.73,26,3549.92
88,71,1,2025-11-05,45672,1149,1047.46,47,9377.76
88,71,1,2025-11-06,26536,840,1122.24,66,22904.08
88,71,1,2025-11-11,14041,1067,4781.93,55,6555.72
88,71,1,2025-11-13,18609,902,1625.43,92,36186.15
88,71,1,2025-11-16,40315,1175,2844.2,16,5919.82
88,71,1,2025-11-18,13412,738,1555.1,109,40388.13
88,71,1,2025-11-20,23778,1613,7492.63,170,12406.09
88,71,1,2025-11-25,49339,988,2388.23,27,4735.49
88,71,1,2025-12-02,8427,557,1667.77,33,6390.69
88,71,1,2025-12-04,24097,421,1220.47,53,14274.34
88,71,1,2025-12-05,21696,1627,7738.45,114,8473.65
88,71,1,2025-12-06,4243,144,347.39,9,2866.79
88,71,1,2025-12-08,3345,43,64.71,6,461.95
88,71,1,2025-12-10,10810,173,264.08,4,224.38
88,71,1,2025-12-12,3848,195,483.75,3,604.13
88,71,1,2025-12-14,15848,383,232.49,8,929.41
88,71,1,2025-12-21,22373,1109,4556.86,25,8085.4
88,71,1,2025-12-25,27486,1021,4233.5,32,7956.35
88,71,1,2025-12-26,24384,1573,7317.82,124,17754.56
88,71,1,2026-01-01,8295,457,1678.53,46,12051.71
88,71,1,2026-01-02,18422,630,3128.39,33,4504.97
88,71,1,2026-01-05,31156,1997,7096.79,49,9412.03
88,71,1,2026-01-15,32715,467,1151.95,27,2618.52
88,71,1,2026-01-17,16548,1210,2251.79,114,43995.37
88,71,1,2026-01-18,31441,1984,5187.41,66,16505.13
88,71,1,2026-01-22,17876,826,2588.78,8,631.51
88,71,1,2026-01-23,6549,435,698.75,53,7013.97
88,71,1,2026-01-28,24256,576,1518.13,34,9051.84
88,71,1,2026-02-01,32359,1886,3199.31,102,19388.9
88,71,1,2026-02-02,18625,301,380.94,19,3449.16
88,71,1,2026-02-03,5569,353,1591.12,9,2502.26
88,71,1,2026-02-07,38968,1553,6544.55,61,4521.86
88,71,1,2026-02-16,10027,594,491.02,47,13418.32
88,71,1,2026-02-18,27384,922,2750.42,108,9981.43
88,71,1,2026-02-20,6825,261,562.51,6,1987.9
88,71,1,2026-02-23,3249,107,221.3,2,762.09
88,71,1,2026-03-03,31355,662,1023.12,11,2802.77
88,71,1,2026-03-06,28333,1151,4304.15,153,36818.64
88,71,1,2026-03-09,45481,694,1592.84,31,10590.54
88,71,1,2026-03-11,6129,431,339.06,7,705.86
88,71,1,2026-03-12,5520,123,543.19,18,4381.97
88,71,1,2026-03-13,49637,1908,3494.55,190,70094.55
88,71,1,2026-03-19,32941,591,445.46,77,7148.36
88,71,1,2026-03-23,15403,1100,1866.41,60,7580.35
88,71,1,2026-03-24,35356,1953,3988.06,161,54597.21
88,71,1,2026-03-31,41682,1341,2736.89,50,5317.72
88,71,1,2026-04-03,13576,1023,1331.42,33,12149.92
88,71,1,2026-04-12,17364,235,198.44,16,5769.66
88,71,1,2026-04-13,9800,212,954.35,7,467.45
88,71,1,2026-04-21,3859,65,114.36,8,1420.89
88,71,1,2026-04-24,11632,740,2551.53,76,8646.49
88,71,1,2026-04-26,28494,1706,5236.31,129,48968.45
88,71,1,2026-04-27,46149,3023,3534.43,271,60007.3
88,71,1,2026-05-01,48555,3463,13173.71,94,13033.19
88,71,1,2026-05-03,27883,905,1301.64,36,12808.73
88,71,1,2026-05-04,45857,3034,6576.16,330,121036.13
88,71,1,2026-05-18,33289,2488,9598.87,165,13898.14
88,71,1,2026-05-21,19051,1452,7034.63,195,26835.11
88,71,1,2026-05-29,41812,2876,8099.76,273,44312.55
88,71,1,2026-05-30,6903,508,1342.48,17,1839.92
88,71,1,2026-06-10,16911,286,553.66,8,2149.14
88,71,1,2026-06-14,33527,2011,9684.64,154,42825.84
88,71,1,2026-06-20,25641,874,4291.8,91,13702.13
88,71,1,2026-06-26,34534,1944,1456.94,221,52262.48
88,71,1,2026-07-11,28496,1784,6197.68,237,46939.73
88,71,1,2026-07-19,21419,239,687.82,30,3549.83
88,71,1,2026-07-20,45653,2291,3165.69,330,85185.37
88,71,1,2026-07-21,21307,378,197.66,27,8450.55
88,71,1,2026-07-24,2043,29,88.91,3,678.85
88,71,1,2026-07-27,16698,651,2801.58,58,5580.92
88,71,1,2026-08-02,13133,776,3277.43,9,712.89
88,71,1,2026-08-04,29288,983,4321.7,32,10700.44
88,71,1,2026-08-09,5309,279,1307.57,28,3138.86
88,71,1,2026-08-11,22334,671,1473.24,100,11719.49
88,71,1,2026-08-12,2605,179,299.96,4,993.8
88,71,1,2026-08-13,4141,179,458.17,22,2607.96
88,71,1,2026-08-17,24586,1458,5871.31,62,5472.54
89,71,2,2025-08-20,45464,3069,11562.7,66,9946.69
89,71,2,2025-08-22,43147,1679,7354.94,182,44733.91
89,71,2,2025-08-24,15679,871,725.33,117,23084.26
89,71,2,2025-08-25,8232,268,983.32,7,2194.83
89,71,2,2025-08-27,12227,868,944.5,44,4735.75
89,71,2,2025-08-28,6009,100,82.1,4,1306.35
89,71,2,2025-08-30,46007,1687,2156.25,132,47938.18
89,71,2,2025-09-01,16781,641,1137.81,32,3827.97
89,71,2,2025-09-09,8797,360,1544.07,27,9862.77
89,71,2,2025-09-11,9095,655,368.6,15,3012.42
89,71,2,2025-09-19,38572,2113,9705.72,59,5625.94
89,71,2,2025-09-29,41093,606,1183.34,24,7805.18
89,71,2,2025-10-01,13260,787,2892.82,12,2396.09
89,71,2,2025-10-05,40090,2871,12077.69,358,49736.67
89,71,2,2025-10-09,32527,2436,2279.73,137,21864.46
89,71,2,2025-10-11,49665,710,2981.44,75,11124.3
89,71,2,2025-10-15,25962,1906,3361.05,259,54107.55
89,71,2,2025-10-22,38180,3029,14260.1,425,109543.9
89,71,2,2025-10-26,17288,447,1829.34,44,10459.01
89,71,2,2025-11-02,14493,865,3954.75,64,14167.96
89,71,2,2025-11-03,41775,1676,7407.76,30,2541.89
89,71,2,2025-11-08,12671,443,1852.18,28,8922.62
89,71,2,2025-11-15,27366,1016,865.98,15,5966.02
89,71,2,2025-11-20,8884,625,1075.46,21,7554.51
89,71,2,2025-11-27,40084,1811,6098.98,45,4695.24
89,71,2,2025-11-28,39690,1512,990.4,186,64803.83
89,71,2,2025-12-06,35598,2036,10048.12,183,44390.15
89,71,2,2025-12-08,49690,1057,4968.53,64,7592.29
89,71,2,2025-12-09,9038,512,2554.26,48,2723.45
89,71,2,2025-12-12,25191,1642,6703.88,90,15764.13
89,71,2,2025-12-21,18423,212,395.95,27,3952.86
89,71,2,2025-12-23,43297,2799,12231.47,310,60915.2
89,71,2,2025-12-27,21928,745,596.77,24,5618.95
89,71,2,2026-01-02,40704,2482,4612.92,67,5997.99
89,71,2,2026-01-05,19058,813,1803.62,63,16660.15
89,71,2,2026-01-06,33905,1799,3379.96,209,44003.66
89,71,2,2026-01-10,10672,610,3034.11,66,25450.64
89,71,2,2026-01-16,21425,1500,3930.48,104,37951.91
89,71,2,2026-01-18,43571,2705,12561.07,210,10706.31
89,71,2,2026-01-23,48095,1010,1534.6,146,29611.95
89,71,2,2026-02-04,20879,1406,1207.39,22,6346.91
89,71,2,2026-02-06,45006,1509,6442.62,102,40398.81
89,71,2,2026-02-10,31921,1207,4774.99,15,1880.53
89,71,2,2026-02-13,20022,440,1052.88,12,4118.36
89,71,2,2026-02-19,23322,1683,5249.72,247,36745.39
89,71,2,2026-02-20,32939,1143,2876.83,25,6439.01
89,71,2,2026-03-08,49031,1419,3928.92,18,1568.32
89,71,2,2026-03-19,40897,860,3528.89,23,8956.94
89,71,2,2026-03-25,8105,527,619.34,37,6128.84
89,71,2,2026-03-26,35349,2059,2230.55,214,69507.44
89,71,2,2026-03-31,4851,327,195.48,15,1763.96
89,71,2,2026-04-03,7709,95,450.19,10,750.04
89,71,2,2026-04-06,9571,239,434.91,10,3340.16
89,71,2,2026-04-07,43321,796,3839.84,15,3256.03
89,71,2,2026-04-11,14588,753,2201.18,39,8783.26
89,71,2,2026-04-15,30782,2235,7945.13,75,17736.19
89,71,2,2026-04-19,5648,361,1742.48,46,8969.44
89,71,2,2026-04-21,46705,2497,4219.85,185,13896.51
89,71,2,2026-04-27,16552,905,4486.5,89,15754.75
89,71,2,2026-04-30,15502,614,465.84,76,18712.69
89,71,2,2026-05-04,7348,477,1572.95,62,9900.94
89,71,2,2026-05-06,31750,742,753.71,57,17711.03
89,71,2,2026-05-07,4432,142,589.29,16,2311.19
89,71,2,2026-05-11,10896,866,3483.76,32,1874.61
89,71,2,2026-05-12,36336,2604,3800.82,260,25587.02
89,71,2,2026-05-14,33848,2126,8261.01,70,10805.8
89,71,2,2026-05-15,40817,1671,4475.12,24,9316.32
89,71,2,2026-05-24,20134,633,850.85,45,5772.49
89,71,2,2026-05-30,8763,440,652.44,41,15805.63
89,71,2,2026-06-04,44904,2142,5020.0,22,1176.81
89,71,2,2026-06-07,39816,455,2115.04,8,1068.21
89,71,2,2026-06-19,11053,639,1066.68,80,10924.36
89,71,2,2026-06-23,6377,403,374.01,33,12327.52
89,71,2,2026-06-26,47046,2503,12274.15,316,61629.11
89,71,2,2026-06-28,41375,2382,9583.52,324,110322.87
89,71,2,2026-07-04,45607,3406,15706.93,510,75266.95
89,71,2,2026-07-05,48528,1870,6924.53,202,50699.08
89,71,2,2026-07-07,42039,1297,2952.14,64,24960.68
89,71,2,2026-07-17,25869,1697,5704.58,68,19334.09
89,71,2,2026-07-28,48371,2641,5683.87,80,31730.73
89,71,2,2026-07-31,32228,752,3309.23,43,12499.22
89,71,2,2026-08-05,28485,975,1278.42,37,10581.93
89,71,2,2026-08-07,11071,851,2475.23,58,8794.59
89,71,2,2026-08-12,21840,1692,8000.96,21,5022.37
89,71,2,2026-08-13,46139,1456,2691.63,95,29716.84
89,71,2,2026-08-14,4886,82,293.64,3,437.3
89,71,2,2026-08-17,9600,702,983.74,96,15910.39
90,71,3,2025-08-20,10610,345,966.73,45,5100.01
90,71,3,2025-08-26,17910,1251,2199.84,13,1500.66
90,71,3,2025-08-28,47250,1800,6147.79,197,46586.76
90,71,3,2025-08-30,6305,438,1017.69,44,7236.82
90,71,3,2025-08-31,32691,2214,9855.01,135,39884.46
90,71,3,2025-09-01,4652,168,752.97,20,7163.94
90,71,3,2025-09-06,19676,692,3416.28,48,16180.89
90,71,3,2025-09-07,11252,328,463.91,37,14338.78
90,71,3,2025-09-08,1216,92,88.69,1,236.42
90,71,3,2025-09-10,13921,778,1511.14,21,1491.66
90,71,3,2025-09-13,36458,1403,3656.95,55,16172.77
90,71,3,2025-09-16,34060,2019,5953.3,59,11935.37
90,71,3,2025-09-26,20562,211,670.65,30,10184.39
90,71,3,2025-10-04,22933,295,988.88,41,14527.76
90,71,3,2025-10-08,29835,1551,1790.53,183,29362.93
90,71,3,2025-10-09,23822,597,1638.35,32,10822.95
90,71,3,2025-10-13,34451,1950,9015.78,29,7672.79
90,71,3,2025-10-15,39910,1210,3259.42,174,13391.97
90,71,3,2025-10-21,5158,366,1584.95,25,5389.79
90,71,3,2025-10-24,28146,1562,2177.43,191,64136.6
90,71,3,2025-10-25,13805,515,1623.88,54,13951.93
90,71,3,2025-10-27,40237,1024,3236.11,136,34582.86
90,71,3,2025-10-31,2004,157,635.75,4,1068.3
90,71,3,2025-11-02,35434,2644,4836.9,325,89446.21
90,71,3,2025-11-10,27126,508,1021.69,46,11502.44
90,71,3,2025-11-11,39469,646,3108.45,15,781.45
90,71,3,2025-11-14,20159,1023,3666.49,139,48196.12
90,71,3,2025-11-15,28079,553,1063.83,46,17326.93
90,71,3,2025-11-24,37230,1306,5668.32,81,10840.5
90,71,3,2025-11-28,11953,475,1229.4,36,11012.29
90,71,3,2025-11-30,25544,1662,6818.38,196,19205.17
90,71,3,2025-12-03,38884,1668,4046.31,174,18924.86
90,71,3,2025-12-17,6658,246,615.56,9,1879.57
90,71,3,2025-12-23,2448,49,188.53,1,312.53
90,71,3,2025-12-25,6072,291,1246.29,3,1191.73
90,71,3,2025-12-27,46042,1048,3364.23,94,6851.82
90,71,3,2025-12-30,9249,346,1216.35,14,5219.1
90,71,3,2025-12-31,14621,618,1766.38,30,6431.17
90,71,3,2026-01-01,28748,882,3660.09,32,12570.15
90,71,3,2026-01-03,39210,1819,3941.16,101,35348.53
90,71,3,2026-01-09,44144,2393,2352.33,53,3200.28
90,71,3,2026-01-17,5293,246,622.16,10,1293.69
90,71,3,2026-01-23,27387,638,1377.6,53,12992.27
90,71,3,2026-01-25,23803,1633,6731.09,141,23515.52
90,71,3,2026-01-26,18889,977,3869.79,119,7157.83
90,71,3,2026-01-28,34114,843,1482.22,93,11714.79
90,71,3,2026-02-01,19495,695,1561.68,25,9467.15
90,71,3,2026-02-05,6989,407,750.0,10,3489.26
90,71,3,2026-02-09,13764,468,2037.65,57,17605.42
90,71,3,2026-02-10,7670,155,168.25,12,704.02
90,71,3,2026-02-15,29244,2077,5845.29,270,94237.0
90,71,3,2026-02-19,5829,124,412.54,1,185.44
90,71,3,2026-02-22,24879,974,749.71,75,7013.13
90,71,3,2026-02-24,22631,742,996.97,80,18036.49
90,71,3,2026-02-27,8365,652,2374.55,79,16644.11
90,71,3,2026-03-04,38098,2028,3398.12,87,31463.72
90,71,3,2026-03-09,10174,403,1769.86,20,4687.01
90,71,3,2026-03-12,14127,607,705.66,28,5937.83
90,71,3,2026-03-14,13853,579,680.6,69,11346.04
90,71,3,2026-03-24,3110,80,300.91,9,2298.33
90,71,3,2026-03-26,46442,757,1383.24,75,19556.05
90,71,3,2026-03-28,21860,403,1560.16,35,9274.22
90,71,3,2026-03-29,30542,1915,2255.7,216,16173.46
90,71,3,2026-04-02,24278,1438,5722.26,16,2108.72
90,71,3,2026-04-03,6547,363,1684.98,38,12841.39
90,71,3,2026-04-09,34718,2451,6539.3,111,20140.64
90,71,3,2026-04-19,2495,55,51.45,3,233.18
90,71,3,2026-04-21,29687,1112,5157.8,78,10481.92
90,71,3,2026-04-24,8184,313,1418.87,43,14676.41
90,71,3,2026-04-25,23108,1084,3843.45,110,15916.68
90,71,3,2026-05-05,34891,1113,4077.5,122,30313.34
90,71,3,2026-05-06,29776,2358,2067.42,250,65353.94
90,71,3,2026-05-15,6271,425,452.29,51,2948.64
90,71,3,2026-05-17,14524,502,1473.52,47,6416.05
90,71,3,2026-06-04,15848,226,1048.53,20,7516.87
90,71,3,2026-06-07,25832,2040,3718.4,298,94444.54
90,71,3,2026-06-16,43376,1238,1524.94,177,23249.57
90,71,3,2026-06-17,32735,2413,8721.98,167,15581.29
90,71,3,2026-06-23,1242,73,256.01,4,1585.74
90,71,3,2026-06-26,26844,2082,4212.14,127,34444.49
90,71,3,2026-06-27,41119,1166,4265.35,145,52936.12
90,71,3,2026-07-01,46863,3377,11286.87,223,67406.62
90,71,3,2026-07-03,5437,372,902.48,5,562.15
90,71,3,2026-07-04,46597,1183,2520.7,51,2614.18
90,71,3,2026-07-05,8680,398,263.61,42,2495.19
90,71,3,2026-07-12,26653,1468,1196.55,193,64217.36
90,71,3,2026-07-13,32425,1961,5775.16,157,48291.77
90,71,3,2026-07-22,41409,1288,792.03,144,56548.17
90,71,3,2026-07-24,26811,603,2784.03,84,29099.43
90,71,3,2026-07-26,47222,2682,10508.46,328,117241.45
90,71,3,2026-08-09,17508,504,673.73,59,13388.51
90,71,3,2026-08-10,24969,1991,1681.52,229,70175.53
90,71,3,2026-08-11,31274,369,1225.33,7,845.32
90,71,3,2026-08-17,34805,1344,5163.4,168,57974.34
91,32,1,2025-08-26,8055,461,536.32,19,5202.44
91,32,1,2025-09-05,4045,171,538.78,6,1312.53
91,32,1,2025-09-09,20563,1122,5493.59,32,10082.53
91,32,1,2025-09-11,34662,1864,8759.87,51,3043.29
91,32,1,2025-09-25,13915,215,117.24,10,1471.72
91,32,1,2025-09-30,34633,1139,5329.78,23,6445.11
91,32,1,2025-10-02,44002,1459,6859.7,62,5658.5
91,32,1,2025-10-05,35812,1492,1401.37,172,28327.05
91,32,1,2025-10-07,34600,1297,5634.36,190,13458.09
91,32,1,2025-10-11,3544,110,181.6,9,3110.79
91,32,1,2025-10-13,14648,360,257.2,29,5866.07
91,32,1,2025-10-16,9035,414,1694.35,47,18346.78
91,32,1,2025-10-19,9929,386,853.9,5,797.08
91,32,1,2025-10-21,8774,456,650.38,27,2106.56
91,32,1,2025-10-22,22777,627,1815.97,72,14035.12
91,32,1,2025-11-05,6199,145,668.9,19,6339.11
91,32,1,2025-11-09,11339,477,1502.95,35,7742.04
91,32,1,2025-11-15,48408,997,4167.34,107,41225.15
91,32,1,2025-11-16,20698,722,3319.02,11,4158.71
91,32,1,2025-11-17,14162,1051,3004.34,143,25265.25
91,32,1,2025-11-18,5237,414,1377.85,7,432.71
91,32,1,2025-11-20,41188,2235,6410.12,323,83757.55
91,32,1,2025-11-23,44285,3097,12048.26,31,2209.05
91,32,1,2025-11-24,27038,660,2996.35,56,6995.88
91,32,1,2025-11-28,26128,505,1009.23,61,11604.71
91,32,1,2025-11-30,3731,248,1238.26,7,1912.03
91,32,1,2025-12-05,17310,897,3608.61,37,9993.63
91,32,1,2025-12-07,45276,1441,3205.59,59,16274.66
91,32,1,2025-12-10,34156,650,2277.72,25,7004.52
91,32,1,2025-12-12,4078,267,618.05,16,4249.64
91,32,1,2025-12-15,20117,378,1690.41,38,2140.24
91,32,1,2025-12-17,23000,715,1623.73,51,10595.68
91,32,1,2025-12-20,2169,171,438.28,10,3164.22
91,32,1,2025-12-26,36788,1328,1330.2,30,9717.79
91,32,1,2025-12-31,41004,2590,7642.11,65,16693.04
91,32,1,2026-01-13,3925,110,314.64,13,1776.95
91,32,1,2026-01-14,48777,2855,12080.91,328,64535.27
91,32,1,2026-01-15,27788,1986,2358.64,164,27076.49
91,32,1,2026-01-17,33720,418,877.73,34,11300.76
91,32,1,2026-01-20,15579,724,1610.03,68,3411.41
91,32,1,2026-01-21,2221,39,33.35,3,455.37
91,32,1,2026-01-24,13807,284,610.76,10,1761.97
91,32,1,2026-01-29,42390,1501,3585.1,166,25255.13
91,32,1,2026-02-06,43512,1826,6843.93,22,3164.25
91,32,1,2026-02-15,33555,539,274.74,34,2020.68
91,32,1,2026-02-22,11090,351,893.68,46,8886.86
91,32,1,2026-03-01,33595,2237,1338.02,220,80371.36
91,32,1,2026-03-02,29685,541,2697.29,44,13441.68
91,32,1,2026-03-03,3847,297,1469.68,14,2375.41
91,32,1,2026-03-04,28974,696,1918.76,95,33366.71
91,32,1,2026-03-06,28776,694,560.39,20,5969.08
91,32,1,2026-03-07,7277,542,1768.08,29,2911.33
91,32,1,2026-03-09,14250,925,4166.81,112,20262.25
91,32,1,2026-03-11,24309,324,1562.35,5,1027.78
91,32,1,2026-03-19,16754,1187,3301.8,29,2210.26
91,32,1,2026-03-21,39943,2058,9994.89,112,36858.89
91,32,1,2026-03-23,31893,1792,8163.42,125,33426.77
91,32,1,2026-03-31,7284,84,174.95,0,0.0
91,32,1,2026-04-03,20505,1577,4296.76,121,24771.26
91,32,1,2026-04-05,38884,1646,6491.46,136,50683.39
91,32,1,2026-04-07,15170,1052,4447.88,58,4640.06
91,32,1,2026-04-17,44807,635,559.83,67,19400.54
91,32,1,2026-04-18,13423,357,819.53,15,2933.79
91,32,1,2026-04-20,40210,838,3902.91,99,23673.78
91,32,1,2026-04-23,27058,1036,969.39,65,20304.64
91,32,1,2026-04-29,9515,369,366.87,18,6150.99
91,32,1,2026-04-30,29182,1695,3792.79,200,75229.02
91,32,1,2026-05-02,28565,843,2916.34,79,16299.66
91,32,1,2026-05-03,10316,645,2297.52,71,11062.03
91,32,1,2026-05-13,21720,506,2361.99,37,6483.33
91,32,1,2026-05-18,39821,1719,2138.51,229,85524.66
91,32,1,2026-05-19,36915,412,753.06,48,16901.15
91,32,1,2026-05-23,28628,821,2880.05,12,4134.87
91,32,1,2026-05-28,15955,669,1689.32,24,2577.51
91,32,1,2026-05-31,47726,2202,5970.75,61,11307.5
91,32,1,2026-06-01,26171,596,320.6,10,3330.6
91,32,1,2026-06-02,39235,2395,5770.24,326,52397.22
91,32,1,2026-06-04,37210,1358,2249.61,73,11786.49
91,32,1,2026-06-08,21139,563,1826.54,83,5341.05
91,32,1,2026-06-09,27821,1027,888.07,112,31789.28
91,32,1,2026-06-10,31517,481,1147.67,43,6878.12
91,32,1,2026-06-15,9749,370,1314.36,15,5229.76
91,32,1,2026-06-20,2178,145,451.61,14,5036.17
91,32,1,2026-06-21,5577,279,653.81,19,3026.16
91,32,1,2026-06-23,8964,377,1123.8,6,1714.9
91,32,1,2026-06-24,6964,199,379.84,22,8691.32
91,32,1,2026-06-27,20339,1083,1028.64,121,36190.04
91,32,1,2026-06-28,44780,3309,13216.25,103,32836.44
91,32,1,2026-07-03,19204,1035,2620.17,140,37088.74
91,32,1,2026-07-06,43065,500,1677.45,45,2877.37
91,32,1,2026-07-09,4055,267,1244.91,19,1840.92
91,32,1,2026-07-13,22492,1118,3702.86,57,8729.52
91,32,1,2026-07-14,13875,621,677.31,38,3486.43
91,32,1,2026-07-15,38819,1570,5939.68,232,57983.08
91,32,1,2026-07-17,13336,311,362.62,36,14269.58
91,32,1,2026-07-19,29335,1124,3572.17,168,48758.49
91,32,1,2026-07-24,37027,1197,3770.55,120,16958.09
91,32,1,2026-07-26,38445,2113,1257.93,126,34337.04
91,32,1,2026-07-28,34162,1205,3581.76,105,12612.12
91,32,1,2026-07-29,15026,321,181.8,27,2412.11
91,32,1,2026-08-06,41933,727,854.05,47,7020.06
91,32,1,2026-08-15,38627,2883,12636.42,302,91087.54
92,32,2,2025-08-19,37318,725,2807.45,69,9761.3
92,32,2,2025-08-21,4551,145,500.69,2,773.67
92,32,2,2025-08-29,20377,1054,5012.78,54,15654.0
92,32,2,2025-08-30,20898,1495,6129.81,182,15884.25
92,32,2,2025-09-02,32934,1272,5698.9,18,6448.5
92,32,2,2025-09-04,21218,1440,1719.89,196,60360.08
92,32,2,2025-09-06,45289,753,1477.45,84,9199.31
92,32,2,2025-09-08,27578,1616,8026.17,98,26019.17
92,32,2,2025-09-10,9932,159,584.23,4,1304.54
92,32,2,2025-09-12,4169,77,134.66,11,2095.18
92,32,2,2025-09-16,49727,527,2295.05,56,15720.41
92,32,2,2025-09-18,40446,2564,10049.86,69,14609.3
92,32,2,2025-09-22,41920,1997,6165.37,82,13671.67
92,32,2,2025-09-28,8596,445,1190.49,9,2772.19
92,32,2,2025-10-01,4576,363,1687.65,6,1904.99
92,32,2,2025-10-04,18671,996,857.42,143,50818.59
92,32,2,2025-10-08,7423,90,336.04,7,499.77
92,32,2,2025-10-23,18159,445,1887.86,52,6280.67
92,32,2,2025-10-28,8385,598,539.33,27,7059.8
92,32,2,2025-10-29,37408,1803,2416.79,51,17198.31
92,32,2,2025-11-01,14081,538,1820.03,59,19263.08
92,32,2,2025-11-02,44378,1010,1989.49,80,8902.27
92,32,2,2025-11-05,13610,409,848.81,57,6627.16
92,32,2,2025-11-06,23238,1813,8258.78,168,56159.13
92,32,2,2025-11-19,15076,918,817.45,41,4492.51
92,32,2,2025-11-26,48700,3114,8235.71,94,33390.15
92,32,2,2025-11-28,33314,2429,10198.72,341,59762.87
92,32,2,2025-12-04,47590,1292,5526.09,39,11086.32
92,32,2,2025-12-08,11426,636,1855.53,58,15115.3
92,32,2,2025-12-10,40925,3144,11777.15,92,31977.74
92,32,2,2025-12-15,7203,350,1587.36,45,13527.64
92,32,2,2025-12-16,43386,2299,9597.59,325,67447.58
92,32,2,2025-12-19,16037,179,771.78,25,1531.85
92,32,2,2026-01-02,25035,1536,1957.45,88,6391.21
92,32,2,2026-01-05,22213,261,960.95,4,542.18
92,32,2,2026-01-13,2795,144,491.56,16,3647.23
92,32,2,2026-01-21,32071,1097,3007.48,30,4205.17
92,32,2,2026-01-24,14967,609,1664.81,73,16835.73
92,32,2,2026-01-29,25028,1954,5156.97,273,86247.82
92,32,2,2026-01-30,41761,1826,4943.25,105,19767.42
92,32,2,2026-02-01,19971,874,2765.47,74,28167.27
92,32,2,2026-02-11,2302,176,524.17,16,5073.42
92,32,2,2026-02-14,39458,570,2037.53,84,24409.29
92,32,2,2026-02-20,10465,526,1862.63,69,16349.04
92,32,2,2026-02-26,31704,622,1421.88,48,4064.68
92,32,2,2026-03-03,12756,569,982.53,56,19370.52
92,32,2,2026-03-04,7567,602,1521.23,11,2815.72
92,32,2,2026-03-21,25264,1863,5933.56,78,23757.31
92,32,2,2026-03-23,31933,1062,2530.21,95,27651.13
92,32,2,2026-03-24,36049,2567,2105.91,353,24480.9
92,32,2,2026-03-26,13079,563,530.78,84,23310.64
92,32,2,2026-03-31,21337,374,850.87,22,1869.3
92,32,2,2026-04-02,9491,377,647.12,21,6279.29
92,32,2,2026-04-04,25912,1667,6148.2,166,13080.58
92,32,2,2026-04-06,42745,1458,1168.6,68,16597.52
92,32,2,2026-04-09,25855,564,2618.32,61,12912.06
92,32,2,2026-04-14,23398,1525,5333.39,166,48477.56
92,32,2,2026-04-16,10995,784,1574.94,94,4887.93
92,32,2,2026-04-18,34120,1535,3299.53,143,50001.34
92,32,2,2026-05-02,13849,633,749.36,6,304.49
92,32,2,2026-05-04,12908,870,1397.83,81,32091.44
92,32,2,2026-05-11,43448,924,475.68,125,19686.51
92,32,2,2026-05-18,33828,1468,1932.35,174,40350.48
92,32,2,2026-05-28,4456,230,700.41,20,1279.41
92,32,2,2026-06-08,45637,2532,2549.57,293,37717.42
92,32,2,2026-06-09,2392,59,56.37,3,857.97
92,32,2,2026-06-10,36948,738,3386.64,17,1988.76
92,32,2,2026-06-11,26108,1743,5024.95,199,71761.94
92,32,2,2026-06-14,13320,913,1238.62,136,12849.78
92,32,2,2026-06-15,27883,1975,5903.51,169,30305.64
92,32,2,2026-07-04,21306,1132,4878.54,146,20541.08
92,32,2,2026-07-05,28623,1593,1809.84,235,87907.55
92,32,2,2026-07-07,33069,864,1955.56,124,38762.67
92,32,2,2026-07-10,39856,1138,5580.41,164,43805.17
92,32,2,2026-07-11,30183,2362,11792.31,227,26333.17
92,32,2,2026-07-15,43982,2221,3715.62,170,51077.11
92,32,2,2026-07-17,10518,727,3349.55,71,16051.64
92,32,2,2026-07-18,49072,2815,8514.25,414,165400.86
92,32,2,2026-07-19,8496,663,1163.15,39,7728.35
92,32,2,2026-07-26,3144,248,311.93,18,5566.21
92,32,2,2026-07-28,40207,2785,10406.88,324,126978.83
92,32,2,2026-08-02,3801,112,369.03,5,529.42
92,32,2,2026-08-03,38775,2110,7886.11,31,3522.68
92,32,2,2026-08-06,36340,560,2330.93,82,13875.9
92,32,2,2026-08-12,22709,513,533.48,7,571.58
92,32,2,2026-08-13,27231,381,1898.47,30,10961.76
92,32,2,2026-08-15,48191,3072,8500.67,146,16428.53
93,32,3,2025-08-19,44943,667,1293.33,71,7032.46
93,32,3,2025-08-22,13666,987,3627.57,26,7696.46
93,32,3,2025-08-27,30610,2349,6955.76,248,65503.2
93,32,3,2025-09-01,6742,244,553.79,7,698.32
93,32,3,2025-09-04,33368,854,3850.6,51,16934.93
93,32,3,2025-09-19,43288,2769,3011.69,211,20174.67
93,32,3,2025-10-01,18672,822,3981.89,97,37230.8
93,32,3,2025-10-04,19205,474,1200.37,6,613.12
93,32,3,2025-10-10,44557,2174,4814.0,284,63563.36
93,32,3,2025-10-11,4606,114,421.76,4,219.58
93,32,3,2025-10-20,6667,281,657.39,10,1391.24
93,32,3,2025-11-01,44457,1541,5570.64,60,7500.36
93,32,3,2025-11-02,1927,150,681.56,20,4554.23
93,32,3,2025-11-10,25390,1381,3759.33,38,10667.84
93,32,3,2025-11-13,18239,948,1384.62,12,3138.69
93,32,3,2025-11-22,42740,3112,7681.24,312,104914.22
93,32,3,2025-11-26,9022,653,1729.75,96,26139.97
93,32,3,2025-12-03,45905,808,895.35,106,13098.22
93,32,3,2025-12-06,46433,3392,11108.86,62,23377.99
93,32,3,2025-12-12,25347,499,2093.45,45,9691.45
93,32,3,2025-12-16,12881,586,1558.05,19,6992.69
93,32,3,2025-12-19,48917,3224,4937.22,179,41940.11
93,32,3,2025-12-21,22962,334,991.19,47,7599.35
93,32,3,2025-12-23,17568,794,2552.93,29,2586.42
93,32,3,2025-12-25,47081,2502,10781.76,266,87692.92
93,32,3,2025-12-28,23036,461,262.48,15,2511.46
93,32,3,2025-12-29,8578,660,1289.7,68,15706.49
93,32,3,2026-01-01,3087,115,558.45,8,2118.35
93,32,3,2026-01-07,44399,2544,2074.89,93,21587.44
93,32,3,2026-01-19,18699,802,1893.14,65,15058.02
93,32,3,2026-01-23,15140,752,449.05,100,23684.79
93,32,3,2026-01-25,1007,15,28.09,0,0.0
93,32,3,2026-01-26,27958,1886,1306.2,203,22380.17
93,32,3,2026-01-27,5290,70,236.04,8,898.81
93,32,3,2026-01-28,11384,561,1515.83,6,1076.23
93,32,3,2026-01-29,28585,2032,5465.51,278,107459.32
93,32,3,2026-01-30,38069,2066,3834.7,291,43218.54
93,32,3,2026-02-03,8291,481,1182.91,62,3228.9
93,32,3,2026-02-08,14540,1082,2413.65,160,34068.37
93,32,3,2026-02-10,48047,3035,14593.87,453,85484.35
93,32,3,2026-02-11,16162,846,922.18,111,34675.12
93,32,3,2026-02-13,38432,2747,7592.55,176,9615.1
93,32,3,2026-02-14,7768,526,343.8,18,2328.81
93,32,3,2026-02-20,6499,449,1874.75,44,17434.16
93,32,3,2026-02-22,37052,2811,3019.61,36,5607.61
93,32,3,2026-02-23,14444,1082,2540.09,142,12707.15
93,32,3,2026-02-27,44057,3199,9063.45,100,36574.09
93,32,3,2026-03-06,3674,242,871.51,8,1498.14
93,32,3,2026-03-13,34097,1312,1234.06,65,19901.44
93,32,3,2026-03-20,44648,775,2890.35,101,23633.83
93,32,3,2026-03-23,8296,445,1148.19,17,2858.62
93,32,3,2026-03-24,13286,853,753.02,121,33180.46
93,32,3,2026-03-30,39768,456,403.78,31,11106.28
93,32,3,2026-04-02,43181,1732,4933.67,101,35169.87
93,32,3,2026-04-04,33602,641,2406.94,28,2530.42
93,32,3,2026-04-05,8927,458,396.7,61,17955.42
93,32,3,2026-04-17,44314,1734,7177.34,68,25836.31
93,32,3,2026-04-22,19143,1297,2100.78,92,19143.87
93,32,3,2026-04-28,25628,1441,6232.66,141,26166.23
93,32,3,2026-05-03,10418,797,2506.15,87,34295.41
93,32,3,2026-05-04,6109,93,167.07,12,4721.7
93,32,3,2026-05-05,22838,418,1411.44,26,4227.44
93,32,3,2026-05-06,28279,1277,5408.31,181,33292.31
93,32,3,2026-05-10,34710,534,391.62,79,29601.26
93,32,3,2026-05-12,27519,1949,4807.0,236,63403.17
93,32,3,2026-06-01,41852,1098,4205.99,142,29162.19
93,32,3,2026-06-06,39666,905,619.84,53,6911.57
93,32,3,2026-06-15,33705,1199,3081.67,133,30354.61
93,32,3,2026-07-02,35055,1540,5567.44,21,3517.53
93,32,3,2026-07-04,31375,1536,2212.06,64,6732.18
93,32,3,2026-07-05,29800,1931,8093.13,39,14811.92
93,32,3,2026-07-07,15174,674,1207.28,16,5619.52
93,32,3,2026-07-09,23501,361,438.22,4,344.9
93,32,3,2026-07-12,4114,278,287.29,3,392.64
93,32,3,2026-07-13,19401,302,201.51,20,2848.13
93,32,3,2026-07-17,41692,1551,6045.34,46,7728.22
93,32,3,2026-07-18,22696,1772,6752.6,206,39646.14
93,32,3,2026-07-21,36936,1292,2418.95,125,30602.07
93,32,3,2026-07-23,25846,272,872.74,6,2198.51
93,32,3,2026-07-24,1192,13,55.54,1,381.58
93,32,3,2026-07-25,24170,499,649.4,43,14165.66
93,32,3,2026-07-27,23139,1600,4808.29,79,27647.86
93,32,3,2026-08-02,32293,973,4445.74,81,4210.42
93,32,3,2026-08-05,33521,1177,5692.59,49,16205.21
93,32,3,2026-08-07,19676,1108,5359.42,95,13584.15
93,32,3,2026-08-09,42062,795,1929.52,76,16425.71
93,32,3,2026-08-13,20673,631,2657.56,65,23581.79
93,32,3,2026-08-18,10091,568,1707.49,70,4433.31
94,57,1,2025-08-28,4115,56,69.86,2,531.36
94,57,1,2025-08-29,31589,759,2670.28,44,6438.94
94,57,1,2025-08-30,32939,1392,6647.47,53,7186.89
94,57,1,2025-09-01,46422,1447,1654.32,100,8795.21
94,57,1,2025-09-09,49889,2538,4227.22,378,96777.09
94,57,1,2025-09-13,10658,137,221.03,7,803.57
94,57,1,2025-09-19,12308,686,2103.25,88,34055.35
94,57,1,2025-09-20,23467,466,704.15,24,6162.56
94,57,1,2025-09-28,46823,1577,1290.25,194,58025.62
94,57,1,2025-10-02,18045,918,2178.92,129,37974.08
94,57,1,2025-10-08,4315,178,385.58,19,6990.94
94,57,1,2025-10-09,14297,752,1297.69,68,25938.33
94,57,1,2025-10-13,34094,1539,6320.38,157,13576.05
94,57,1,2025-10-25,38404,722,3032.61,44,6033.4
94,57,1,2025-10-27,47988,1040,2831.09,33,2177.86
94,57,1,2025-10-30,32229,588,986.0,24,4128.67
94,57,1,2025-11-06,38618,556,709.85,51,9184.4
94,57,1,2025-11-10,36388,1016,3493.48,75,29305.47
94,57,1,2025-11-13,21980,1182,1939.7,163,9048.56
94,57,1,2025-11-15,1437,114,516.08,7,2543.48
94,57,1,2025-11-17,34200,923,4273.27,135,17480.88
94,57,1,2025-11-24,43072,2200,5200.67,46,16566.5
94,57,1,2025-11-27,18348,1420,5769.39,181,36384.7
94,57,1,2025-11-28,26379,1842,7583.36,202,28418.0
94,57,1,2025-11-29,7319,408,1562.29,51,6524.19
94,57,1,2025-12-07,4343,330,894.31,9,3430.48
94,57,1,2025-12-12,38002,2123,5630.49,300,41973.06
94,57,1,2025-12-13,34808,2433,5020.62,91,31228.88
94,57,1,2025-12-14,47846,2204,5840.95,117,23624.6
94,57,1,2025-12-17,24991,791,1055.42,104,22291.2
94,57,1,2025-12-28,14064,778,725.86,78,27789.92
94,57,1,2025-12-30,44101,1867,4080.48,233,59241.22
94,57,1,2026-01-03,29578,2011,1314.72,157,37403.58
94,57,1,2026-01-08,12165,494,810.69,71,22709.82
94,57,1,2026-01-09,31975,547,850.82,79,9595.06
94,57,1,2026-01-10,8582,130,72.93,1,153.76
94,57,1,2026-01-11,48608,2439,9090.26,163,17655.81
94,57,1,2026-01-16,17372,922,3547.55,97,15052.34
94,57,1,2026-01-17,9671,443,1246.57,44,11163.39
94,57,1,2026-01-18,9184,704,1921.69,63,11256.98
94,57,1,2026-01-26,40728,3160,14817.1,347,54836.84
94,57,1,2026-01-27,9648,683,870.95,10,1501.12
94,57,1,2026-01-28,29861,1366,3963.59,197,48774.77
94,57,1,2026-01-30,45194,747,1851.56,102,20846.12
94,57,1,2026-02-04,1589,21,90.58,2,216.56
94,57,1,2026-02-13,27094,1396,3759.66,194,35591.86
94,57,1,2026-02-25,28744,580,1451.73,42,10690.94
94,57,1,2026-03-05,8493,326,1369.09,4,797.51
94,57,1,2026-03-07,38661,2291,6531.25,158,44404.83
94,57,1,2026-03-08,37036,1648,6860.13,166,13590.53
94,57,1,2026-03-18,30210,1132,4604.78,105,13895.3
94,57,1,2026-03-19,16326,711,2316.83,89,17220.87
94,57,1,2026-03-21,44921,778,567.01,17,4965.53
94,57,1,2026-03-22,44673,456,1605.59,28,6012.76
94,57,1,2026-03-23,31388,1642,2623.46,17,5309.39
94,57,1,2026-03-29,8030,410,1754.29,18,3377.21
94,57,1,2026-04-02,31252,1623,2620.25,106,6586.59
94,57,1,2026-04-09,24068,403,392.57,11,2793.32
94,57,1,2026-04-12,25164,856,1844.94,105,15714.82
94,57,1,2026-04-19,26228,703,641.93,72,9093.24
94,57,1,2026-04-22,13856,340,1535.04,44,6539.75
94,57,1,2026-04-26,11912,220,757.0,10,504.88
94,57,1,2026-04-29,18208,270,848.36,21,3270.79
94,57,1,2026-05-03,46151,3442,11931.46,127,31794.37
94,57,1,2026-05-04,33071,1311,6258.1,134,45793.1
94,57,1,2026-05-05,28204,1319,5928.58,168,55431.57
94,57,1,2026-05-12,25417,1450,5664.07,147,33883.63
94,57,1,2026-05-18,30725,2361,3426.65,173,24267.39
94,57,1,2026-05-26,26176,294,583.6,21,5117.62
94,57,1,2026-06-02,20996,441,2042.66,39,4996.37
94,57,1,2026-06-05,7301,291,540.98,13,4884.3
94,57,1,2026-06-06,22609,1617,2875.72,207,17743.77
94,57,1,2026-06-07,4176,220,494.78,28,6161.25
94,57,1,2026-06-09,9636,127,616.31,2,437.02
94,57,1,2026-06-11,32969,1108,4961.07,32,6422.94
94,57,1,2026-06-15,48778,3376,5631.99,485,37346.22
94,57,1,2026-06-18,6039,317,554.46,35,8069.0
94,57,1,2026-06-22,33420,2074,5067.12,193,44305.76
94,57,1,2026-06-23,2443,83,66.32,1,346.6
94,57,1,2026-07-02,23095,253,569.26,18,2745.39
94,57,1,2026-07-12,23950,1316,4648.26,125,43414.49
94,57,1,2026-07-23,28322,2252,4832.7,31,3394.73
94,57,1,2026-08-01,32537,2457,2478.5,295,20862.45
94,57,1,2026-08-02,12485,309,185.14,12,3677.67
94,57,1,2026-08-06,13655,673,3278.91,70,26919.77
94,57,1,2026-08-07,8946,247,1166.96,9,2623.4
94,57,1,2026-08-08,6657,357,1359.35,23,3951.34
94,57,1,2026-08-09,18921,1272,4433.85,82,32433.44
94,57,1,2026-08-10,34657,2695,6021.21,260,34811.54
94,57,1,2026-08-17,5373,138,181.3,8,2871.03
94,57,1,2026-08-18,1281,95,445.39,0,0.0
95,57,2,2025-08-23,7998,282,1389.1,31,10981.86
95,57,2,2025-09-02,23386,1588,1506.2,86,21666.38
95,57,2,2025-09-05,7634,319,1486.74,16,1804.13
95,57,2,2025-09-08,31928,409,916.65,60,8207.25
95,57,2,2025-09-21,6665,69,286.96,7,538.19
95,57,2,2025-09-23,44323,2921,6774.54,127,7771.9
95,57,2,2025-09-28,2245,158,169.88,15,1831.51
95,57,2,2025-09-30,9414,289,717.84,23,4722.97
95,57,2,2025-10-09,3605,175,773.94,18,3042.81
95,57,2,2025-10-12,7719,264,885.75,39,2931.14
95,57,2,2025-10-16,18736,590,1504.65,14,1229.12
95,57,2,2025-11-02,12078,780,1580.5,47,11352.21
95,57,2,2025-11-03,5342,310,1100.66,42,6661.76
95,57,2,2025-11-10,36520,1362,4043.39,25,7413.39
95,57,2,2025-11-17,8336,330,1433.31,48,9093.09
95,57,2,2025-11-22,6931,127,580.36,12,2935.3
95,57,2,2025-11-25,20499,433,1811.44,30,11751.88
95,57,2,2025-11-26,24031,1337,4417.54,170,45793.84
95,57,2,2025-11-27,5793,232,333.19,18,3368.33
95,57,2,2025-12-03,36619,1422,2250.21,170,24841.38
95,57,2,2025-12-10,45154,1112,4451.92,117,22663.34
95,57,2,2025-12-12,35079,1482,5031.08,24,7067.49
95,57,2,2025-12-14,44451,2026,6387.95,219,45144.59
95,57,2,2025-12-16,15849,537,300.82,77,11882.57
95,57,2,2026-01-02,35073,501,621.85,45,13330.51
95,57,2,2026-01-04,14504,614,983.7,82,19311.24
95,57,2,2026-01-12,35701,1355,862.27,112,18207.84
95,57,2,2026-01-15,38013,575,395.19,29,1575.12
95,57,2,2026-01-25,31164,879,691.02,35,13192.19
95,57,2,2026-01-28,43023,2358,4949.59,142,49042.57
95,57,2,2026-01-29,24747,948,3323.98,41,7139.96
95,57,2,2026-01-31,16684,897,1759.22,87,8766.17
95,57,2,2026-02-01,23784,1609,2664.53,163,46331.03
95,57,2,2026-02-03,11293,536,704.76,46,10421.7
95,57,2,2026-02-04,11417,326,1336.5,10,2020.78
95,57,2,2026-02-19,27024,1979,5900.36,241,77503.06
95,57,2,2026-02-20,38319,645,2345.73,26,6548.78
95,57,2,2026-02-28,15935,410,882.68,19,6658.38
95,57,2,2026-03-01,39444,1746,6194.04,221,37454.64
95,57,2,2026-03-06,14239,992,3583.2,145,35751.73
95,57,2,2026-03-10,26415,468,1482.95,9,2591.47
95,57,2,2026-03-12,36368,507,2088.26,64,17803.8
95,57,2,2026-03-16,22570,1100,1764.08,34,1775.24
95,57,2,2026-03-20,4522,219,132.32,10,3904.19
95,57,2,2026-03-23,25190,262,828.4,15,3395.9
95,57,2,2026-04-01,24466,767,773.81,113,42272.95
95,57,2,2026-04-03,44526,2504,4028.85,185,71701.6
95,57,2,2026-04-04,15661,1113,3126.82,53,17460.53
95,57,2,2026-04-09,39800,791,835.97,64,9066.26
95,57,2,2026-04-16,39949,1686,3498.4,56,6996.7
95,57,2,2026-04-17,30962,607,1809.97,25,5752.04
95,57,2,2026-04-19,18841,998,2978.97,65,7475.76
95,57,2,2026-04-24,19855,332,1206.66,17,5947.61
95,57,2,2026-04-27,33654,2174,8927.77,46,2572.76
95,57,2,2026-04-29,8014,427,1025.86,50,3679.28
95,57,2,2026-05-02,48823,2432,4495.92,86,14740.32
95,57,2,2026-05-06,3851,60,291.31,5,1685.6
95,57,2,2026-05-12,28222,1963,1207.1,240,51866.83
95,57,2,2026-05-13,13927,431,2126.24,20,6002.0
95,57,2,2026-05-29,44068,1799,1944.36,149,34855.92
95,57,2,2026-05-30,26968,538,2262.32,43,13232.12
95,57,2,2026-06-02,10729,562,1378.7,13,2680.52
95,57,2,2026-06-08,19648,1181,2220.96,100,7253.23
95,57,2,2026-06-25,35922,1094,2969.42,137,44844.12
95,57,2,2026-06-27,47215,3746,17365.95,490,26068.06
95,57,2,2026-07-01,43413,2995,1764.86,307,98184.0
95,57,2,2026-07-09,32254,1903,4437.53,120,25574.04
95,57,2,2026-07-10,29856,959,2183.86,103,26826.76
95,57,2,2026-07-11,33693,2509,10975.07,220,80364.5
95,57,2,2026-07-21,2940,49,27.43,5,563.61
95,57,2,2026-07-24,48492,3720,16007.52,60,8699.7
95,57,2,2026-07-29,6496,105,206.04,2,307.62
95,57,2,2026-08-01,27204,494,284.53,48,6424.15
95,57,2,2026-08-05,9144,572,1967.04,61,12435.65
95,57,2,2026-08-14,17826,874,976.8,60,14214.62
96,57,3,2025-08-20,3819,130,99.66,10,1402.72
96,57,3,2025-08-21,3211,124,246.76,15,1436.18
96,57,3,2025-08-22,23316,1170,2408.22,159,46750.78
96,57,3,2025-08-24,32513,2261,7930.13,96,33736.9
96,57,3,2025-09-01,43995,2086,7988.06,78,19086.97
96,57,3,2025-09-04,15165,1007,4303.69,11,3814.19
96,57,3,2025-09-05,25448,1855,7615.64,254,90276.04
96,57,3,2025-09-13,41815,2909,13780.12,418,36689.45
96,57,3,2025-09-19,40755,2303,2500.66,32,1820.91
96,57,3,2025-09-21,41229,1814,8051.64,95,16672.7
96,57,3,2025-09-22,30339,801,3955.77,109,23160.95
96,57,3,2025-10-06,45904,849,1284.47,39,12026.29
96,57,3,2025-10-08,37203,1830,8384.0,33,7550.22
96,57,3,2025-10-13,41028,1263,4120.6,172,26808.22
96,57,3,2025-10-14,2163,103,367.77,11,3474.36
96,57,3,2025-10-17,41306,1617,6300.37,199,15196.66
96,57,3,2025-10-28,4905,294,1323.83,32,5700.34
96,57,3,2025-11-06,2205,88,155.69,4,568.31
96,57,3,2025-11-07,5737,99,364.9,14,4005.15
96,57,3,2025-11-08,47669,2501,12345.49,253,20021.73
96,57,3,2025-11-09,37350,1387,3518.55,122,27180.28
96,57,3,2025-11-10,37711,2239,5269.49,227,55830.75
96,57,3,2025-11-12,42714,1844,7377.7,171,53948.87
96,57,3,2025-11-14,26877,550,1594.74,55,12302.22
96,57,3,2025-11-16,7311,410,1693.21,24,7158.76
96,57,3,2025-11-17,2350,72,332.39,8,2871.09
96,57,3,2025-11-18,49796,2726,7500.11,322,60163.1
96,57,3,2025-11-24,9652,724,1681.56,70,25909.72
96,57,3,2025-11-25,2593,168,597.35,11,4212.48
96,57,3,2025-11-27,40997,2943,2013.61,36,10136.51
96,57,3,2025-11-29,18128,786,3222.51,87,20320.51
96,57,3,2025-12-05,7438,286,702.2,5,1506.09
96,57,3,2025-12-08,12622,259,445.93,23,7267.05
96,57,3,2025-12-09,25513,1345,1522.55,83,22032.04
96,57,3,2025-12-14,9620,379,1759.87,26,1945.56
96,57,3,2025-12-19,30822,666,1153.14,66,20708.32
96,57,3,2025-12-23,42729,1763,889.2,80,21773.12
96,57,3,2025-12-24,31003,1499,5500.06,45,7082.49
96,57,3,2026-01-04,42277,3257,12728.92,313,103183.93
96,57,3,2026-01-05,32422,2173,7202.25,313,89891.36
96,57,3,2026-01-10,24729,747,1703.42,16,2279.61
96,57,3,2026-01-14,16738,288,647.17,29,7345.66
96,57,3,2026-01-23,31271,414,1276.79,39,13557.72
96,57,3,2026-01-24,10557,456,1967.18,27,2115.85
96,57,3,2026-01-29,33159,2066,6775.7,216,39385.79
96,57,3,2026-02-02,5520,265,388.69,22,5573.72
96,57,3,2026-02-05,40334,1354,5572.18,149,18786.87
96,57,3,2026-02-07,4085,66,202.96,8,3105.13
96,57,3,2026-02-09,5478,112,522.11,15,3265.77
96,57,3,2026-02-18,29920,1920,4042.42,70,11201.59
96,57,3,2026-02-19,16734,660,2741.55,33,3310.34
96,57,3,2026-02-23,14500,1045,3627.93,92,18021.33
96,57,3,2026-03-01,40321,748,2045.78,26,5775.86
96,57,3,2026-03-02,6156,86,147.94,2,117.4
96,57,3,2026-03-05,40582,541,2493.36,46,4696.94
96,57,3,2026-03-07,43794,883,4098.35,90,4677.24
96,57,3,2026-03-09,12440,507,729.11,58,23171.95
96,57,3,2026-03-17,2944,50,151.58,0,0.0
96,57,3,2026-03-18,22507,1187,1552.07,119,35382.91
96,57,3,2026-03-19,14209,541,1971.3,67,4210.12
96,57,3,2026-03-25,44784,2513,4616.83,243,75576.82
96,57,3,2026-03-27,23582,913,658.28,103,40917.83
96,57,3,2026-04-10,31271,394,259.35,37,2847.2
96,57,3,2026-04-11,13695,1038,1804.62,35,2859.39
96,57,3,2026-04-15,20795,287,644.14,37,12207.8
96,57,3,2026-04-19,7666,219,1093.21,32,5091.63
96,57,3,2026-04-28,20472,1096,1831.84,33,10340.36
96,57,3,2026-05-05,48228,977,2186.87,28,5286.19
96,57,3,2026-05-10,8354,480,1536.93,70,22368.53
96,57,3,2026-05-24,42365,1997,2910.48,91,9683.94
96,57,3,2026-05-26,8963,473,1876.02,54,2758.15
96,57,3,2026-05-27,43391,1296,5469.89,36,3670.62
96,57,3,2026-05-28,18118,465,1352.7,60,4269.09
96,57,3,2026-06-03,1478,104,326.51,13,2821.46
96,57,3,2026-06-12,3258,62,68.37,2,517.47
96,57,3,2026-06-13,8621,370,1404.13,7,1079.89
96,57,3,2026-06-20,6800,350,1073.21,39,12679.59
96,57,3,2026-06-21,21426,1065,897.1,67,19996.52
96,57,3,2026-06-28,3348,40,136.49,1,332.42
96,57,3,2026-07-04,21594,1265,3329.43,79,25456.03
96,57,3,2026-07-05,16233,284,746.46,32,3086.55
96,57,3,2026-07-07,42692,609,584.43,59,15158.11
96,57,3,2026-07-12,2350,115,465.79,4,849.18
96,57,3,2026-07-13,46117,2654,5947.81,389,74869.85
96,57,3,2026-07-14,8717,400,470.42,5,1986.28
96,57,3,2026-07-18,35636,2333,8126.02,300,106563.17
96,57,3,2026-07-20,43145,2778,4441.46,168,11875.78
96,57,3,2026-07-22,18089,389,1053.59,56,10847.87
96,57,3,2026-07-27,8880,326,967.17,42,10912.99
96,57,3,2026-07-28,29591,2297,11343.59,315,95343.3
96,57,3,2026-08-03,49858,540,1306.29,11,1968.3
96,57,3,2026-08-05,11207,733,2936.87,76,17085.3
96,57,3,2026-08-17,36911,1854,2650.09,66,6437.72
97,19,1,2025-08-19,38013,829,3308.02,39,10345.09
97,19,1,2025-08-21,28824,986,1252.55,66,14963.03
97,19,1,2025-08-23,26968,1811,7042.63,265,21646.87
97,19,1,2025-08-24,33338,2563,5971.42,189,33839.39
97,19,1,2025-08-27,4508,112,79.5,1,101.39
97,19,1,2025-08-28,14760,904,1386.09,93,9726.11
97,19,1,2025-08-31,10609,149,737.77,9,611.5
97,19,1,2025-09-01,43956,1072,2789.01,110,42685.91
97,19,1,2025-09-02,15086,1006,3335.37,65,18335.56
97,19,1,2025-09-06,26783,1225,6081.26,104,7834.01
97,19,1,2025-09-13,36265,2359,9527.93,200,10701.92
97,19,1,2025-09-15,42146,2100,5186.2,225,29765.58
97,19,1,2025-09-16,14392,979,4482.57,24,2437.11
97,19,1,2025-09-19,42055,468,1319.7,57,14150.51
97,19,1,2025-09-21,5975,364,288.0,14,4579.86
97,19,1,2025-09-22,41735,1623,1538.07,31,6038.18
97,19,1,2025-09-29,3417,193,407.48,28,10119.66
97,19,1,2025-10-09,38696,2437,8394.36,328,88908.7
97,19,1,2025-10-12,18161,1185,1326.8,165,20973.15
97,19,1,2025-10-15,34673,899,2014.96,15,4114.6
97,19,1,2025-10-19,38832,1970,3971.69,179,68544.81
97,19,1,2025-10-20,30844,1817,1691.55,255,81326.38
97,19,1,2025-11-04,45672,1941,4116.79,149,42646.52
97,19,1,2025-11-11,16813,1127,1918.19,72,7155.17
97,19,1,2025-11-16,24249,1365,2351.37,150,58439.92
97,19,1,2025-11-17,25940,1600,2972.92,155,12230.11
97,19,1,2025-11-19,30511,1803,8682.65,90,33795.49
97,19,1,2025-11-23,14408,668,438.4,95,10239.01
97,19,1,2025-11-27,45436,2615,9169.88,208,12221.72
97,19,1,2025-11-28,19472,444,1426.09,59,11163.77
97,19,1,2025-11-29,16106,908,3596.57,26,3030.78
97,19,1,2025-12-02,25613,1436,1460.57,53,15153.68
97,19,1,2025-12-07,4147,220,450.66,17,3861.28
97,19,1,2025-12-08,14894,733,561.26,66,11340.24
97,19,1,2025-12-11,39820,1834,3543.07,144,17063.47
97,19,1,2025-12-14,44051,2354,4492.7,266,75090.98
97,19,1,2026-01-03,45269,843,3512.29,92,7276.89
97,19,1,2026-01-06,33502,2434,6086.91,120,22931.96
97,19,1,2026-01-09,28038,2234,2189.19,158,53237.92
97,19,1,2026-01-14,17942,835,3148.55,96,12584.07
97,19,1,2026-01-16,42528,3033,2797.18,132,40248.54
97,19,1,2026-01-17,26226,675,1455.66,88,14962.55
97,19,1,2026-01-26,48371,3521,8382.06,462,60677.09
97,19,1,2026-01-28,16924,561,379.63,55,13885.42
97,19,1,2026-01-31,8921,271,555.43,12,1078.49
97,19,1,2026-02-05,46466,2830,7844.14,307,62774.63
97,19,1,2026-02-07,6369,208,196.63,28,8140.52
97,19,1,2026-02-09,47453,3303,2781.82,164,62072.83
97,19,1,2026-02-13,7025,248,341.35,9,2532.46
97,19,1,2026-02-26,21986,974,4701.97,140,50185.01
97,19,1,2026-03-01,23083,864,1309.08,82,6217.19
97,19,1,2026-03-10,44323,2982,4976.46,201,54651.33
97,19,1,2026-03-14,27200,1563,2867.21,86,22843.32
97,19,1,2026-03-18,17196,403,691.44,7,1554.77
97,19,1,2026-03-31,17322,204,970.29,23,2644.0
97,19,1,2026-04-03,30982,1851,2166.47,83,18457.95
97,19,1,2026-04-06,9979,463,463.98,19,7388.23
97,19,1,2026-04-09,37369,2674,12169.09,177,43511.46
97,19,1,2026-04-16,47692,2576,8247.52,383,48555.5
97,19,1,2026-04-28,46897,3203,3599.48,308,108580.84
97,19,1,2026-05-05,30615,1547,5080.71,210,21891.46
97,19,1,2026-05-10,49819,3173,13010.12,309,62940.7
97,19,1,2026-05-12,45053,664,1812.94,97,7423.51
97,19,1,2026-05-14,8046,314,1020.47,5,588.3
97,19,1,2026-05-15,33984,1814,8321.51,163,20030.02
97,19,1,2026-05-24,38271,1485,3348.35,57,3482.02
97,19,1,2026-05-30,17182,1079,5362.57,129,35612.64
97,19,1,2026-06-04,12810,436,1252.42,22,2253.83
97,19,1,2026-06-05,3224,218,452.62,18,3987.15
97,19,1,2026-06-09,43384,2566,8581.74,41,13944.65
97,19,1,2026-06-13,41372,2956,14235.62,167,39848.64
97,19,1,2026-06-18,2951,200,137.37,14,4729.18
97,19,1,2026-06-23,47609,1962,6224.83,171,21425.64
97,19,1,2026-06-26,34919,1066,3998.95,69,27381.68
97,19,1,2026-06-27,48214,857,1673.23,56,6838.22
97,19,1,2026-07-04,7948,295,271.31,29,10080.55
97,19,1,2026-07-05,27250,1138,3305.84,139,52146.02
97,19,1,2026-07-11,45946,2352,8668.49,314,33430.84
97,19,1,2026-07-13,3292,145,494.85,13,1480.84
97,19,1,2026-07-14,13731,257,1046.21,37,8038.52
97,19,1,2026-07-18,32084,1260,5300.67,14,1846.4
97,19,1,2026-07-21,13282,646,2840.33,86,11911.04
97,19,1,2026-07-30,3828,56,35.11,2,243.51
97,19,1,2026-08-03,32829,2340,6796.72,87,33397.98
97,19,1,2026-08-16,40960,620,1029.52,54,14666.6
98,19,2,2025-08-19,5446,156,579.32,11,2395.33
98,19,2,2025-08-20,45638,712,3190.44,77,4882.73
98,19,2,2025-08-24,44487,3455,10311.25,126,31338.14
98,19,2,2025-08-26,20065,696,1788.49,31,8242.74
98,19,2,2025-08-30,9018,103,123.14,2,617.28
98,19,2,2025-08-31,38455,2303,4261.69,161,50774.49
98,19,2,2025-09-01,9672,627,2427.42,75,19173.02
98,19,2,2025-09-06,21946,639,638.65,91,6804.56
98,19,2,2025-09-12,6072,106,417.18,9,3058.26
98,19,2,2025-09-21,34289,1223,5155.0,29,8235.5
98,19,2,2025-09-24,20366,1217,2222.59,60,7514.42
98,19,2,2025-09-26,14315,1031,1854.17,110,12578.92
98,19,2,2025-09-28,45001,1014,4868.24,12,2060.22
98,19,2,2025-10-06,24690,286,683.0,42,11417.81
98,19,2,2025-10-11,30970,542,2225.02,37,14478.03
98,19,2,2025-10-13,28757,1352,4730.23,44,9540.89
98,19,2,2025-10-17,9241,682,1280.83,10,1022.15
98,19,2,2025-10-20,1072,39,29.36,2,203.55
98,19,2,2025-10-26,49364,2224,1655.08,332,126478.17
98,19,2,2025-10-27,19906,1561,1201.32,156,39656.21
98,19,2,2025-10-30,15019,944,2079.38,126,47973.65
98,19,2,2025-10-31,40846,1929,5113.09,243,90319.71
98,19,2,2025-11-01,11980,336,1522.34,5,447.18
98,19,2,2025-11-08,35635,2094,5745.38,304,76868.92
98,19,2,2025-11-10,5959,342,1526.58,43,13597.45
98,19,2,2025-11-11,31612,2083,9775.39,217,49721.59
98,19,2,2025-11-12,1109,33,47.66,0,0.0
98,19,2,2025-11-14,25872,353,1733.56,37,11196.53
98,19,2,2025-11-15,49100,1860,8870.14,19,6059.84
98,19,2,2025-11-16,29541,1564,6431.65,191,36366.8
98,19,2,2025-12-01,45468,1735,6965.95,119,26101.6
98,19,2,2025-12-06,10183,139,346.22,16,1173.26
98,19,2,2025-12-12,23836,1165,5210.06,65,14849.05
98,19,2,2025-12-13,25416,370,434.56,31,9102.35
98,19,2,2025-12-16,41312,1763,5846.75,146,28876.43
98,19,2,2025-12-22,10278,491,1705.09,44,2382.08
98,19,2,2025-12-26,36703,388,1890.29,27,5447.11
98,19,2,2025-12-27,46962,891,3835.15,46,9948.94
98,19,2,2025-12-28,27435,308,452.3,20,2201.15
98,19,2,2025-12-29,31042,862,3933.82,17,1795.4
98,19,2,2026-01-07,7506,566,1864.89,83,19481.1
98,19,2,2026-01-09,28461,837,2027.88,19,2274.89
98,19,2,2026-01-11,20574,234,193.93,6,1678.81
98,19,2,2026-01-12,47780,1990,5193.88,63,9057.22
98,19,2,2026-01-22,19689,862,3676.12,60,13699.91
98,19,2,2026-01-26,35676,1986,5703.3,91,26151.77
98,19,2,2026-01-27,27932,949,2597.52,57,3455.14
98,19,2,2026-02-03,3212,70,231.61,1,384.96
98,19,2,2026-02-06,48024,1808,8418.73,229,71758.73
98,19,2,2026-02-10,29557,1618,1222.31,17,1333.06
98,19,2,2026-02-12,28110,1933,3344.41,46,2351.76
98,19,2,2026-02-15,21117,623,2159.5,27,10216.72
98,19,2,2026-02-19,31566,384,586.01,20,6254.32
98,19,2,2026-02-27,13866,462,1841.86,62,8575.97
98,19,2,2026-03-04,29864,1408,6207.91,167,25131.7
98,19,2,2026-03-10,18255,775,1576.88,14,5250.59
98,19,2,2026-03-16,10572,349,1472.12,34,4416.11
98,19,2,2026-03-19,41699,1660,8099.03,16,2836.53
98,19,2,2026-03-22,29498,1866,5167.31,186,51418.49
98,19,2,2026-03-29,13452,200,779.74,9,1539.34
98,19,2,2026-04-04,39169,1423,4413.75,148,25261.68
98,19,2,2026-04-13,30155,2299,5487.06,304,64601.9
98,19,2,2026-04-17,10693,355,1358.62,40,12843.88
98,19,2,2026-04-19,48894,761,2008.74,90,21796.61
98,19,2,2026-04-21,10233,450,1905.11,41,9044.6
98,19,2,2026-04-24,18664,814,613.36,104,21484.88
98,19,2,2026-04-25,23295,401,361.68,46,17209.5
98,19,2,2026-04-26,33017,1431,5332.7,141,28824.48
98,19,2,2026-04-28,31948,2196,4465.38,62,23182.35
98,19,2,2026-04-29,21585,1550,1611.73,128,8766.77
98,19,2,2026-05-03,23178,1515,7395.82,63,4663.95
98,19,2,2026-05-04,43369,2378,2654.5,316,106194.1
98,19,2,2026-05-05,38136,1431,6002.09,194,44196.53
98,19,2,2026-05-09,47674,659,1981.86,87,16769.81
98,19,2,2026-05-13,12026,128,359.73,15,5833.89
98,19,2,2026-05-15,1108,23,35.42,2,165.13
98,19,2,2026-05-16,7713,187,458.42,18,7080.93
98,19,2,2026-05-17,2983,181,656.63,11,4192.65
98,19,2,2026-05-26,23471,1854,7562.31,113,16922.66
98,19,2,2026-05-28,3425,231,127.84,6,515.45
98,19,2,2026-05-29,38302,3029,8077.79,209,77030.89
98,19,2,2026-06-02,17112,797,1643.5,96,8139.86
98,19,2,2026-06-03,11998,663,2401.73,20,7494.0
98,19,2,2026-06-08,12621,629,883.61,82,31565.73
98,19,2,2026-06-10,13413,146,688.08,16,2751.54
98,19,2,2026-06-12,8706,364,1340.16,20,5621.25
98,19,2,2026-06-23,30200,2007,4858.78,175,34932.56
98,19,2,2026-06-24,18303,426,1402.14,20,6762.94
98,19,2,2026-06-27,1915,148,246.39,8,1221.24
98,19,2,2026-07-01,17969,635,1830.64,53,8660.2
98,19,2,2026-07-04,4670,83,403.73,7,2622.48
98,19,2,2026-07-07,43584,1177,2429.91,80,19406.12
98,19,2,2026-07-09,36340,2487,1405.65,60,17350.59
98,19,2,2026-07-12,10843,553,1117.34,45,14396.02
98,19,2,2026-07-13,1409,102,147.6,12,4341.49
98,19,2,2026-07-14,42740,808,444.1,121,39805.2
98,19,2,2026-07-17,33830,2505,6522.88,245,85594.95
98,19,2,2026-07-20,36305,994,2373.67,73,25769.33
98,19,2,2026-07-22,5267,85,175.81,8,1440.12
98,19,2,2026-07-23,18064,303,1433.84,22,5570.42
98,19,2,2026-07-25,14196,388,1648.01,7,928.82
98,19,2,2026-07-31,5793,345,825.48,45,2923.27
98,19,2,2026-08-01,42146,2378,9614.03,356,78785.07
98,19,2,2026-08-02,24116,836,4056.76,71,25324.39
98,19,2,2026-08-04,41824,1273,1898.5,64,7675.26
98,19,2,2026-08-06,7115,349,1361.79,36,2850.46
98,19,2,2026-08-07,10863,510,325.8,57,4434.65
98,19,2,2026-08-08,48321,1548,1012.84,19,7171.38
98,19,2,2026-08-12,20584,400,1648.25,40,11144.3
98,19,2,2026-08-14,12116,597,1856.24,61,3852.33
98,19,2,2026-08-17,6212,345,975.29,41,11955.64
99,19,3,2025-08-24,19319,788,1446.19,16,1877.6
99,19,3,2025-08-27,2284,134,489.7,14,1388.89
99,19,3,2025-08-31,36897,2298,8641.13,76,8982.45
99,19,3,2025-09-01,27075,609,1121.61,76,7663.93
99,19,3,2025-09-02,11546,843,482.67,99,20945.33
99,19,3,2025-09-11,17325,709,616.56,90,34208.19
99,19,3,2025-09-16,36774,1559,2002.68,55,9318.39
99,19,3,2025-09-17,33787,553,779.02,6,1730.12
99,19,3,2025-09-19,27852,1619,1934.38,25,2431.6
99,19,3,2025-09-20,43325,779,660.58,26,6236.24
99,19,3,2025-09-25,23009,1278,3737.11,79,30739.62
99,19,3,2025-09-27,34661,1480,1892.79,31,4970.9
99,19,3,2025-10-02,19869,1587,5722.5,41,9471.51
99,19,3,2025-10-06,30750,804,1595.32,66,25163.08
99,19,3,2025-10-09,43937,2754,10036.83,104,7989.95
99,19,3,2025-10-15,10183,775,3214.09,98,33983.1
99,19,3,2025-10-18,40962,954,1367.62,13,2268.89
99,19,3,2025-10-25,43478,1356,2636.02,33,2237.62
99,19,3,2025-10-27,5731,163,750.14,15,916.37
99,19,3,2025-10-31,34192,2395,9593.7,104,14339.31
99,19,3,2025-11-01,42525,735,1063.3,37,14089.25
99,19,3,2025-11-02,40809,2772,9062.28,91,31214.32
99,19,3,2025-11-14,48533,1792,938.89,32,2422.27
99,19,3,2025-11-23,30045,908,684.25,32,6290.2
99,19,3,2025-11-24,14914,982,2679.36,126,31051.58
99,19,3,2025-11-25,29756,1467,2789.72,170,52623.75
99,19,3,2025-12-02,14723,509,1472.74,33,11755.22
99,19,3,2025-12-08,47867,2330,3896.01,97,36615.13
99,19,3,2025-12-10,37239,2556,2355.89,33,11418.37
99,19,3,2025-12-12,41253,2960,8892.67,39,8210.27
99,19,3,2025-12-13,48566,1456,1659.7,113,39080.71
99,19,3,2025-12-16,12794,893,579.3,37,3135.55
99,19,3,2025-12-19,37969,1740,6469.45,88,13345.44
99,19,3,2025-12-22,15242,764,2496.44,80,10541.62
99,19,3,2025-12-25,5318,78,273.13,9,1197.54
99,19,3,2025-12-26,45973,1781,6272.26,138,29776.36
99,19,3,2025-12-29,37220,907,985.27,82,23216.21
99,19,3,2025-12-31,2986,101,174.76,5,695.28
99,19,3,2026-01-01,9426,243,996.38,8,1237.93
99,19,3,2026-01-03,3032,51,57.89,5,1687.71
99,19,3,2026-01-05,25168,1231,5584.67,40,9993.48
99,19,3,2026-01-07,19859,1506,5568.63,217,75410.42
99,19,3,2026-01-10,3790,146,590.77,1,294.93
99,19,3,2026-01-17,43328,568,861.24,31,1650.5
99,19,3,2026-01-20,9513,736,3227.07,41,12065.05
99,19,3,2026-01-25,16672,1240,5465.21,124,40458.09
99,19,3,2026-01-28,35388,499,983.91,42,9346.83
99,19,3,2026-01-31,2606,107,509.09,3,309.38
99,19,3,2026-02-07,5646,414,1607.5,17,2822.63
99,19,3,2026-02-13,26151,398,555.68,49,13355.96
99,19,3,2026-02-17,35005,1991,8388.59,187,50920.53
99,19,3,2026-02-18,28424,1227,4647.81,168,65203.33
99,19,3,2026-02-19,13650,1091,2084.54,19,7159.08
99,19,3,2026-02-22,48158,835,612.8,94,17352.87
99,19,3,2026-03-07,38787,1610,1820.73,160,35682.47
99,19,3,2026-03-14,31344,2427,9450.68,200,75586.85
99,19,3,2026-03-16,31248,1926,1411.69,77,28167.59
99,19,3,2026-03-17,5931,239,215.17,27,5380.67
99,19,3,2026-03-22,31427,1917,2510.73,51,7172.26
99,19,3,2026-03-25,9642,311,1432.92,19,4077.44
99,19,3,2026-03-27,7755,351,1077.62,41,8639.87
99,19,3,2026-03-29,13440,280,1224.71,35,9966.19
99,19,3,2026-04-05,24821,534,317.83,61,20331.92
99,19,3,2026-04-08,26654,618,535.46,13,1528.09
99,19,3,2026-04-11,49761,3690,16577.67,248,86698.72
99,19,3,2026-04-12,21810,589,1357.15,46,18340.41
99,19,3,2026-04-17,48468,652,1042.72,24,9417.41
99,19,3,2026-04-18,32109,2533,3222.75,241,70492.99
99,19,3,2026-04-20,48885,2896,7786.6,230,70324.64
99,19,3,2026-04-21,29774,1803,1858.84,105,32606.27
99,19,3,2026-05-01,4903,146,316.94,20,2634.07
99,19,3,2026-05-05,47047,1467,1088.07,67,12720.54
99,19,3,2026-05-06,26729,1560,4930.78,34,5064.83
99,19,3,2026-05-28,30353,452,1809.71,16,1964.92
99,19,3,2026-05-30,37297,2553,3361.41,273,40153.84
99,19,3,2026-06-03,21677,411,589.79,56,21312.65
99,19,3,2026-06-06,42366,3201,8018.54,136,26562.31
99,19,3,2026-06-10,2571,159,157.41,7,2131.74
99,19,3,2026-06-13,29336,2112,9606.7,252,34631.12
99,19,3,2026-06-20,27106,1830,6852.02,31,4245.97
99,19,3,2026-06-21,43628,3407,3280.27,421,160859.09
99,19,3,2026-06-22,33270,2284,2587.47,201,27033.35
99,19,3,2026-06-28,30106,1147,2867.34,146,34148.86
99,19,3,2026-07-02,13548,920,2794.08,75,29181.78
99,19,3,2026-07-04,31343,2408,3320.16,90,17712.67
99,19,3,2026-07-13,25259,376,295.92,28,10525.62
99,19,3,2026-07-16,14604,168,536.71,3,725.67
99,19,3,2026-07-18,24243,843,3477.68,123,8094.35
99,19,3,2026-07-21,3709,203,192.17,19,6380.38
99,19,3,2026-07-24,39080,2355,9280.4,93,17844.95
99,19,3,2026-07-25,15045,735,2946.03,97,15067.7
99,19,3,2026-07-29,6328,91,443.87,1,185.11
99,19,3,2026-08-15,31728,1898,7699.24,156,40171.53
99,19,3,2026-08-17,3009,134,511.64,13,4878.9
100,52,1,2025-08-20,37589,2916,2165.23,91,24626.64
100,52,1,2025-08-25,48752,1983,9372.01,231,31047.79
100,52,1,2025-08-28,17921,1364,4436.94,72,9479.47
100,52,1,2025-09-06,21692,1555,3634.76,175,59712.3
100,52,1,2025-09-14,2240,55,131.81,6,482.9
100,52,1,2025-09-18,22870,470,1779.71,14,2142.43
100,52,1,2025-09-29,49392,3840,9635.62,270,22452.77
100,52,1,2025-10-03,42260,2468,10173.57,359,126104.43
100,52,1,2025-10-04,19950,423,2018.61,60,20999.51
100,52,1,2025-10-08,18746,325,1146.18,47,7368.98
100,52,1,2025-10-10,29215,1377,2975.59,94,24464.19
100,52,1,2025-10-15,1822,65,135.71,8,3000.83
100,52,1,2025-10-22,36357,2036,2979.47,88,8987.23
100,52,1,2025-10-26,6427,95,370.86,9,1249.25
100,52,1,2025-10-31,16572,679,1411.16,88,22788.91
100,52,1,2025-11-03,42413,2646,1393.57,396,80914.03
100,52,1,2025-11-05,25399,1393,1327.89,132,50163.88
100,52,1,2025-11-09,24275,1109,3551.61,105,19624.9
100,52,1,2025-11-13,8293,649,1565.28,28,5926.13
100,52,1,2025-11-14,44534,1715,1860.75,96,31537.28
100,52,1,2025-11-16,30415,1263,2425.9,62,24667.31
100,52,1,2025-11-21,31690,2477,7208.74,215,45882.75
100,52,1,2025-11-22,20819,1032,1178.25,85,11199.69
100,52,1,2025-11-26,16812,697,1393.16,60,4731.48
100,52,1,2025-11-29,11283,718,1381.46,68,17706.03
100,52,1,2025-12-03,11012,817,1813.43,71,19475.46
100,52,1,2025-12-12,31893,2049,5884.64,291,93521.91
100,52,1,2025-12-15,22562,1320,926.92,108,6897.48
100,52,1,2025-12-16,19787,533,1719.21,55,4930.6
100,52,1,2025-12-19,48833,3483,2605.18,142,35092.71
100,52,1,2025-12-20,35672,2564,7330.31,252,12870.9
100,52,1,2025-12-24,28836,1141,846.1,162,59468.4
100,52,1,2025-12-29,5745,159,516.69,18,6582.62
100,52,1,2025-12-30,26141,1008,1523.83,47,15895.67
100,52,1,2026-01-03,8775,340,880.58,20,5413.27
100,52,1,2026-01-05,42743,2460,5604.83,235,52116.76
100,52,1,2026-01-08,1665,75,91.72,10,927.05
100,52,1,2026-01-09,40052,1502,7415.23,111,43782.53
100,52,1,2026-01-10,7461,404,1196.54,34,13540.83
100,52,1,2026-01-11,18740,1417,5320.3,44,14943.8
100,52,1,2026-01-13,17447,672,1370.09,63,13492.36
100,52,1,2026-01-20,45125,973,2312.01,90,18321.83
100,52,1,2026-01-22,40630,2113,5333.75,239,19652.39
100,52,1,2026-01-25,42013,435,1759.54,29,9680.51
100,52,1,2026-02-01,19459,859,3434.09,19,3051.86
100,52,1,2026-02-17,15580,576,1569.0,44,16335.99
100,52,1,2026-02-20,23429,1359,4357.8,164,26454.81
100,52,1,2026-02-26,31823,799,3630.93,112,9989.6
100,52,1,2026-02-27,14426,236,635.82,6,2062.52
100,52,1,2026-03-08,38613,1516,1158.5,170,54234.46
100,52,1,2026-03-14,20254,1497,3994.14,90,16981.14
100,52,1,2026-03-20,39446,1742,3003.8,49,11244.26
100,52,1,2026-03-21,25680,829,2682.5,49,5737.04
100,52,1,2026-03-24,31076,1049,4964.04,102,9641.88
100,52,1,2026-04-04,16365,866,3765.67,67,19813.43
100,52,1,2026-04-05,17072,1256,5108.51,16,1656.82
100,52,1,2026-04-08,26971,2033,7193.12,303,33914.21
100,52,1,2026-04-11,40487,3216,4824.35,242,20424.55
100,52,1,2026-04-15,19019,1027,3094.82,82,10031.14
100,52,1,2026-04-18,28325,1703,1814.5,73,24620.69
100,52,1,2026-04-23,36939,537,2476.1,63,8036.29
100,52,1,2026-04-24,7076,274,1303.68,34,13581.49
100,52,1,2026-04-25,42592,1716,1523.79,234,78274.01
100,52,1,2026-04-26,36415,383,797.31,50,14291.7
100,52,1,2026-05-03,40381,3223,11196.89,32,3055.14
100,52,1,2026-05-04,21211,1511,5115.47,193,19292.39
100,52,1,2026-05-06,35129,470,301.99,14,719.98
100,52,1,2026-05-09,33647,662,2510.01,83,5167.34
100,52,1,2026-05-10,38397,2697,5650.21,242,53893.42
100,52,1,2026-05-12,9577,293,1170.33,35,13929.39
100,52,1,2026-05-14,3232,116,317.57,12,2493.49
100,52,1,2026-05-15,1898,77,48.36,5,1068.81
100,52,1,2026-05-17,2388,108,387.96,15,1427.81
100,52,1,2026-05-18,33371,1000,2889.61,88,7240.68
100,52,1,2026-05-22,45111,3145,10847.11,272,98851.78
100,52,1,2026-05-31,35222,1589,3734.42,45,3630.61
100,52,1,2026-06-02,7479,240,355.88,35,9241.82
100,52,1,2026-06-05,34120,1642,2940.16,149,39939.11
100,52,1,2026-06-08,29873,1097,1626.53,46,17695.95
100,52,1,2026-06-13,37218,2598,8003.84,61,9886.73
100,52,1,2026-06-19,18544,1267,5576.47,74,20754.9
100,52,1,2026-06-26,25464,412,1581.94,55,15184.91
100,52,1,2026-07-03,9142,172,160.59,5,564.8
100,52,1,2026-07-09,49498,3599,10728.99,161,19323.68
100,52,1,2026-07-16,14062,515,1012.57,26,2148.87
100,52,1,2026-07-28,36254,722,3289.78,96,13262.93
100,52,1,2026-07-29,37570,2194,3092.5,309,40047.0
100,52,1,2026-08-01,44509,1839,8159.22,80,28512.52
100,52,1,2026-08-07,10324,222,312.04,29,6418.54
100,52,1,2026-08-08,18770,263,236.98,11,567.5
100,52,1,2026-08-11,20173,1452,5749.41,55,16175.88
100,52,1,2026-08-12,44382,2459,8807.94,155,35112.92
100,52,1,2026-08-18,49919,821,1407.49,65,6409.2
101,52,2,2025-08-18,9958,545,804.23,70,25906.71
101,52,2,2025-08-19,47773,530,1741.92,31,10727.79
101,52,2,2025-08-24,44127,2879,9518.64,28,7797.55
101,52,2,2025-08-26,30446,1412,1449.98,185,60944.13
101,52,2,2025-08-28,25379,641,1757.43,72,6093.07
101,52,2,2025-09-07,42618,2185,9353.8,195,46323.66
101,52,2,2025-09-08,15663,960,1578.39,123,15221.45
101,52,2,2025-09-19,35124,1209,1633.12,116,15931.79
101,52,2,2025-09-22,20521,318,979.46,46,16354.47
101,52,2,2025-09-27,12602,797,454.45,112,35778.98
101,52,2,2025-10-07,31274,440,1019.61,54,20313.96
101,52,2,2025-10-17,1479,111,150.17,16,2494.86
101,52,2,2025-10-20,1812,113,155.17,15,2907.67
101,52,2,2025-10-31,4812,149,314.92,17,6700.93
101,52,2,2025-11-02,40554,3244,1662.22,55,11301.68
101,52,2,2025-11-03,9457,510,1565.21,8,468.28
101,52,2,2025-11-08,3581,146,212.14,6,2067.39
101,52,2,2025-11-10,12122,943,3069.13,116,27723.24
101,52,2,2025-11-17,8167,520,322.97,12,3147.75
101,52,2,2025-11-22,30137,1330,6392.7,132,18209.12
101,52,2,2025-11-29,29416,1177,1935.46,75,21127.28
101,52,2,2025-12-03,39409,2549,10775.56,54,12955.68
101,52,2,2025-12-06,26734,1069,2324.78,99,28343.43
101,52,2,2025-12-08,33060,1161,4060.35,68,23136.4
101,52,2,2025-12-19,33550,1337,4874.02,59,9735.36
101,52,2,2025-12-20,42698,733,601.09,7,2609.3
101,52,2,2025-12-25,17324,209,605.94,12,4429.42
101,52,2,2025-12-27,10914,279,1098.79,5,819.6
101,52,2,2026-01-01,35276,2700,1849.32,163,24784.95
101,52,2,2026-01-02,43900,3007,10434.08,225,83013.89
101,52,2,2026-01-07,25327,1844,2589.14,265,104237.34
101,52,2,2026-01-09,20383,467,560.16,18,4277.72
101,52,2,2026-01-13,32358,720,1956.5,85,15370.1
101,52,2,2026-01-19,2907,56,128.74,7,718.3
101,52,2,2026-01-20,44597,816,1128.24,97,12382.46
101,52,2,2026-01-27,49342,879,4058.64,55,12517.48
101,52,2,2026-02-11,37149,2050,9493.53,287,57205.74
101,52,2,2026-02-17,45707,2288,5262.06,90,10468.43
101,52,2,2026-02-22,42633,3003,8348.01,418,108126.19
101,52,2,2026-02-25,30685,653,2418.05,89,25207.88
101,52,2,2026-03-07,12701,439,1688.46,36,9284.87
101,52,2,2026-03-09,4933,85,194.03,8,851.47
101,52,2,2026-03-11,7135,329,719.47,30,9179.01
101,52,2,2026-03-13,31915,1522,2803.28,146,30115.96
101,52,2,2026-03-21,32006,1812,3114.74,25,2426.09
101,52,2,2026-03-24,26713,1894,2375.03,234,64616.11
101,52,2,2026-03-26,16272,490,1457.49,53,20913.39
101,52,2,2026-03-31,31751,1726,4760.29,218,15424.36
101,52,2,2026-04-01,3707,145,506.77,9,1831.47
101,52,2,2026-04-02,14022,175,364.24,5,631.21
101,52,2,2026-04-05,8934,621,1753.05,48,8901.48
101,52,2,2026-04-07,42422,1646,6115.09,92,28989.86
101,52,2,2026-04-15,3349,36,74.38,0,0.0
101,52,2,2026-04-16,34915,2567,3945.89,210,33548.48
101,52,2,2026-04-22,9973,751,1308.61,88,32783.7
101,52,2,2026-05-02,43891,2555,11952.69,100,8535.17
101,52,2,2026-05-03,37025,1402,2769.5,65,12169.54
101,52,2,2026-05-07,35920,2826,6048.06,247,42203.47
101,52,2,2026-05-11,26791,303,1104.6,36,10488.75
101,52,2,2026-05-16,39778,1157,2107.87,126,15443.59
101,52,2,2026-05-25,5338,411,973.66,9,826.38
101,52,2,2026-06-10,22531,995,2014.56,135,9788.19
101,52,2,2026-06-15,42521,2497,12447.06,173,65295.52
101,52,2,2026-06-16,47890,2374,10972.45,73,21442.22
101,52,2,2026-06-18,18821,210,669.91,11,4221.62
101,52,2,2026-06-30,46259,2341,6220.31,66,25166.12
101,52,2,2026-07-02,40835,1474,6320.53,217,54824.56
101,52,2,2026-07-06,38662,3054,7008.93,304,70560.58
101,52,2,2026-07-07,31220,397,835.79,5,725.45
101,52,2,2026-07-12,38905,2591,5293.12,322,120561.14
101,52,2,2026-07-14,38137,591,751.37,15,5322.32
101,52,2,2026-07-15,25791,1772,3262.59,94,5812.55
101,52,2,2026-07-17,38317,1511,5190.39,83,23566.88
101,52,2,2026-07-19,43624,2444,9001.29,271,28574.55
101,52,2,2026-07-20,37978,1627,3370.51,94,36643.93
101,52,2,2026-07-21,34992,1460,4453.1,165,34604.73
101,52,2,2026-07-24,10178,440,934.94,26,2781.04
101,52,2,2026-08-09,6785,158,167.13,6,1904.99
101,52,2,2026-08-11,22759,1253,5265.66,75,10155.12
101,52,2,2026-08-12,1755,130,622.67,4,1593.7
101,52,2,2026-08-13,17911,309,1022.22,27,10787.74
102,52,3,2025-08-21,43664,1571,6916.58,112,13292.77
102,52,3,2025-08-25,17258,1036,3431.7,18,6378.04
102,52,3,2025-08-26,7553,288,426.75,26,5405.14
102,52,3,2025-08-30,12172,451,285.0,37,14076.41
102,52,3,2025-08-31,45398,2674,9645.95,250,33650.31
102,52,3,2025-09-01,1711,62,58.77,0,0.0
102,52,3,2025-09-10,2035,111,447.61,6,2231.35
102,52,3,2025-09-12,41751,2548,5075.1,135,45907.0
102,52,3,2025-09-13,18574,661,460.75,69,7872.36
102,52,3,2025-09-19,43547,1001,2749.12,21,6498.34
102,52,3,2025-09-20,32696,589,1841.18,63,12973.87
102,52,3,2025-09-26,30185,591,2125.85,29,5244.05
102,52,3,2025-10-04,19752,586,2561.45,66,12695.0
102,52,3,2025-10-09,4986,352,264.64,23,1737.15
102,52,3,2025-10-14,29530,831,4074.96,29,10514.68
102,52,3,2025-10-22,27823,700,816.19,35,7830.49
102,52,3,2025-10-23,28145,1325,6419.73,30,4319.34
102,52,3,2025-10-24,26179,1097,1392.04,102,8017.7
102,52,3,2025-10-27,42076,508,2201.3,23,9055.66
102,52,3,2025-10-29,10158,609,1454.97,35,10350.32
102,52,3,2025-11-01,17110,901,906.37,51,15474.83
102,52,3,2025-11-04,7254,558,1026.41,72,10471.99
102,52,3,2025-11-10,29288,2013,1089.29,276,69460.0
102,52,3,2025-11-21,15987,680,2505.36,34,10952.41
102,52,3,2025-11-22,36667,1475,5473.57,130,12437.92
102,52,3,2025-11-25,36195,489,1148.25,70,17390.25
102,52,3,2025-11-26,47481,2697,6142.33,381,139910.91
102,52,3,2025-11-27,23547,773,1331.09,104,15909.12
102,52,3,2025-11-28,26926,498,1493.56,45,17433.2
102,52,3,2025-12-01,2206,136,392.33,11,3714.08
102,52,3,2025-12-04,11461,817,1576.67,84,4477.98
102,52,3,2025-12-07,23530,885,2120.26,32,7375.93
102,52,3,2025-12-12,46609,3194,9342.77,372,115312.43
102,52,3,2025-12-13,38996,2170,8428.51,80,13585.83
102,52,3,2025-12-18,27162,725,1461.14,62,15423.61
102,52,3,2025-12-21,14703,1009,956.69,19,3212.93
102,52,3,2025-12-22,42586,3283,2177.62,144,9165.78
102,52,3,2025-12-25,26217,280,378.91,10,2596.33
102,52,3,2025-12-27,36055,879,2841.8,83,5364.43
102,52,3,2025-12-30,22152,1338,1480.71,142,14569.8
102,52,3,2026-01-04,39400,2704,10663.24,220,37396.21
102,52,3,2026-01-05,2072,42,40.15,1,354.54
102,52,3,2026-01-06,31676,2241,9440.88,293,36700.7
102,52,3,2026-01-11,41681,653,976.82,35,13225.41
102,52,3,2026-01-13,32943,2398,7901.01,358,83357.79
102,52,3,2026-01-14,38708,506,1131.29,36,12987.57
102,52,3,2026-01-17,34037,2540,8729.46,68,23031.78
102,52,3,2026-01-19,28174,1779,3835.52,206,49836.17
102,52,3,2026-01-29,47561,3576,6835.19,432,69944.38
102,52,3,2026-01-30,7677,430,1072.54,53,14840.31
102,52,3,2026-01-31,45673,1489,4126.7,215,58620.23
102,52,3,2026-02-11,22825,1173,5384.22,115,11028.56
102,52,3,2026-02-16,34991,1412,2725.86,106,24706.25
102,52,3,2026-02-27,38814,1738,1969.9,48,14305.52
102,52,3,2026-03-03,41736,960,2340.28,52,15493.33
102,52,3,2026-03-04,33441,1346,1357.05,158,62553.13
102,52,3,2026-03-06,28912,724,1907.03,85,27612.44
102,52,3,2026-03-10,15751,1012,4145.88,35,4897.61
102,52,3,2026-03-11,17769,314,1342.84,28,5259.86
102,52,3,2026-03-13,19144,969,3393.52,35,13805.75
102,52,3,2026-03-18,9607,429,657.68,21,6560.08
102,52,3,2026-03-21,25044,951,3209.83,119,27943.1
102,52,3,2026-04-04,19952,1383,2108.36,133,38103.96
102,52,3,2026-04-09,20148,1056,2998.54,63,10236.46
102,52,3,2026-04-10,47364,2609,8573.39,317,67906.22
102,52,3,2026-04-11,4265,299,1065.45,13,3098.68
102,52,3,2026-04-26,12271,273,563.33,24,8618.33
102,52,3,2026-05-03,37224,2626,4759.71,388,75610.93
102,52,3,2026-05-05,23957,1632,1611.67,86,17777.08
102,52,3,2026-05-17,8514,578,2014.89,44,14342.78
102,52,3,2026-05-20,45035,532,476.36,75,22463.29
102,52,3,2026-05-22,16338,442,1302.47,19,5783.02
102,52,3,2026-05-23,37094,927,1223.98,89,31527.56
102,52,3,2026-05-28,22562,244,845.6,28,2324.71
102,52,3,2026-05-29,49450,3722,16868.05,517,201060.51
102,52,3,2026-05-31,10647,741,3092.35,68,16720.33
102,52,3,2026-06-04,40183,1295,3299.99,77,17360.81
102,52,3,2026-06-06,17091,1180,4766.93,135,7893.38
102,52,3,2026-06-12,4917,250,542.78,8,1574.12
102,52,3,2026-06-13,45636,1435,1001.46,213,44035.52
102,52,3,2026-06-15,31921,1181,1131.42,19,5341.76
102,52,3,2026-06-16,27440,1735,3143.11,107,28032.12
102,52,3,2026-06-26,17216,953,3213.15,98,23511.25
102,52,3,2026-06-29,35260,633,3015.18,89,29221.31
102,52,3,2026-06-30,23928,880,3518.04,24,7818.53
102,52,3,2026-07-01,29449,1776,5110.36,58,12939.01
102,52,3,2026-07-04,36584,2282,9073.13,324,49214.84
102,52,3,2026-07-05,15024,1061,870.69,20,7989.87
102,52,3,2026-07-06,28802,1412,3339.91,172,22919.3
102,52,3,2026-07-11,9391,384,1793.6,52,3857.39
102,52,3,2026-07-16,29356,1144,3841.41,146,18640.34
102,52,3,2026-07-24,39549,3148,7832.16,257,29678.86
102,52,3,2026-07-26,32309,919,3840.29,99,13070.04
102,52,3,2026-07-29,31762,784,1173.03,22,3709.88
102,52,3,2026-08-04,21353,1556,5003.99,75,21748.5
102,52,3,2026-08-06,2476,165,386.78,4,633.19
103,68,1,2025-08-24,28015,2143,3187.94,285,73117.92
103,68,1,2025-08-30,39155,1264,4901.08,161,8298.64
103,68,1,2025-09-05,38571,1062,2784.7,49,13939.07
103,68,1,2025-09-06,33717,1963,3975.2,30,9892.37
103,68,1,2025-09-08,33119,1320,3147.65,68,17324.26
103,68,1,2025-09-14,17390,1369,6194.13,150,35057.11
103,68,1,2025-09-18,18082,949,1214.98,10,2690.22
103,68,1,2025-09-19,9410,739,3249.75,88,19962.23
103,68,1,2025-09-30,2143,22,42.84,2,306.82
103,68,1,2025-10-02,12084,482,258.28,48,12081.4
103,68,1,2025-10-07,22766,1634,3107.59,129,18065.69
103,68,1,2025-10-18,37208,1241,4526.41,73,13341.6
103,68,1,2025-10-21,12251,691,1359.67,85,28667.29
103,68,1,2025-10-22,34232,1525,7578.41,116,16036.65
103,68,1,2025-10-23,5156,183,598.68,20,1664.6
103,68,1,2025-10-24,35107,1966,1453.47,73,26472.91
103,68,1,2025-10-29,46280,657,2863.12,89,29052.63
103,68,1,2025-10-31,13195,222,958.58,2,796.3
103,68,1,2025-11-05,13274,221,980.54,11,1262.52
103,68,1,2025-11-07,36089,2354,4154.08,161,36658.14
103,68,1,2025-11-14,11577,885,825.26,78,30773.9
103,68,1,2025-11-15,2776,56,194.78,1,362.06
103,68,1,2025-11-18,27726,1880,2073.34,259,86443.58
103,68,1,2025-11-19,45649,995,1853.09,102,33017.86
103,68,1,2025-11-27,22739,1146,1296.95,47,4085.05
103,68,1,2025-11-29,39382,2117,4635.77,295,105313.83
103,68,1,2025-12-01,3953,314,1090.11,38,7267.37
103,68,1,2025-12-02,33333,1085,5001.85,100,32126.14
103,68,1,2025-12-06,17784,268,279.32,7,1615.21
103,68,1,2025-12-11,18199,1187,5665.83,125,43723.15
103,68,1,2025-12-15,18188,822,3575.04,62,12912.18
103,68,1,2025-12-18,12759,768,1914.5,26,3142.93
103,68,1,2025-12-19,48855,2691,11256.69,288,59156.1
103,68,1,2025-12-29,8004,532,1303.08,22,1168.88
103,68,1,2025-12-31,49151,1563,5283.26,220,39409.32
103,68,1,2026-01-07,17900,462,679.88,34,9296.47
103,68,1,2026-01-08,8750,337,288.92,35,8025.33
103,68,1,2026-01-09,9618,711,3422.96,46,18034.23
103,68,1,2026-01-13,19228,1515,1432.78,17,2152.12
103,68,1,2026-01-22,45844,2910,9980.95,232,65271.03
103,68,1,2026-01-26,24992,1748,1950.73,25,5725.61
103,68,1,2026-01-30,8354,126,431.83,3,1089.78
103,68,1,2026-02-01,4821,254,1249.27,18,2560.74
103,68,1,2026-02-04,43808,1831,3415.71,113,40977.15
103,68,1,2026-02-09,42198,1565,3276.44,193,62840.43
103,68,1,2026-02-10,10880,649,1567.5,22,1765.27
103,68,1,2026-02-11,43739,828,2109.03,23,8895.33
103,68,1,2026-02-15,11696,907,1748.68,16,3626.24
103,68,1,2026-02-16,33550,2535,8341.94,195,32408.18
103,68,1,2026-02-20,27001,1956,4735.51,88,25937.72
103,68,1,2026-02-21,8681,374,1433.5,28,4476.56
103,68,1,2026-02-26,17868,1155,791.45,55,18280.46
103,68,1,2026-02-27,7472,211,455.52,26,8467.44
103,68,1,2026-03-02,7300,298,852.58,41,10920.95
103,68,1,2026-03-03,21243,459,749.82,30,10521.03
103,68,1,2026-03-05,13575,868,1216.59,88,6982.39
103,68,1,2026-03-08,28814,2236,7816.52,269,74005.81
103,68,1,2026-03-10,40886,2701,10434.04,137,49797.42
103,68,1,2026-03-14,16882,1214,5391.4,104,37245.19
103,68,1,2026-03-16,18520,1290,2519.26,19,6475.72
103,68,1,2026-03-22,3677,268,1008.62,36,12444.16
103,68,1,2026-03-24,44847,3185,12644.73,291,60931.63
103,68,1,2026-03-25,7588,488,522.84,23,7279.21
103,68,1,2026-03-27,48753,1303,5033.36,38,10055.09
103,68,1,2026-03-28,11926,256,964.19,10,3905.27
103,68,1,2026-03-30,13583,140,614.49,2,712.09
103,68,1,2026-04-01,39626,2069,9112.76,81,28950.45
103,68,1,2026-04-07,21816,558,1636.22,46,15348.54
103,68,1,2026-04-11,13174,318,1264.86,35,13706.12
103,68,1,2026-04-16,16411,1105,3785.99,78,22552.05
103,68,1,2026-04-23,3551,267,1193.87,19,3388.39
103,68,1,2026-04-26,23752,411,1399.84,48,9535.38
103,68,1,2026-04-29,14621,655,1763.16,87,23778.36
103,68,1,2026-04-30,11661,257,322.04,33,9557.69
103,68,1,2026-05-01,28611,653,2745.65,20,6463.15
103,68,1,2026-05-02,21271,1370,1602.03,61,19581.6
103,68,1,2026-05-04,26340,705,1649.06,91,29974.05
103,68,1,2026-05-05,15988,1153,1678.81,108,19014.8
103,68,1,2026-05-06,41685,432,2129.34,43,4145.86
103,68,1,2026-05-09,32721,1316,3150.64,118,40350.39
103,68,1,2026-05-25,48782,1202,1271.9,166,10067.91
103,68,1,2026-05-27,37051,958,3685.04,53,7695.5
103,68,1,2026-05-29,9953,218,427.0,4,1366.63
103,68,1,2026-05-30,4280,249,548.45,8,1349.21
103,68,1,2026-06-10,41030,1014,1413.68,16,2862.41
103,68,1,2026-06-20,10811,646,2591.36,46,2472.77
103,68,1,2026-06-30,24558,829,1808.23,86,25525.36
103,68,1,2026-07-10,33995,623,2126.98,59,10029.88
103,68,1,2026-07-13,1529,78,137.36,10,883.98
103,68,1,2026-07-14,43434,2635,10668.83,309,50526.71
103,68,1,2026-07-23,14135,931,3454.75,67,12591.22
103,68,1,2026-07-25,37979,964,2904.96,62,5135.76
103,68,1,2026-07-26,31422,649,1281.04,58,13864.19
103,68,1,2026-07-27,3637,172,851.62,5,385.54
103,68,1,2026-07-28,38880,915,1090.56,112,27373.6
103,68,1,2026-08-02,29621,2060,2126.25,145,11914.35
103,68,1,2026-08-03,45455,826,1932.1,98,33917.05
103,68,1,2026-08-15,17173,1162,4912.71,81,19089.17
104,68,2,2025-08-22,28399,885,1612.49,101,12240.72
104,68,2,2025-08-23,43764,2646,11925.45,290,36546.3
104,68,2,2025-08-29,4538,80,123.63,10,2472.17
104,68,2,2025-09-05,42355,488,2157.77,54,9666.73
104,68,2,2025-09-07,35751,2313,5092.47,107,27244.92
104,68,2,2025-09-13,6073,436,1392.28,8,1255.49
104,68,2,2025-10-09,27070,2140,4374.48,301,27884.54
104,68,2,2025-10-11,41684,2813,2220.24,396,47172.36
104,68,2,2025-10-12,38977,1878,7555.95,169,34052.64
104,68,2,2025-10-19,20982,1241,5787.68,148,25421.06
104,68,2,2025-10-20,48122,3184,6755.62,440,109600.51
104,68,2,2025-10-21,1263,72,123.2,8,3003.54
104,68,2,2025-10-22,45054,482,248.78,16,5070.16
104,68,2,2025-10-24,37583,526,2502.3,35,10921.95
104,68,2,2025-10-25,49942,3485,17177.4,513,122613.95
104,68,2,2025-11-01,47865,1334,2165.68,198,56053.9
104,68,2,2025-11-02,35676,2637,11286.27,94,19759.44
104,68,2,2025-11-09,16945,476,902.67,21,5738.07
104,68,2,2025-11-11,15866,508,1999.14,40,4930.46
104,68,2,2025-11-14,15167,859,4081.67,41,5028.9
104,68,2,2025-11-18,32264,1339,2898.33,62,23815.28
104,68,2,2025-11-19,7408,253,1057.39,36,1897.16
104,68,2,2025-11-29,22389,648,1307.9,49,14247.48
104,68,2,2025-11-30,2222,121,509.01,8,2764.07
104,68,2,2025-12-01,28256,1352,1672.87,15,3923.74
104,68,2,2025-12-05,33531,2380,11340.35,230,41764.09
104,68,2,2025-12-12,35425,1279,2174.83,29,6236.15
104,68,2,2025-12-18,31475,2307,5375.12,193,62412.89
104,68,2,2025-12-22,14890,253,1185.44,37,7331.37
104,68,2,2025-12-24,36907,2304,6247.1,261,85357.56
104,68,2,2025-12-30,29968,1172,953.98,140,39551.53
104,68,2,2026-01-01,8573,198,620.95,7,1347.6
104,68,2,2026-01-06,30782,1320,1865.19,124,28470.48
104,68,2,2026-01-08,14410,1076,4081.26,42,8771.85
104,68,2,2026-01-10,7522,271,353.87,28,4300.5
104,68,2,2026-01-18,18813,1265,3648.98,171,49567.2
104,68,2,2026-01-19,16724,390,417.46,34,6944.16
104,68,2,2026-02-02,47236,3227,2217.83,408,79192.35
104,68,2,2026-02-04,21586,495,2132.83,18,5167.91
104,68,2,2026-02-07,33619,854,2579.32,22,6620.18
104,68,2,2026-02-13,9226,250,999.34,15,916.87
104,68,2,2026-02-14,13576,353,1529.01,21,2708.2
104,68,2,2026-02-16,29102,1446,5600.44,109,41182.97
104,68,2,2026-02-22,38414,2394,4497.88,146,44838.27
104,68,2,2026-03-03,21517,506,2322.72,55,8782.33
104,68,2,2026-03-06,44137,1576,5943.45,131,35359.58
104,68,2,2026-03-11,38598,2936,10471.92,419,153521.32
104,68,2,2026-03-13,21334,1219,3181.85,87,17232.74
104,68,2,2026-03-14,4223,201,359.33,20,3278.18
104,68,2,2026-03-20,7567,279,737.09,35,10235.25
104,68,2,2026-03-27,49036,3732,3219.43,523,126964.36
104,68,2,2026-03-30,31170,1396,6875.44,37,9872.9
104,68,2,2026-04-02,48074,2087,8540.09,174,40052.37
104,68,2,2026-04-12,6764,295,1414.03,4,736.89
104,68,2,2026-04-17,19287,722,1246.88,99,17728.09
104,68,2,2026-04-25,21167,928,1755.65,38,12946.87
104,68,2,2026-04-28,14789,1027,2611.96,101,18167.81
104,68,2,2026-05-05,18101,875,2948.65,107,23015.94
104,68,2,2026-05-09,38879,2098,4634.24,23,8938.68
104,68,2,2026-05-11,49265,914,1377.2,21,7267.1
104,68,2,2026-05-16,2562,173,268.09,17,4844.23
104,68,2,2026-05-19,48896,1313,4429.98,37,6870.36
104,68,2,2026-05-25,22231,1312,1232.68,67,17029.16
104,68,2,2026-05-27,20032,288,189.0,11,2708.84
104,68,2,2026-06-02,7426,213,122.34,8,2113.2
104,68,2,2026-06-04,40657,1091,3247.26,35,6881.17
104,68,2,2026-06-05,26558,544,1129.56,44,2440.83
104,68,2,2026-06-09,24445,1423,6654.74,150,24685.72
104,68,2,2026-06-14,19998,675,1840.1,51,20072.08
104,68,2,2026-06-23,29557,835,2212.71,82,13144.71
104,68,2,2026-06-26,31763,360,241.74,45,8878.1
104,68,2,2026-07-06,5842,241,137.82,33,13061.2
104,68,2,2026-07-13,8151,395,952.83,14,3914.14
104,68,2,2026-07-18,45310,1440,6821.27,77,21492.46
104,68,2,2026-07-21,24891,1360,2076.79,194,65917.6
104,68,2,2026-07-22,12140,933,1233.59,64,12774.52
104,68,2,2026-07-23,42795,2987,9036.92,55,18777.77
104,68,2,2026-07-25,45035,1351,4022.25,99,19616.68
104,68,2,2026-08-03,24610,1531,4573.32,145,55269.51
104,68,2,2026-08-10,43996,1438,5456.0,196,14441.53
104,68,2,2026-08-11,47384,2616,6704.01,329,102746.49
104,68,2,2026-08-14,33902,1561,3154.46,131,45099.87
104,68,2,2026-08-15,24463,1206,2263.27,44,16206.16
104,68,2,2026-08-16,9529,747,1583.28,19,7517.97
105,68,3,2025-08-18,10247,192,301.43,28,9204.42
105,68,3,2025-08-21,42247,1966,7393.26,179,10373.48
105,68,3,2025-08-22,27903,555,681.0,15,1255.87
105,68,3,2025-08-24,45535,3019,12812.38,428,77143.05
105,68,3,2025-08-25,26547,1635,7388.34,228,25583.75
105,68,3,2025-08-27,27182,561,1948.44,16,3982.84
105,68,3,2025-08-28,41150,1129,1558.48,119,8299.19
105,68,3,2025-08-29,34082,1960,8681.75,89,22474.64
105,68,3,2025-09-01,13228,862,1727.48,96,12450.77
105,68,3,2025-09-08,48416,2398,9040.99,248,52833.7
105,68,3,2025-09-09,46803,1984,9718.16,121,7392.47
105,68,3,2025-09-10,15646,181,375.85,23,2426.07
105,68,3,2025-09-18,40867,2078,6745.23,270,18868.69
105,68,3,2025-09-24,2412,185,813.93,25,3731.48
105,68,3,2025-09-27,10388,476,833.68,35,12570.71
105,68,3,2025-09-28,46902,707,3081.1,60,16397.01
105,68,3,2025-10-03,32950,562,995.15,34,13230.08
105,68,3,2025-10-06,9653,149,597.49,6,1901.9
105,68,3,2025-10-07,25690,1903,5255.94,159,38697.21
105,68,3,2025-10-13,31512,2159,3247.09,95,10137.66
105,68,3,2025-10-14,30542,1829,2870.08,55,13356.38
105,68,3,2025-10-19,25387,1623,7398.76,202,57373.04
105,68,3,2025-10-22,12619,839,3400.33,10,2320.47
105,68,3,2025-10-23,9069,642,2880.33,12,3744.34
105,68,3,2025-11-03,2374,96,303.96,14,3833.72
105,68,3,2025-11-20,27592,284,497.73,33,12867.8
105,68,3,2025-12-02,46353,506,1999.74,16,5784.19
105,68,3,2025-12-04,49335,653,3067.69,94,35440.32
105,68,3,2025-12-05,9765,457,508.47,50,8822.03
105,68,3,2025-12-09,27292,1409,3506.34,39,8494.24
105,68,3,2025-12-11,17979,1271,5870.86,155,32082.12
105,68,3,2025-12-16,48951,3059,8163.63,420,152890.51
105,68,3,2025-12-21,30429,499,854.65,16,1119.73
105,68,3,2025-12-24,39653,1052,709.13,32,1958.88
105,68,3,2025-12-25,10905,853,3024.45,72,28538.35
105,68,3,2025-12-30,34170,2446,4860.31,327,23522.66
105,68,3,2026-01-03,19487,1299,4973.01,41,15568.59
105,68,3,2026-01-05,19346,612,3045.52,68,12130.03
105,68,3,2026-01-07,32945,1357,3077.23,29,2455.92
105,68,3,2026-01-12,24982,342,723.66,36,4253.68
105,68,3,2026-01-15,38843,1867,6190.41,179,66869.92
105,68,3,2026-01-18,37065,1167,1126.88,65,16000.02
105,68,3,2026-01-20,46504,1188,628.21,106,32989.79
105,68,3,2026-01-21,12336,743,2489.52,17,4313.57
105,68,3,2026-01-22,45948,1596,1000.93,132,25021.69
105,68,3,2026-01-26,48631,3840,11911.21,351,92476.76
105,68,3,2026-01-30,48879,3079,2069.71,108,27519.36
105,68,3,2026-01-31,42014,917,2347.51,100,13477.3
105,68,3,2026-02-01,36615,451,497.23,29,4924.14
105,68,3,2026-02-10,24960,1247,5769.54,138,12155.15
105,68,3,2026-02-15,34599,2426,9948.63,272,60969.89
105,68,3,2026-02-16,32563,2465,7594.67,330,46207.09
105,68,3,2026-02-18,24122,367,983.58,45,16141.01
105,68,3,2026-02-21,7361,458,1322.37,42,14012.7
105,68,3,2026-02-25,40149,949,3002.63,59,19722.45
105,68,3,2026-02-27,36995,2914,11303.92,365,135453.13
105,68,3,2026-03-02,25559,1579,1149.8,186,66909.0
105,68,3,2026-03-10,35508,776,1185.2,104,19931.5
105,68,3,2026-03-11,9572,566,1455.59,28,8365.75
105,68,3,2026-03-14,34269,1522,4514.93,136,52057.57
105,68,3,2026-03-30,8505,101,334.32,4,1079.58
105,68,3,2026-04-01,25459,271,425.47,39,7047.6
105,68,3,2026-04-05,49511,1781,2308.46,262,45070.4
105,68,3,2026-04-13,26655,940,3891.8,99,35385.33
105,68,3,2026-04-14,25971,1505,5568.07,112,17284.31
105,68,3,2026-04-15,23188,1068,3735.53,65,22038.5
105,68,3,2026-04-16,27632,450,2147.91,33,7165.05
105,68,3,2026-04-19,1587,63,155.45,9,1057.12
105,68,3,2026-04-23,32794,1337,2444.36,92,8467.73
105,68,3,2026-04-26,10137,549,1726.2,41,3213.69
105,68,3,2026-05-01,6331,128,618.81,16,5604.47
105,68,3,2026-05-02,46603,724,2370.49,35,13377.89
105,68,3,2026-05-03,17049,613,400.12,48,10686.9
105,68,3,2026-05-04,6134,427,2023.3,27,1406.38
105,68,3,2026-05-05,10086,671,3084.54,26,4852.58
105,68,3,2026-05-10,2130,93,209.93,12,4545.51
105,68,3,2026-05-12,30346,1603,5005.04,236,17053.5
105,68,3,2026-05-17,43642,1639,3157.93,51,8477.3
105,68,3,2026-05-20,17662,1202,1184.86,86,15143.45
105,68,3,2026-05-23,3781,156,433.01,21,5267.29
105,68,3,2026-05-27,7728,203,949.97,13,1401.67
105,68,3,2026-06-01,44926,2695,9791.6,394,37243.75
105,68,3,2026-06-03,37308,2319,9606.72,91,10605.34
105,68,3,2026-06-07,2270,153,281.59,8,2608.94
105,68,3,2026-06-12,14850,641,2609.2,81,4445.56
105,68,3,2026-06-15,22775,423,822.62,57,12338.86
105,68,3,2026-06-17,37366,2633,8777.57,104,30503.49
105,68,3,2026-07-01,37937,1626,6994.45,114,43299.3
105,68,3,2026-07-07,28459,1139,4744.87,86,11363.07
105,68,3,2026-07-16,33707,2066,10117.93,149,19516.18
105,68,3,2026-07-22,16603,1058,661.85,102,20107.65
105,68,3,2026-07-25,42789,553,1249.81,63,12433.82
105,68,3,2026-07-27,35885,707,2418.6,23,9073.07
105,68,3,2026-07-31,40520,1171,5634.03,27,8451.27
105,68,3,2026-08-01,23928,467,1465.96,26,6803.02
105,68,3,2026-08-02,5453,114,442.21,9,828.14
105,68,3,2026-08-04,36125,753,3064.19,55,18154.5
105,68,3,2026-08-06,27532,1998,9979.17,60,20678.35
105,68,3,2026-08-07,37784,2028,5458.8,183,26941.53
105,68,3,2026-08-08,1984,59,51.05,0,0.0
105,68,3,2026-08-11,6403,182,498.51,12,2632.89
105,68,3,2026-08-13,41216,622,1394.15,86,17445.0
105,68,3,2026-08-15,37233,2965,3673.87,144,48430.11
105,68,3,2026-08-16,19546,849,3178.01,71,16376.74
106,22,1,2025-09-01,29101,1037,1756.86,155,25284.5
106,22,1,2025-09-03,14114,1009,634.87,123,25258.83
106,22,1,2025-09-11,3822,103,414.59,14,5503.69
106,22,1,2025-09-17,4939,183,524.27,15,1301.53
106,22,1,2025-09-21,16515,681,768.67,34,8694.45
106,22,1,2025-09-22,35471,2589,8671.45,288,85173.67
106,22,1,2025-10-06,12169,563,2342.09,39,5071.45
106,22,1,2025-10-22,18947,353,1445.67,26,8116.45
106,22,1,2025-10-27,34988,794,541.83,92,20114.9
106,22,1,2025-11-02,24037,1527,4348.87,198,64105.8
106,22,1,2025-11-04,25006,1827,6028.47,190,44431.8
106,22,1,2025-11-06,20757,1444,3794.46,149,10441.05
106,22,1,2025-11-08,49489,3525,7838.83,58,15319.56
106,22,1,2025-11-10,23585,993,3939.02,101,10946.54
106,22,1,2025-11-12,42711,739,685.5,22,7956.4
106,22,1,2025-11-21,10333,751,1408.72,92,34655.79
106,22,1,2025-11-27,24600,1234,4087.02,51,5894.87
106,22,1,2025-11-30,5725,383,1212.7,40,4151.48
106,22,1,2025-12-02,33703,2240,4464.86,46,4276.84
106,22,1,2025-12-04,6686,338,511.71,25,7291.15
106,22,1,2025-12-14,12623,706,1365.43,61,15557.45
106,22,1,2025-12-15,3104,158,280.8,19,2094.91
106,22,1,2025-12-16,5701,439,1726.75,16,2682.08
106,22,1,2026-01-01,46874,2146,1108.18,217,41940.15
106,22,1,2026-01-02,12835,846,2142.49,125,16166.79
106,22,1,2026-01-12,38414,1568,2103.4,99,9848.28
106,22,1,2026-01-15,39225,551,2184.37,25,1836.36
106,22,1,2026-01-20,5849,331,465.7,10,570.41
106,22,1,2026-01-26,30206,1585,1851.91,121,35220.5
106,22,1,2026-01-30,38812,914,2590.92,123,22633.28
106,22,1,2026-02-03,37869,2460,9146.83,257,47960.89
106,22,1,2026-02-05,29284,1096,3707.7,37,11230.03
106,22,1,2026-02-12,40788,1563,1435.23,223,89119.83
106,22,1,2026-02-18,12197,464,2100.09,54,13779.37
106,22,1,2026-02-20,49510,2117,7432.05,189,19616.31
106,22,1,2026-02-22,34054,1518,3925.4,18,2924.55
106,22,1,2026-02-23,36291,1389,1317.34,21,2932.84
106,22,1,2026-03-01,16486,928,3562.72,115,38394.66
106,22,1,2026-03-02,10627,678,1754.45,24,5172.87
106,22,1,2026-03-04,6128,258,343.28,29,10498.22
106,22,1,2026-03-09,28303,1525,6387.32,162,16862.17
106,22,1,2026-03-21,3125,137,141.21,3,418.84
106,22,1,2026-03-22,1458,55,145.02,1,134.0
106,22,1,2026-03-23,9159,609,2777.96,10,3321.7
106,22,1,2026-03-24,43862,1897,6808.61,194,54091.27
106,22,1,2026-03-25,7027,214,936.24,13,2553.41
106,22,1,2026-03-29,44929,2506,10098.89,140,27037.27
106,22,1,2026-04-02,37773,2905,12910.09,192,66253.23
106,22,1,2026-04-04,47438,1860,2158.89,138,37692.95
106,22,1,2026-04-06,43092,3064,12807.77,112,24781.13
106,22,1,2026-04-12,4601,281,827.17,40,5928.21
106,22,1,2026-04-19,5611,254,655.4,17,1909.12
106,22,1,2026-04-21,25674,343,1487.38,42,6520.22
106,22,1,2026-04-22,14798,1051,1433.39,65,11334.07
106,22,1,2026-05-01,14007,739,1410.13,100,35788.04
106,22,1,2026-05-03,24601,1061,5293.69,48,4102.61
106,22,1,2026-05-04,4040,100,141.19,9,3002.17
106,22,1,2026-05-05,4362,340,987.94,25,2034.03
106,22,1,2026-05-06,48545,1567,2096.69,45,11048.88
106,22,1,2026-05-09,6210,474,2247.95,41,3438.34
106,22,1,2026-05-24,2854,34,125.39,3,1046.93
106,22,1,2026-05-25,46858,1978,7760.91,159,52349.91
106,22,1,2026-05-26,49401,3604,10072.27,531,206628.36
106,22,1,2026-05-29,31586,2434,2884.46,125,49893.25
106,22,1,2026-05-30,6842,124,560.07,3,699.14
106,22,1,2026-05-31,36163,1200,693.41,19,5586.41
106,22,1,2026-06-06,31278,1456,3905.16,34,4661.02
106,22,1,2026-06-08,23816,1718,5347.79,59,10404.03
106,22,1,2026-06-15,40892,1790,2879.92,175,50561.03
106,22,1,2026-06-20,7164,183,876.59,9,3385.31
106,22,1,2026-07-01,20438,1067,4322.67,11,2212.26
106,22,1,2026-07-05,10710,588,1670.78,24,1984.85
106,22,1,2026-07-08,1460,73,273.74,3,220.9
106,22,1,2026-07-10,6262,356,336.09,53,3988.55
106,22,1,2026-07-11,35521,1818,7439.88,83,27861.44
106,22,1,2026-07-19,8968,204,917.93,26,9246.31
106,22,1,2026-07-23,23917,1126,5280.46,52,3410.24
106,22,1,2026-07-24,45207,569,2388.78,30,8798.38
106,22,1,2026-08-06,3971,106,258.73,8,2001.22
106,22,1,2026-08-09,14077,199,180.88,28,10419.41
106,22,1,2026-08-18,41539,1619,4059.82,71,23303.49
107,22,2,2025-08-18,20193,657,2454.2,70,20608.75
107,22,2,2025-08-27,14461,278,1073.71,31,9477.81
107,22,2,2025-08-30,17460,1342,2497.75,22,3505.38
107,22,2,2025-09-02,18345,1061,1493.23,117,35243.55
107,22,2,2025-09-05,15259,583,1796.41,67,10823.2
107,22,2,2025-09-08,44134,2205,9724.08,318,40520.49
107,22,2,2025-09-15,29926,2092,9684.77,290,27060.84
107,22,2,2025-09-21,44787,3018,10655.11,326,65005.25
107,22,2,2025-09-23,28740,313,497.3,44,13274.55
107,22,2,2025-09-25,49315,867,2198.69,89,31971.4
107,22,2,2025-09-28,27986,1578,3285.1,199,40447.31
107,22,2,2025-09-29,29650,1523,6033.76,221,69101.21
107,22,2,2025-10-02,47864,2313,9184.71,201,63589.55
107,22,2,2025-10-03,23505,993,541.76,60,9514.94
107,22,2,2025-10-09,36596,2260,8740.97,277,34438.61
107,22,2,2025-10-11,29048,441,1608.29,22,2332.1
107,22,2,2025-10-15,41129,2081,8575.9,170,63923.69
107,22,2,2025-10-16,48758,3283,3685.74,416,101302.05
107,22,2,2025-10-17,17162,1080,3714.99,142,36307.93
107,22,2,2025-10-26,28881,1639,4203.26,141,52801.4
107,22,2,2025-10-31,8576,415,377.42,53,17254.55
107,22,2,2025-11-10,15051,1115,896.87,75,14738.0
107,22,2,2025-11-20,42463,1265,6100.49,103,26188.25
107,22,2,2025-11-24,45732,696,769.94,62,6657.9
107,22,2,2025-12-05,4117,45,142.2,5,1662.53
107,22,2,2025-12-07,32883,1207,2492.48,115,23463.22
107,22,2,2025-12-12,47934,1337,6682.36,178,35140.4
107,22,2,2025-12-14,43942,3294,4047.66,461,89274.64
107,22,2,2025-12-20,9771,131,124.73,13,2786.37
107,22,2,2025-12-22,38705,3009,4101.56,195,59777.43
107,22,2,2025-12-24,22371,1528,4943.19,22,1165.44
107,22,2,2026-01-01,2680,201,214.22,26,8917.38
107,22,2,2026-01-04,20412,1179,2500.13,65,8657.94
107,22,2,2026-01-05,22201,478,1720.88,12,1345.67
107,22,2,2026-01-10,8671,565,491.32,30,2422.27
107,22,2,2026-01-15,25994,506,309.28,73,12105.31
107,22,2,2026-01-17,41417,1235,4450.92,160,16474.58
107,22,2,2026-01-22,41848,2229,7679.13,328,52039.86
107,22,2,2026-01-28,24696,1525,1883.79,147,47766.22
107,22,2,2026-02-01,4840,115,109.18,14,5018.06
107,22,2,2026-02-15,17171,540,1306.21,16,2091.0
107,22,2,2026-02-21,37648,2948,5732.79,78,10228.64
107,22,2,2026-02-26,27469,357,549.55,6,1547.86
107,22,2,2026-02-27,11481,166,341.64,10,1589.75
107,22,2,2026-03-09,30155,348,763.67,16,3918.8
107,22,2,2026-03-11,42213,2934,12557.5,260,58584.25
107,22,2,2026-03-15,21405,719,2799.26,106,42231.63
107,22,2,2026-03-20,42603,2132,7557.31,140,53487.81
107,22,2,2026-03-25,36675,2625,12883.42,329,117094.77
107,22,2,2026-03-26,4991,212,273.92,6,1206.49
107,22,2,2026-03-27,6439,319,321.03,11,3850.01
107,22,2,2026-04-02,7184,168,479.2,18,6444.03
107,22,2,2026-04-07,25567,831,3629.81,55,20342.71
107,22,2,2026-04-13,13282,824,2591.39,94,18655.72
107,22,2,2026-04-28,41719,2327,9748.62,224,23717.39
107,22,2,2026-05-02,15362,444,1181.21,8,2351.8
107,22,2,2026-05-05,11172,436,630.68,8,1972.0
107,22,2,2026-05-06,5520,265,533.88,11,2231.24
107,22,2,2026-05-12,38885,3048,13000.75,402,50356.02
107,22,2,2026-05-21,11315,880,4292.08,126,28070.36
107,22,2,2026-05-24,4547,169,433.51,18,1204.28
107,22,2,2026-05-26,18115,1265,3349.63,67,5746.53
107,22,2,2026-05-27,34026,2338,4964.81,155,55755.54
107,22,2,2026-06-03,14894,1092,1387.96,110,38834.62
107,22,2,2026-06-04,1995,60,216.31,6,1461.46
107,22,2,2026-06-07,36846,2629,7911.07,97,32432.08
107,22,2,2026-06-10,6252,67,119.42,4,1477.64
107,22,2,2026-06-12,33842,2057,5626.04,67,24737.94
107,22,2,2026-06-13,17321,309,768.59,26,9992.06
107,22,2,2026-06-16,37459,1353,4703.94,78,7990.42
107,22,2,2026-06-24,23294,1407,7011.25,176,39352.81
107,22,2,2026-06-26,22564,500,988.56,43,6865.63
107,22,2,2026-06-30,11839,603,1841.49,43,7234.77
107,22,2,2026-07-04,13640,857,2702.95,12,862.92
107,22,2,2026-07-05,48555,3453,6992.66,137,27865.84
107,22,2,2026-07-08,9477,675,935.41,88,31860.59
107,22,2,2026-07-17,3804,162,809.58,12,4444.46
107,22,2,2026-07-26,29023,1058,2108.04,52,17937.9
107,22,2,2026-07-28,18647,371,1318.27,37,5812.02
107,22,2,2026-07-29,40550,1433,1387.42,123,45786.0
107,22,2,2026-08-01,18542,386,831.57,43,10963.87
107,22,2,2026-08-05,9974,292,281.4,11,2703.25
107,22,2,2026-08-06,45415,1006,3271.49,92,13477.15
107,22,2,2026-08-08,40636,754,1949.79,33,9342.5
107,22,2,2026-08-09,25066,919,873.74,53,3276.77
107,22,2,2026-08-11,31787,337,1322.08,48,2931.92
108,22,3,2025-08-19,24977,752,1950.42,31,9191.75
108,22,3,2025-08-21,9894,459,782.63,33,9276.98
108,22,3,2025-09-03,25393,1722,1738.87,56,10424.63
108,22,3,2025-09-04,6848,288,913.63,4,1412.8
108,22,3,2025-09-10,9725,660,1199.9,86,5589.37
108,22,3,2025-09-12,22979,416,1769.3,53,12848.35
108,22,3,2025-09-17,38881,2358,3325.59,225,15036.63
108,22,3,2025-09-18,36840,905,2945.98,66,17202.3
108,22,3,2025-09-19,9145,569,1343.41,33,5862.53
108,22,3,2025-09-20,45605,3432,8924.57,182,69658.17
108,22,3,2025-09-21,24167,530,489.93,9,499.49
108,22,3,2025-09-28,25765,1130,2185.95,62,4380.89
108,22,3,2025-09-29,47389,2151,5552.06,186,36562.35
108,22,3,2025-10-01,28188,2144,10139.89,155,25240.87
108,22,3,2025-10-04,18733,758,2952.76,8,2087.97
108,22,3,2025-10-08,6622,237,947.59,23,7232.76
108,22,3,2025-10-13,17631,531,2584.45,13,2878.68
108,22,3,2025-10-15,34200,837,3759.59,21,6194.91
108,22,3,2025-10-19,9555,292,1360.4,20,7324.36
108,22,3,2025-10-20,33296,2461,3099.06,341,47505.88
108,22,3,2025-10-23,24593,979,2494.61,86,32757.66
108,22,3,2025-10-29,35936,709,2390.77,44,10897.53
108,22,3,2025-10-31,11584,401,777.06,36,1806.0
108,22,3,2025-11-04,29008,983,2791.09,98,31916.17
108,22,3,2025-11-05,37100,2289,2510.37,81,10697.11
108,22,3,2025-11-08,14970,627,492.14,88,15187.71
108,22,3,2025-11-13,15093,283,990.76,21,7326.42
108,22,3,2025-11-17,41059,1577,6503.94,129,22260.1
108,22,3,2025-11-18,18217,809,909.88,34,5900.3
108,22,3,2025-11-19,30691,341,1435.18,7,2285.35
108,22,3,2025-11-23,3004,105,368.14,6,1901.96
108,22,3,2025-11-26,23569,1154,4808.27,69,6141.67
108,22,3,2025-11-30,26300,1544,2886.88,158,16442.25
108,22,3,2025-12-03,7422,374,1531.83,13,1526.38
108,22,3,2025-12-05,19440,418,1454.17,57,22534.57
108,22,3,2025-12-09,49767,2319,5736.07,37,9341.64
108,22,3,2025-12-18,29963,1948,6454.05,211,22582.59
108,22,3,2025-12-23,30205,901,2083.37,13,2271.88
108,22,3,2025-12-26,36645,1225,5452.46,156,15782.46
108,22,3,2025-12-28,13825,318,237.32,5,252.56
108,22,3,2025-12-29,5639,159,86.09,6,418.63
108,22,3,2025-12-30,20207,1044,1442.39,149,49710.53
108,22,3,2026-01-08,15475,986,2663.58,30,5686.27
108,22,3,2026-01-12,12020,394,1416.74,9,2543.22
108,22,3,2026-01-13,20294,1395,1731.13,146,39352.36
108,22,3,2026-01-16,2698,92,457.76,2,197.01
108,22,3,2026-01-18,30316,1401,2124.68,119,35818.78
108,22,3,2026-01-22,16475,582,2116.62,76,23254.59
108,22,3,2026-01-28,40030,1803,7678.21,167,35529.2
108,22,3,2026-01-29,13410,936,3339.02,99,33276.6
108,22,3,2026-02-10,25640,1461,5818.74,83,19016.31
108,22,3,2026-02-11,10398,431,1253.53,62,7844.02
108,22,3,2026-02-14,21464,348,1287.36,28,2750.39
108,22,3,2026-02-15,31953,1077,2981.65,140,29704.56
108,22,3,2026-02-16,46851,3211,9796.63,76,18586.09
108,22,3,2026-02-21,14781,645,618.97,52,8025.26
108,22,3,2026-02-23,42523,1764,7297.25,101,8587.01
108,22,3,2026-02-24,45717,1227,5630.1,166,60296.67
108,22,3,2026-03-05,27404,883,1277.47,111,6575.19
108,22,3,2026-03-06,20446,1003,2234.91,29,9755.69
108,22,3,2026-03-09,23582,1519,4123.78,208,74360.45
108,22,3,2026-03-15,28395,2237,2841.75,187,43098.48
108,22,3,2026-03-22,21366,499,1015.61,66,18664.03
108,22,3,2026-03-23,21030,364,297.43,32,2659.88
108,22,3,2026-03-26,27030,822,539.79,16,6392.92
108,22,3,2026-04-05,48761,2330,1674.3,115,10728.09
108,22,3,2026-04-06,28893,2298,9332.61,340,128918.56
108,22,3,2026-04-10,23407,817,2872.29,15,3371.18
108,22,3,2026-04-11,42839,3006,4532.32,298,38146.54
108,22,3,2026-04-13,47595,750,2996.16,25,3689.29
108,22,3,2026-04-14,42965,1415,5046.54,90,27433.59
108,22,3,2026-04-15,35114,2501,10382.45,355,20370.46
108,22,3,2026-04-17,18873,798,3382.81,87,9606.19
108,22,3,2026-04-20,31861,1667,7013.32,199,75686.1
108,22,3,2026-04-24,35642,1440,4045.29,147,19105.63
108,22,3,2026-04-25,46322,1646,4309.59,161,63681.6
108,22,3,2026-04-27,24415,359,967.07,11,3148.43
108,22,3,2026-04-28,3623,128,81.27,10,3822.07
108,22,3,2026-05-07,4539,50,150.24,4,1112.68
108,22,3,2026-05-08,14435,233,571.58,23,3494.81
108,22,3,2026-05-10,39575,1287,648.03,184,65636.39
108,22,3,2026-05-17,46867,1845,2254.73,174,55300.49
108,22,3,2026-05-22,28614,358,1368.07,6,1966.94
108,22,3,2026-05-24,23459,561,2429.77,36,11612.62
108,22,3,2026-06-01,12929,541,320.02,65,5400.29
108,22,3,2026-06-08,1720,70,82.39,8,1915.15
108,22,3,2026-06-10,17127,293,254.59,4,283.53
108,22,3,2026-06-14,21620,546,899.99,32,8628.27
108,22,3,2026-06-15,37155,2023,5761.21,22,4951.63
108,22,3,2026-06-17,22585,646,875.01,41,2302.71
108,22,3,2026-06-20,6951,90,341.32,11,3904.63
108,22,3,2026-06-21,43188,1067,3118.06,51,11919.97
108,22,3,2026-06-26,11950,676,2387.09,86,23821.1
108,22,3,2026-06-27,12812,217,547.37,21,5697.94
108,22,3,2026-07-09,27202,726,923.08,91,23083.26
108,22,3,2026-07-11,4185,127,416.46,4,952.94
108,22,3,2026-07-13,5749,209,989.28,17,2375.33
108,22,3,2026-07-15,21932,1660,2324.02,114,24217.49
108,22,3,2026-07-17,22627,1642,5467.87,90,24281.46
108,22,3,2026-07-20,20010,314,1528.5,35,9753.51
108,22,3,2026-07-21,42328,2018,4181.17,242,47984.99
108,22,3,2026-07-26,9271,359,609.93,26,2403.92
108,22,3,2026-07-29,48964,2271,2735.51,39,13266.55
108,22,3,2026-08-02,22310,303,1340.91,35,11408.8
108,22,3,2026-08-10,27836,1536,6875.4,39,3317.13
108,22,3,2026-08-12,18574,673,3160.69,59,17756.87
109,63,1,2025-08-19,45108,2826,11987.2,60,5795.81
109,63,1,2025-08-22,28941,1341,2090.96,56,8674.13
109,63,1,2025-08-27,36031,776,2906.48,114,25601.93
109,63,1,2025-09-06,47148,1284,4919.3,57,21582.67
109,63,1,2025-09-12,4602,80,228.63,6,654.72
109,63,1,2025-09-15,22291,766,1622.41,11,3043.05
109,63,1,2025-09-16,10129,138,270.3,2,495.69
109,63,1,2025-09-27,8278,417,358.71,32,5376.62
109,63,1,2025-10-02,32658,1434,4139.03,75,7212.3
109,63,1,2025-10-13,45119,3102,7332.19,109,17478.62
109,63,1,2025-10-17,12990,458,1950.59,35,12470.16
109,63,1,2025-10-20,45356,2849,8885.98,240,62355.44
109,63,1,2025-10-21,25539,683,1233.09,37,5013.43
109,63,1,2025-10-24,16093,463,903.14,24,8243.75
109,63,1,2025-10-26,19896,1176,3748.01,89,12871.56
109,63,1,2025-10-28,37105,639,1381.49,39,14995.31
109,63,1,2025-11-02,19111,326,1606.43,32,8420.25
109,63,1,2025-11-03,31361,2212,8536.3,188,34193.03
109,63,1,2025-11-14,1783,42,65.9,1,207.28
109,63,1,2025-11-21,23193,1262,4551.54,43,7790.54
109,63,1,2025-11-25,46390,1552,1560.77,172,55922.61
109,63,1,2025-11-28,7902,102,443.84,1,316.98
109,63,1,2025-12-02,23081,661,1197.03,88,11452.89
109,63,1,2025-12-08,28612,2125,7965.96,153,40602.5
109,63,1,2025-12-11,14206,753,2994.46,60,12414.18
109,63,1,2025-12-20,24598,1290,3877.64,32,6192.86
109,63,1,2025-12-24,12296,226,801.69,22,7555.22
109,63,1,2025-12-27,18201,867,1606.07,127,46339.08
109,63,1,2025-12-30,31527,2209,1626.46,67,25464.26
109,63,1,2026-01-01,6561,128,499.99,19,1295.58
109,63,1,2026-01-04,36453,1407,3791.57,85,23607.73
109,63,1,2026-01-11,36641,509,705.01,63,24638.49
109,63,1,2026-01-13,32129,2143,9257.85,75,17302.75
109,63,1,2026-01-17,10556,682,2741.6,94,23720.21
109,63,1,2026-01-19,24897,421,694.22,31,8474.96
109,63,1,2026-01-25,43845,2853,6040.67,168,27336.44
109,63,1,2026-01-30,36419,1865,9129.52,24,2626.64
109,63,1,2026-02-01,16092,868,1338.92,19,1642.49
109,63,1,2026-02-08,27738,1861,6661.04,130,36234.96
109,63,1,2026-02-17,18675,1139,3852.03,137,31962.4
109,63,1,2026-02-18,1051,24,84.64,3,822.85
109,63,1,2026-02-23,32180,1544,6418.6,147,55321.75
109,63,1,2026-02-24,34752,1838,2561.78,233,76720.7
109,63,1,2026-02-27,19063,324,212.59,24,5209.67
109,63,1,2026-03-05,21937,792,716.97,99,26193.82
109,63,1,2026-03-07,34855,1340,1255.44,39,6960.74
109,63,1,2026-03-11,47252,1029,3249.85,93,8065.45
109,63,1,2026-03-17,26022,1980,7837.9,232,72056.1
109,63,1,2026-03-19,6654,502,1127.89,29,9394.45
109,63,1,2026-03-21,33516,2539,10913.81,183,27440.77
109,63,1,2026-04-04,31717,1329,3174.63,166,60038.36
109,63,1,2026-04-09,6639,216,647.06,32,2112.16
109,63,1,2026-04-11,41027,2394,6295.57,38,3732.96
109,63,1,2026-04-19,48975,2713,7772.42,200,17007.85
109,63,1,2026-04-30,11124,637,1695.27,89,8826.72
109,63,1,2026-05-08,39421,1674,2512.64,180,34666.19
109,63,1,2026-05-14,30387,472,380.69,17,5236.81
109,63,1,2026-05-20,3144,147,429.24,2,184.74
109,63,1,2026-05-26,7553,85,115.63,8,872.58
109,63,1,2026-06-01,3976,307,1488.17,37,4010.54
109,63,1,2026-06-11,42418,2153,2520.33,275,89722.86
109,63,1,2026-06-18,33516,1085,4833.4,74,24309.42
109,63,1,2026-06-30,5564,377,1516.29,27,8943.71
109,63,1,2026-07-02,44624,2738,6783.49,271,39083.17
109,63,1,2026-07-13,24476,321,1031.76,5,1500.58
109,63,1,2026-07-15,30395,1756,6276.29,124,19952.02
109,63,1,2026-07-27,38878,2686,6611.77,354,91842.14
109,63,1,2026-07-29,35803,1825,7388.78,230,31686.44
109,63,1,2026-07-30,19370,522,912.8,45,9580.03
109,63,1,2026-07-31,4902,240,1061.84,5,1828.63
109,63,1,2026-08-03,31342,1376,1554.84,78,27893.16
109,63,1,2026-08-04,33858,2266,4921.39,159,51839.24
109,63,1,2026-08-09,25426,1936,8699.01,96,7288.73
110,63,2,2025-08-18,20734,1379,2324.26,116,33989.02
110,63,2,2025-08-19,44015,3290,8666.27,68,24566.48
110,63,2,2025-08-27,48612,1096,2277.37,31,6919.32
110,63,2,2025-09-01,40748,861,2606.05,54,14954.3
110,63,2,2025-09-07,44065,1630,1528.9,117,12385.61
110,63,2,2025-09-10,17424,889,1908.41,36,2335.45
110,63,2,2025-09-15,12279,125,498.93,7,2780.65
110,63,2,2025-09-18,49956,1405,2609.42,57,3073.42
110,63,2,2025-09-22,39160,2007,9194.69,95,21393.03
110,63,2,2025-09-25,29878,1976,7620.54,184,16799.35
110,63,2,2025-09-27,42212,1619,852.57,192,53331.37
110,63,2,2025-09-28,48216,3165,14080.32,404,44995.57
110,63,2,2025-09-29,9777,446,332.88,7,2235.43
110,63,2,2025-10-03,28829,699,853.09,67,24545.67
110,63,2,2025-10-05,4791,227,242.63,4,491.6
110,63,2,2025-10-14,10493,396,587.59,48,6658.21
110,63,2,2025-10-29,38229,1635,3533.45,216,34908.3
110,63,2,2025-11-09,38850,1170,5779.05,163,13403.89
110,63,2,2025-11-10,6581,302,563.57,30,5999.98
110,63,2,2025-11-13,13605,672,3312.74,77,14030.03
110,63,2,2025-11-21,9069,268,255.33,35,11712.11
110,63,2,2025-11-23,30487,1667,5517.19,68,13753.67
110,63,2,2025-11-25,49311,2117,6638.41,111,9813.04
110,63,2,2025-11-27,5809,104,453.72,12,2346.26
110,63,2,2025-11-28,35553,491,904.26,66,22759.38
110,63,2,2025-12-04,44328,927,2738.33,43,5615.65
110,63,2,2025-12-10,24415,1722,4699.02,223,87189.62
110,63,2,2025-12-12,19671,1077,4459.77,123,40717.64
110,63,2,2025-12-14,12627,416,1806.3,46,2831.61
110,63,2,2025-12-15,17742,642,2371.63,22,5037.52
110,63,2,2025-12-30,5297,398,1186.03,14,1995.99
110,63,2,2026-01-03,37393,1685,4187.69,65,22211.9
110,63,2,2026-01-05,24410,1687,4053.14,201,21742.13
110,63,2,2026-01-07,1959,129,398.65,2,191.33
110,63,2,2026-01-18,17199,711,554.9,52,12910.25
110,63,2,2026-01-19,9764,166,620.38,19,7248.15
110,63,2,2026-01-22,30446,2298,8635.73,316,39870.32
110,63,2,2026-01-23,38064,2271,6327.62,311,121634.17
110,63,2,2026-01-31,29274,2310,11492.12,273,42206.89
110,63,2,2026-02-01,20118,865,2489.2,85,19888.55
110,63,2,2026-02-04,48309,1876,8097.54,148,40312.45
110,63,2,2026-02-05,17607,1235,4531.36,18,4673.18
110,63,2,2026-02-12,13560,873,3333.71,29,9382.45
110,63,2,2026-02-14,27410,1266,5544.32,178,32290.22
110,63,2,2026-02-18,12411,169,820.1,12,712.48
110,63,2,2026-02-19,29653,2089,1739.97,71,12670.99
110,63,2,2026-02-20,49652,3435,5971.81,139,34576.45
110,63,2,2026-02-21,13738,783,1485.0,45,14345.64
110,63,2,2026-03-01,22235,1446,2209.62,67,12531.14
110,63,2,2026-03-10,45442,607,2364.81,60,9674.74
110,63,2,2026-03-16,15666,525,814.69,38,8005.73
110,63,2,2026-03-24,18467,267,1207.04,23,9042.81
110,63,2,2026-03-26,3934,98,378.43,5,641.07
110,63,2,2026-03-29,3561,239,549.67,10,585.48
110,63,2,2026-04-06,46897,1625,946.01,113,10893.54
110,63,2,2026-04-14,24492,1537,2502.98,18,4231.28
110,63,2,2026-04-15,12115,502,1280.84,67,5805.15
110,63,2,2026-04-21,38537,462,516.07,43,10165.03
110,63,2,2026-04-28,2969,122,309.79,7,2170.42
110,63,2,2026-05-02,23525,1072,3800.47,108,14768.62
110,63,2,2026-05-03,45363,1545,2714.39,84,8306.48
110,63,2,2026-05-04,29245,1332,3227.64,74,22914.61
110,63,2,2026-05-10,41227,1445,6364.24,43,16955.41
110,63,2,2026-05-11,26651,860,1848.82,97,20007.09
110,63,2,2026-05-12,21045,277,732.01,25,4132.1
110,63,2,2026-05-20,48573,2606,12543.59,347,119299.54
110,63,2,2026-05-22,11872,411,1625.43,18,2737.92
110,63,2,2026-05-23,20000,972,4123.38,141,46983.92
110,63,2,2026-05-26,42794,1646,2821.17,19,5729.89
110,63,2,2026-05-29,45630,932,2301.54,135,10868.09
110,63,2,2026-05-31,26173,602,2469.18,88,20253.69
110,63,2,2026-06-07,6391,508,2078.55,63,24930.8
110,63,2,2026-06-12,15282,1151,3948.63,133,8488.42
110,63,2,2026-06-15,42378,863,922.89,116,29328.97
110,63,2,2026-06-17,2719,34,113.0,3,197.09
110,63,2,2026-06-18,23819,1323,3158.0,41,14205.46
110,63,2,2026-06-23,23772,1864,7131.24,232,71101.63
110,63,2,2026-06-24,44824,2142,1667.28,140,17295.28
110,63,2,2026-06-26,43195,2473,9336.53,201,33347.72
110,63,2,2026-06-30,32267,1047,1659.01,64,12753.4
110,63,2,2026-07-03,4824,205,713.04,2,749.15
110,63,2,2026-07-08,30077,2295,4546.37,324,115252.87
110,63,2,2026-07-12,23555,275,742.71,27,5152.39
110,63,2,2026-07-13,7340,104,268.31,15,2127.96
110,63,2,2026-07-14,32945,1053,3273.25,59,15700.6
110,63,2,2026-07-16,6918,167,280.74,22,8252.49
110,63,2,2026-07-17,30387,309,703.05,44,2928.86
110,63,2,2026-07-20,47948,634,1779.66,61,17536.06
110,63,2,2026-07-21,4711,164,471.24,11,1244.85
110,63,2,2026-07-23,30764,1912,2112.1,153,49796.97
110,63,2,2026-07-24,6480,391,217.31,9,2771.96
110,63,2,2026-07-31,18309,1201,704.82,170,58305.53
110,63,2,2026-08-03,3921,296,935.18,12,2243.86
110,63,2,2026-08-06,34728,599,1210.34,47,3025.0
110,63,2,2026-08-09,35225,359,1309.42,7,708.29
110,63,2,2026-08-14,4523,353,499.0,33,11673.31
110,63,2,2026-08-18,36475,1783,4992.29,86,22639.28
111,63,3,2025-08-29,38164,2847,5109.47,340,72638.34
111,63,3,2025-09-02,48530,2874,9863.23,220,83813.21
111,63,3,2025-09-03,36637,2761,8535.18,257,57018.17
111,63,3,2025-09-06,17271,235,477.48,30,6569.01
111,63,3,2025-09-09,41083,2719,8346.82,163,44447.7
111,63,3,2025-09-10,7513,284,715.88,38,11361.93
111,63,3,2025-09-11,14033,491,1548.34,40,6944.95
111,63,3,2025-09-13,38333,2832,2334.5,259,28365.37
111,63,3,2025-09-14,41849,2983,9024.4,223,13281.4
111,63,3,2025-09-17,27058,661,2046.85,23,2827.58
111,63,3,2025-09-21,30608,1285,2029.15,137,16133.04
111,63,3,2025-09-25,12787,942,1526.56,61,19229.79
111,63,3,2025-09-28,11366,674,808.91,91,25193.12
111,63,3,2025-09-30,27934,612,2081.49,78,27195.73
111,63,3,2025-10-01,26921,1293,5911.38,185,65648.05
111,63,3,2025-10-07,6943,546,914.3,81,5585.01
111,63,3,2025-10-10,22698,1323,2922.05,20,3884.32
111,63,3,2025-10-12,20414,1044,3821.27,42,9292.62
111,63,3,2025-10-15,15666,1122,2642.71,144,25677.0
111,63,3,2025-10-16,45689,2247,7471.9,290,27906.36
111,63,3,2025-10-17,9088,278,747.72,14,3634.08
111,63,3,2025-10-23,24742,1192,797.5,18,1845.48
111,63,3,2025-10-26,48184,2911,12428.14,194,60928.96
111,63,3,2025-10-28,2992,128,627.24,4,847.05
111,63,3,2025-11-01,34517,1140,5025.96,125,49257.89
111,63,3,2025-11-06,29260,1317,6396.45,187,15501.94
111,63,3,2025-11-11,21563,1681,4344.93,211,11093.05
111,63,3,2025-11-14,11395,547,1753.35,80,25882.47
111,63,3,2025-11-20,5732,456,1372.6,5,1702.9
111,63,3,2025-11-24,44461,2958,6189.25,34,9266.84
111,63,3,2025-11-26,5379,168,735.02,9,1329.63
111,63,3,2025-12-03,30307,622,2915.24,49,12348.39
111,63,3,2025-12-06,47882,2675,4196.37,375,41968.61
111,63,3,2025-12-15,33660,460,291.85,68,21604.82
111,63,3,2025-12-20,6255,65,245.28,5,1340.7
111,63,3,2025-12-23,4425,136,452.94,6,2007.4
111,63,3,2025-12-28,44839,2314,6814.56,93,17969.46
111,63,3,2026-01-02,20120,1244,5049.41,154,44810.6
111,63,3,2026-01-03,15440,180,478.51,25,8383.83
111,63,3,2026-01-04,34907,955,2000.96,40,2802.17
111,63,3,2026-01-05,16727,1317,6437.61,151,33255.37
111,63,3,2026-01-13,17545,300,1288.86,15,5612.7
111,63,3,2026-01-25,44390,3127,9529.82,245,51700.42
111,63,3,2026-01-30,46279,2721,12557.09,109,25607.59
111,63,3,2026-02-01,11509,730,2180.89,87,24763.39
111,63,3,2026-02-03,27388,2077,5878.19,211,77755.4
111,63,3,2026-02-07,27314,1145,1556.13,102,21722.19
111,63,3,2026-02-11,48701,1122,4817.28,78,24207.67
111,63,3,2026-02-14,39236,734,1778.65,27,5833.54
111,63,3,2026-02-18,27664,743,2026.71,108,14825.61
111,63,3,2026-02-25,46373,2599,3732.62,245,88956.37
111,63,3,2026-02-27,49649,1725,3094.21,128,44315.67
111,63,3,2026-03-02,37863,2636,10260.68,329,109060.53
111,63,3,2026-03-03,6696,495,456.4,72,9307.05
111,63,3,2026-03-08,23472,1413,2320.18,66,18035.1
111,63,3,2026-03-09,21717,1712,4430.44,105,6783.81
111,63,3,2026-03-10,18469,1126,4096.66,150,56834.84
111,63,3,2026-03-14,28249,550,440.6,33,8647.75
111,63,3,2026-03-18,24321,1592,2084.38,195,42186.04
111,63,3,2026-03-23,33640,1528,1112.91,121,37732.41
111,63,3,2026-04-09,13441,303,974.82,23,8179.01
111,63,3,2026-04-15,21295,271,176.38,35,2603.49
111,63,3,2026-04-17,28139,2214,8329.73,67,9691.52
111,63,3,2026-04-24,38419,1533,4717.78,39,11469.64
111,63,3,2026-04-28,10607,547,803.43,42,14460.76
111,63,3,2026-05-05,24472,978,2926.41,36,4342.35
111,63,3,2026-05-13,38108,1411,2761.7,79,9252.98
111,63,3,2026-05-14,15474,618,827.76,24,9389.77
111,63,3,2026-05-17,34978,2449,3419.6,344,63698.9
111,63,3,2026-05-18,14977,1061,1822.32,36,9858.88
111,63,3,2026-05-20,6855,261,1102.98,12,4632.29
111,63,3,2026-05-27,36558,2221,7703.13,159,29065.74
111,63,3,2026-06-04,26785,2025,7630.77,208,28497.2
111,63,3,2026-06-06,38655,1716,5172.24,246,67210.27
111,63,3,2026-06-07,48414,3417,13409.17,58,14742.66
111,63,3,2026-06-08,31293,2341,11318.5,215,84924.84
111,63,3,2026-06-09,21575,828,3378.73,76,20556.16
111,63,3,2026-06-17,31253,1437,2168.64,171,42665.37
111,63,3,2026-06-24,21712,413,771.91,35,7128.57
111,63,3,2026-06-29,9138,275,520.03,15,3723.98
111,63,3,2026-06-30,14498,771,1625.82,31,4357.54
111,63,3,2026-07-01,49641,3922,4927.65,227,15452.88
111,63,3,2026-07-10,43872,1433,2858.48,125,13664.72
111,63,3,2026-07-16,9686,454,2090.47,67,4810.14
111,63,3,2026-07-19,38625,1597,2324.97,238,40063.14
111,63,3,2026-07-23,7932,303,451.15,44,16278.56
111,63,3,2026-07-25,41414,638,1065.96,60,3734.55
111,63,3,2026-07-28,40645,675,1477.75,36,7989.89
111,63,3,2026-07-31,18096,1392,2015.04,33,8463.94
111,63,3,2026-08-14,12506,410,844.45,54,16692.72
111,63,3,2026-08-16,2298,79,303.9,8,1648.87
112,84,1,2025-08-20,23285,1349,960.73,201,76590.31
112,84,1,2025-08-22,32348,1505,3338.12,53,12975.48
112,84,1,2025-08-26,43838,1153,4646.09,169,54460.77
112,84,1,2025-08-27,38891,1824,1003.94,125,36602.3
112,84,1,2025-08-28,8838,237,199.76,12,2951.43
112,84,1,2025-09-01,7819,553,1988.96,41,14220.65
112,84,1,2025-09-05,17279,1339,3860.43,182,68066.97
112,84,1,2025-09-06,21325,382,1866.55,43,6070.71
112,84,1,2025-09-08,4468,145,138.75,18,3322.45
112,84,1,2025-09-11,11354,796,1834.52,78,14868.0
112,84,1,2025-09-15,23716,906,1353.53,67,23454.74
112,84,1,2025-09-16,34564,1030,2654.38,128,19852.92
112,84,1,2025-09-18,45185,1942,4577.15,192,69282.75
112,84,1,2025-09-23,24103,982,3586.54,18,6399.73
112,84,1,2025-09-30,23742,1400,6523.71,64,24913.53
112,84,1,2025-10-05,44454,3204,3143.82,268,67388.3
112,84,1,2025-10-09,5396,354,1472.87,8,817.74
112,84,1,2025-10-10,1683,59,203.42,0,0.0
112,84,1,2025-10-13,12137,752,2497.26,45,10980.91
112,84,1,2025-10-14,47247,1024,4963.24,55,18093.13
112,84,1,2025-10-15,15663,921,3664.09,125,36630.29
112,84,1,2025-10-17,46249,3273,6759.42,415,26868.84
112,84,1,2025-10-21,20854,541,1981.45,33,1686.02
112,84,1,2025-10-24,16061,1034,3142.3,58,10231.03
112,84,1,2025-10-27,12016,649,2429.2,33,3642.07
112,84,1,2025-10-31,30035,992,2635.95,105,40347.35
112,84,1,2025-11-04,12380,382,339.5,23,7384.32
112,84,1,2025-11-15,19757,1469,7007.71,216,84393.15
112,84,1,2025-11-25,39652,2949,2206.54,394,48507.46
112,84,1,2025-11-26,2426,87,315.23,3,1034.34
112,84,1,2025-12-04,35733,2175,4094.35,197,19128.21
112,84,1,2025-12-05,32730,879,1845.53,80,21432.1
112,84,1,2025-12-06,34371,2258,4010.72,169,48855.05
112,84,1,2025-12-08,41472,3138,11577.84,409,59495.48
112,84,1,2025-12-09,32244,1040,2286.78,107,19146.17
112,84,1,2025-12-10,49620,2030,8866.49,153,59001.59
112,84,1,2025-12-11,39131,1422,1903.55,185,71160.93
112,84,1,2025-12-12,34169,687,1245.47,19,4562.99
112,84,1,2025-12-14,7241,391,716.54,38,3100.72
112,84,1,2025-12-16,40608,2698,12015.4,272,18105.79
112,84,1,2025-12-22,5040,168,208.02,4,1345.5
112,84,1,2025-12-23,21754,873,1097.89,84,22555.85
112,84,1,2025-12-29,12330,626,631.72,35,5192.79
112,84,1,2026-01-01,33128,502,1653.67,10,2576.52
112,84,1,2026-01-04,11164,259,973.91,14,2105.63
112,84,1,2026-01-13,6641,72,246.59,1,247.01
112,84,1,2026-01-14,22409,793,790.52,69,23308.59
112,84,1,2026-01-15,34262,2450,6339.23,169,43516.03
112,84,1,2026-01-17,6170,143,551.82,19,4469.17
112,84,1,2026-01-19,19829,765,2241.31,90,35361.45
112,84,1,2026-01-25,39617,1973,9130.83,237,86440.02
112,84,1,2026-01-28,8751,354,1408.08,18,5128.0
112,84,1,2026-02-01,17538,1002,2429.31,36,5654.72
112,84,1,2026-02-05,8429,484,1439.89,49,17875.96
112,84,1,2026-02-08,48751,2090,8611.12,203,73423.8
112,84,1,2026-02-17,5316,62,120.57,6,697.01
112,84,1,2026-02-18,34881,2649,7561.95,67,11491.63
112,84,1,2026-02-19,1366,75,257.08,10,1689.56
112,84,1,2026-02-25,14550,1039,2723.82,70,22986.27
112,84,1,2026-02-26,13137,810,3311.05,47,2488.74
112,84,1,2026-02-28,4615,125,420.04,7,461.47
112,84,1,2026-03-04,4399,278,1282.68,17,6225.14
112,84,1,2026-03-08,23784,687,997.61,29,10149.05
112,84,1,2026-03-28,20139,215,351.64,3,965.31
112,84,1,2026-03-29,15925,752,729.07,18,5796.55
112,84,1,2026-04-01,46879,3144,5520.24,109,30592.65
112,84,1,2026-04-03,41428,2981,4455.95,302,114972.43
112,84,1,2026-04-05,29182,843,854.23,120,21647.44
112,84,1,2026-04-06,12447,253,790.19,18,7027.43
112,84,1,2026-04-07,2342,144,119.42,9,3475.72
112,84,1,2026-04-16,23381,1559,4507.6,86,5155.36
112,84,1,2026-04-17,36556,2723,5171.89,394,105152.69
112,84,1,2026-04-22,16300,1016,1716.3,94,18944.15
112,84,1,2026-04-27,7745,520,330.77,56,5431.38
112,84,1,2026-04-29,19506,1317,2255.25,177,57240.43
112,84,1,2026-05-03,27064,1705,2015.26,249,34366.97
112,84,1,2026-05-09,5730,182,651.55,18,1057.54
112,84,1,2026-05-11,47928,2138,1831.32,197,53404.96
112,84,1,2026-05-15,11559,403,242.55,19,7207.75
112,84,1,2026-05-16,4645,271,1212.85,4,1581.63
112,84,1,2026-05-18,29550,2079,4335.14,245,83875.57
112,84,1,2026-05-25,27274,1337,1634.74,180,46589.8
112,84,1,2026-06-01,24768,1058,4784.84,30,4823.99
112,84,1,2026-06-06,26500,1762,1327.41,29,4014.37
112,84,1,2026-06-07,24268,1107,1849.6,22,8364.71
112,84,1,2026-06-10,27543,683,661.65,37,12367.21
112,84,1,2026-06-11,39653,2801,8697.49,379,133957.51
112,84,1,2026-06-13,4098,267,161.3,37,11080.1
112,84,1,2026-06-18,32652,764,709.45,69,21124.57
112,84,1,2026-06-20,14859,1003,4467.36,128,23385.73
112,84,1,2026-06-21,42897,1523,1655.19,25,2024.5
112,84,1,2026-07-03,5730,337,416.61,11,4135.75
112,84,1,2026-07-06,37871,1063,3497.12,100,12891.96
112,84,1,2026-07-11,39185,537,2111.54,29,8059.82
112,84,1,2026-07-13,44158,560,1044.98,61,21756.2
112,84,1,2026-07-25,36600,674,1081.4,14,2486.25
112,84,1,2026-07-29,44337,2326,7634.19,196,16741.14
112,84,1,2026-08-03,35649,1725,1074.84,124,46910.77
112,84,1,2026-08-08,3342,265,257.6,36,8882.19
113,84,2,2025-09-06,38455,1295,4235.38,181,54843.63
113,84,2,2025-09-07,30662,347,1209.7,46,8174.98
113,84,2,2025-09-10,44794,2585,1628.13,224,53961.83
113,84,2,2025-09-13,37839,1193,3681.09,15,2278.71
113,84,2,2025-09-14,46901,2409,5494.24,113,7209.81
113,84,2,2025-09-22,24612,1819,4176.21,116,12221.49
113,84,2,2025-10-02,28095,573,2262.89,26,4439.35
113,84,2,2025-10-06,16167,1237,3101.33,31,1672.39
113,84,2,2025-10-12,47253,1791,1598.75,81,13688.97
113,84,2,2025-10-14,18178,224,132.88,13,1229.96
113,84,2,2025-10-16,23435,799,3748.01,104,28814.99
113,84,2,2025-10-17,5297,84,302.98,7,1312.33
113,84,2,2025-10-19,49497,1740,4458.39,97,24807.88
113,84,2,2025-10-21,24009,934,3348.3,122,36978.59
113,84,2,2025-10-29,23534,1276,3499.48,160,11020.84
113,84,2,2025-11-03,7843,226,605.03,32,5491.19
113,84,2,2025-11-05,19806,208,720.5,16,5128.75
113,84,2,2025-11-07,5348,80,217.41,8,2704.61
113,84,2,2025-11-13,18669,1479,2657.59,20,6723.4
113,84,2,2025-11-14,6842,494,1191.28,62,3993.96
113,84,2,2025-11-15,49916,1246,5360.43,173,68888.83
113,84,2,2025-11-22,23660,1400,3150.43,206,72798.84
113,84,2,2025-11-25,24597,1547,5199.03,134,16088.29
113,84,2,2025-11-28,10078,488,1171.41,35,4442.08
113,84,2,2025-12-03,10726,437,1121.38,26,9302.49
113,84,2,2025-12-05,4850,218,306.92,26,9251.22
113,84,2,2025-12-06,10468,654,573.25,60,14552.78
113,84,2,2025-12-11,14393,1047,4374.85,128,44435.3
113,84,2,2025-12-14,43614,494,1555.32,67,18155.97
113,84,2,2025-12-19,2823,82,189.7,5,807.69
113,84,2,2025-12-23,1705,66,233.48,6,654.19
113,84,2,2026-01-06,16861,1163,754.94,128,17783.87
113,84,2,2026-01-07,44025,534,2014.8,45,12396.72
113,84,2,2026-01-08,14118,610,1425.53,38,14711.94
113,84,2,2026-01-12,4949,180,165.24,18,3430.01
113,84,2,2026-01-14,14275,537,918.14,9,1282.3
113,84,2,2026-01-15,22330,518,1144.79,33,4049.81
113,84,2,2026-01-20,19124,250,550.64,4,677.4
113,84,2,2026-01-25,32853,998,3056.73,102,17620.38
113,84,2,2026-01-29,10321,453,786.04,51,7717.24
113,84,2,2026-02-20,40611,1011,1148.7,149,54205.05
113,84,2,2026-02-28,13229,920,4403.86,134,52281.3
113,84,2,2026-03-10,47164,1498,2544.95,138,23833.91
113,84,2,2026-03-11,46769,2554,3579.92,101,10604.99
113,84,2,2026-03-12,9139,198,274.25,9,2201.88
113,84,2,2026-03-17,10944,866,819.42,44,8135.49
113,84,2,2026-03-23,30644,1674,1912.34,231,13952.49
113,84,2,2026-04-04,17194,384,1432.13,16,1697.65
113,84,2,2026-04-09,49617,1584,6775.37,146,28040.47
113,84,2,2026-04-16,26088,1563,6634.38,73,12725.7
113,84,2,2026-04-17,47467,3391,2415.8,328,27864.81
113,84,2,2026-04-18,23356,1156,1228.22,13,2180.25
113,84,2,2026-04-19,40668,2314,3131.1,191,53730.68
113,84,2,2026-04-27,10976,403,1963.08,18,2022.52
113,84,2,2026-05-02,13115,654,496.77,25,8956.96
113,84,2,2026-05-03,15730,1205,5908.14,166,46631.85
113,84,2,2026-05-05,10584,477,863.94,52,10003.01
113,84,2,2026-05-12,39729,758,2283.1,49,15098.88
113,84,2,2026-05-14,45848,732,1519.49,62,3348.96
113,84,2,2026-05-18,6095,102,73.26,2,394.93
113,84,2,2026-05-21,1218,29,63.91,4,1361.11
113,84,2,2026-05-23,45508,2792,3365.7,170,10324.8
113,84,2,2026-05-27,21159,1495,1525.37,217,80193.4
113,84,2,2026-05-31,42893,1014,2136.36,36,5091.46
113,84,2,2026-06-04,23115,238,756.13,4,1455.62
113,84,2,2026-06-14,20540,1174,3292.84,118,26948.11
113,84,2,2026-06-16,49434,1781,4853.74,53,13069.03
113,84,2,2026-06-18,26381,2045,10156.83,88,13716.88
113,84,2,2026-06-20,5943,448,1657.0,66,17316.7
113,84,2,2026-06-24,28613,698,1885.27,76,18612.82
113,84,2,2026-06-25,49057,894,2148.31,122,30258.59
113,84,2,2026-07-01,31014,2312,1266.45,36,5585.3
113,84,2,2026-07-06,4007,274,177.3,15,4696.73
113,84,2,2026-07-08,23071,529,2437.22,29,5505.1
113,84,2,2026-07-09,40893,1359,3276.24,45,4526.63
113,84,2,2026-07-22,26262,524,515.51,19,7190.86
113,84,2,2026-08-01,40601,2706,2733.4,117,36697.43
113,84,2,2026-08-16,30456,968,3884.04,75,19639.72
114,84,3,2025-08-19,38895,1897,4015.88,80,13405.77
114,84,3,2025-08-23,47959,1350,1518.75,23,3916.11
114,84,3,2025-08-26,11254,398,334.04,15,1571.94
114,84,3,2025-09-02,29316,1324,3889.87,120,15136.23
114,84,3,2025-09-03,11304,286,984.9,13,3195.94
114,84,3,2025-09-10,41021,930,4261.77,123,23697.66
114,84,3,2025-09-19,36404,2161,2395.13,245,69254.34
114,84,3,2025-09-24,18719,514,2428.2,69,5044.52
114,84,3,2025-09-30,24796,1919,7988.7,98,17778.09
114,84,3,2025-10-02,43457,632,2066.81,92,7317.29
114,84,3,2025-10-04,22835,936,614.71,56,18200.52
114,84,3,2025-10-05,26197,540,1568.84,28,5818.47
114,84,3,2025-10-07,31632,2054,10117.13,297,98917.73
114,84,3,2025-10-08,30503,2083,9658.89,48,19111.25
114,84,3,2025-10-09,36907,1527,5113.54,154,35897.4
114,84,3,2025-10-12,11906,823,2290.72,51,16201.84
114,84,3,2025-10-13,3745,180,792.85,9,1407.88
114,84,3,2025-10-14,34471,402,1896.2,17,3495.77
114,84,3,2025-10-15,19461,1424,4450.22,174,16919.28
114,84,3,2025-10-16,32252,633,707.21,89,26257.49
114,84,3,2025-10-18,18553,1042,702.2,92,11049.78
114,84,3,2025-10-19,26876,1760,8554.92,139,50126.12
114,84,3,2025-10-22,3140,93,139.58,13,2928.71
114,84,3,2025-10-23,21178,550,1174.58,37,10445.3
114,84,3,2025-10-24,1102,83,129.41,5,1534.43
114,84,3,2025-10-25,42369,2642,4184.47,353,24144.33
114,84,3,2025-10-27,1699,125,499.85,4,646.54
114,84,3,2025-10-30,46262,2180,10172.05,147,24214.37
114,84,3,2025-11-04,21377,1678,6184.72,177,11884.71
114,84,3,2025-11-16,33785,1365,1148.69,81,15549.28
114,84,3,2025-11-19,39498,2540,8825.29,63,6568.47
114,84,3,2025-11-20,3700,38,123.76,0,0.0
114,84,3,2025-11-21,27084,649,901.51,81,19621.22
114,84,3,2025-11-26,37305,2757,10331.04,177,55088.24
114,84,3,2025-11-27,30385,2402,1953.8,141,34449.09
114,84,3,2025-12-04,33194,2095,9828.29,161,42629.06
114,84,3,2025-12-05,17369,1277,6100.92,54,15468.94
114,84,3,2025-12-08,34293,1944,4741.24,233,77159.05
114,84,3,2025-12-14,42492,2532,1360.65,332,77122.16
114,84,3,2025-12-16,43779,2797,9719.1,262,68060.4
114,84,3,2025-12-21,40699,1156,4900.58,37,8311.88
114,84,3,2025-12-22,4706,311,878.27,14,2697.88
114,84,3,2025-12-27,28374,1769,4058.28,38,1931.03
114,84,3,2025-12-30,48014,1152,4807.85,149,53582.11
114,84,3,2026-01-07,12021,816,2468.29,57,19111.85
114,84,3,2026-01-08,43183,3420,10548.86,302,80251.31
114,84,3,2026-01-15,38437,2548,4280.44,359,55656.4
114,84,3,2026-01-19,3544,117,239.77,10,2300.68
114,84,3,2026-01-27,21957,1027,1367.92,130,38389.16
114,84,3,2026-01-30,35197,2678,12874.26,178,14716.59
114,84,3,2026-02-03,44246,3241,12922.69,371,119974.41
114,84,3,2026-02-05,21446,1249,4134.34,121,21893.01
114,84,3,2026-02-09,25156,1179,5656.64,38,5903.04
114,84,3,2026-02-10,28192,1870,5235.32,191,21081.34
114,84,3,2026-02-13,19250,960,2737.5,39,2181.14
114,84,3,2026-02-20,16811,961,3332.48,143,11042.26
114,84,3,2026-02-23,5860,192,177.72,6,2281.5
114,84,3,2026-02-25,18300,582,1579.57,29,5918.81
114,84,3,2026-02-26,34003,1523,5526.85,75,20447.71
114,84,3,2026-02-28,49839,1977,6080.74,236,36331.52
114,84,3,2026-03-02,32034,1770,3593.43,154,30748.84
114,84,3,2026-03-03,9244,145,585.88,4,1341.71
114,84,3,2026-03-07,31170,1586,5810.33,46,12116.61
114,84,3,2026-03-09,10587,699,1445.22,44,6426.71
114,84,3,2026-03-10,12104,474,1431.7,54,9589.45
114,84,3,2026-03-11,12715,559,1638.02,12,3392.42
114,84,3,2026-03-22,48627,2728,13335.09,345,64886.11
114,84,3,2026-03-24,45540,1945,5720.02,245,59446.49
114,84,3,2026-04-01,34755,1736,2105.81,57,16259.11
114,84,3,2026-04-03,40371,2373,3133.71,146,48332.87
114,84,3,2026-04-06,25743,876,933.05,123,40038.44
114,84,3,2026-04-07,33794,424,1930.88,59,4661.69
114,84,3,2026-04-08,4734,225,890.18,6,1513.27
114,84,3,2026-04-11,27417,744,3643.41,11,1270.35
114,84,3,2026-04-15,43194,2661,12664.78,265,85838.42
114,84,3,2026-04-19,31848,1557,3651.59,84,32360.93
114,84,3,2026-04-23,7576,82,96.55,3,357.78
114,84,3,2026-04-25,6078,282,534.6,14,1895.48
114,84,3,2026-05-01,19392,859,472.94,127,13137.54
114,84,3,2026-05-05,2875,168,320.17,8,1638.12
114,84,3,2026-05-08,20836,1522,4344.7,194,44905.04
114,84,3,2026-05-10,18053,922,4159.08,25,9245.93
114,84,3,2026-05-16,38592,1771,8777.13,143,14400.49
114,84,3,2026-05-21,41539,1747,5347.6,63,16053.5
114,84,3,2026-05-22,15984,745,3642.0,14,5237.94
114,84,3,2026-05-23,38757,1699,5951.58,197,59430.53
114,84,3,2026-05-25,9352,723,3374.82,26,7816.53
114,84,3,2026-06-05,18378,1172,937.02,56,14396.5
114,84,3,2026-06-08,26863,1029,3393.89,106,27966.76
114,84,3,2026-06-09,3338,207,192.13,13,2147.02
114,84,3,2026-06-15,4555,106,396.95,15,3441.42
114,84,3,2026-06-17,40443,2404,10561.82,191,55840.13
114,84,3,2026-06-18,10584,505,1646.54,55,14898.14
114,84,3,2026-06-21,9880,725,2368.38,40,12644.01
114,84,3,2026-06-24,38751,1082,5098.33,143,41635.23
114,84,3,2026-06-25,14021,464,2155.23,17,1346.79
114,84,3,2026-06-29,25815,1115,1230.76,138,45845.14
114,84,3,2026-07-05,42299,2894,10526.24,416,162476.85
114,84,3,2026-07-09,20626,238,343.67,7,2225.1
114,84,3,2026-07-11,37356,1554,1026.57,200,16189.93
114,84,3,2026-07-18,40147,628,932.06,10,3879.68
114,84,3,2026-07-25,15470,479,437.85,60,18320.19
114,84,3,2026-07-26,40591,3150,11130.17,254,59917.94
114,84,3,2026-07-27,10698,522,895.62,41,2211.83
114,84,3,2026-07-30,22826,869,1940.18,35,5800.27
114,84,3,2026-08-11,40366,1941,6111.5,106,23174.82
114,84,3,2026-08-14,3489,140,103.37,7,2704.86
114,84,3,2026-08-15,19468,1492,6508.58,116,41617.08
115,2,1,2025-08-20,48755,753,1654.28,17,1768.36
115,2,1,2025-08-29,45198,657,2024.52,76,17774.98
115,2,1,2025-08-31,23118,1119,1294.17,103,14402.73
115,2,1,2025-09-01,32737,1786,8605.92,224,79045.12
115,2,1,2025-09-02,44753,1846,4747.76,70,24162.5
115,2,1,2025-09-12,12679,449,1653.3,7,2606.66
115,2,1,2025-09-15,18647,1469,2719.07,82,18740.18
115,2,1,2025-09-20,23020,1246,5267.34,107,8917.53
115,2,1,2025-09-23,41881,1827,8268.6,66,3474.38
115,2,1,2025-09-27,16305,1246,894.54,40,4381.94
115,2,1,2025-09-28,6674,236,864.51,31,7036.57
115,2,1,2025-10-12,38445,709,3393.88,47,11546.5
115,2,1,2025-10-14,16093,818,1621.84,121,47330.99
115,2,1,2025-10-18,29548,1626,1405.06,140,13840.43
115,2,1,2025-10-21,24908,1319,5787.38,110,38636.8
115,2,1,2025-10-22,42809,1324,1635.05,19,7273.3
115,2,1,2025-10-28,21123,1537,5021.91,109,25266.65
115,2,1,2025-11-01,20878,1626,3331.79,230,76266.23
115,2,1,2025-11-08,14177,153,559.92,3,697.97
115,2,1,2025-11-20,9701,160,305.23,20,2419.82
115,2,1,2025-11-22,10282,505,1268.73,57,5268.92
115,2,1,2025-11-25,32930,2359,4112.75,56,11623.19
115,2,1,2025-12-01,43679,3321,11037.95,40,2482.09
115,2,1,2025-12-02,45220,1770,6171.46,53,10740.92
115,2,1,2025-12-12,41958,2653,3254.31,312,104646.76
115,2,1,2025-12-16,21698,1544,3484.06,26,4461.18
115,2,1,2025-12-21,25372,385,1923.77,50,4527.52
115,2,1,2025-12-29,6263,77,193.16,5,1708.48
115,2,1,2025-12-30,14355,215,672.99,20,4671.22
115,2,1,2026-01-08,9620,679,3336.16,23,4630.74
115,2,1,2026-01-09,39521,1531,3578.94,188,17226.1
115,2,1,2026-01-10,15537,583,294.93,43,3402.97
115,2,1,2026-01-24,11513,798,3555.99,83,19264.88
115,2,1,2026-01-27,12298,199,197.28,8,2810.03
115,2,1,2026-01-31,12357,404,1738.53,16,6310.91
115,2,1,2026-02-01,8767,696,755.47,26,6673.25
115,2,1,2026-02-07,41933,2521,7938.26,327,35515.46
115,2,1,2026-02-14,36373,1417,3963.28,174,35081.36
115,2,1,2026-02-20,14132,279,333.02,41,2463.03
115,2,1,2026-02-21,34245,1503,4587.08,127,30559.15
115,2,1,2026-02-23,43062,2738,1701.84,306,55726.78
115,2,1,2026-02-26,12459,587,2122.02,26,10307.27
115,2,1,2026-03-07,43725,2613,7617.51,46,10395.96
115,2,1,2026-03-09,44968,3419,12450.91,408,151384.24
115,2,1,2026-03-20,36903,1622,5828.01,61,6048.47
115,2,1,2026-03-21,36020,1468,2036.72,160,24451.62
115,2,1,2026-03-24,46814,2606,2734.09,326,85072.57
115,2,1,2026-04-12,5931,316,621.57,19,2521.2
115,2,1,2026-04-14,10383,350,700.26,5,433.26
115,2,1,2026-04-21,34211,966,3664.92,114,34938.9
115,2,1,2026-05-05,8122,354,1282.23,36,11187.3
115,2,1,2026-05-09,12000,427,816.48,11,4253.54
115,2,1,2026-05-27,40289,2820,3829.75,353,77457.8
115,2,1,2026-05-30,25005,1763,5829.57,226,77264.37
115,2,1,2026-06-09,22846,721,3239.25,7,1522.13
115,2,1,2026-06-13,15759,580,1840.08,18,5088.56
115,2,1,2026-06-14,4070,274,360.37,23,4811.94
115,2,1,2026-06-19,1228,94,108.88,1,124.48
115,2,1,2026-07-10,13186,1031,3075.71,26,9172.5
115,2,1,2026-07-12,3587,269,748.91,5,593.77
115,2,1,2026-07-22,25288,1820,2632.33,73,25218.55
115,2,1,2026-07-31,30246,864,2183.95,31,10026.94
115,2,1,2026-08-03,38719,472,1810.54,5,1935.06
115,2,1,2026-08-04,17690,885,3562.41,39,4380.08
115,2,1,2026-08-10,33784,1876,3426.82,239,49308.44
115,2,1,2026-08-11,48689,3466,13192.37,412,74788.1
115,2,1,2026-08-14,26168,1007,4571.99,91,6185.54
115,2,1,2026-08-16,17497,983,4773.48,22,6534.58
116,2,2,2025-08-18,32818,790,1941.46,115,43094.01
116,2,2,2025-08-23,37912,2279,6835.01,297,21084.76
116,2,2,2025-08-26,4044,44,101.22,5,1347.86
116,2,2,2025-08-29,7952,313,1352.87,31,4434.49
116,2,2,2025-09-01,21462,1363,4507.51,167,59957.33
116,2,2,2025-09-13,33697,703,2683.7,38,10906.66
116,2,2,2025-09-18,8695,194,553.04,3,229.37
116,2,2,2025-09-24,21794,1551,3205.6,195,21565.37
116,2,2,2025-09-27,22351,1529,2566.84,126,8786.03
116,2,2,2025-09-28,40603,1772,8205.88,54,20021.09
116,2,2,2025-10-07,41241,2685,8017.23,95,16563.06
116,2,2,2025-10-08,29283,1673,7479.53,232,71907.02
116,2,2,2025-10-11,49622,1235,5916.78,127,15323.12
116,2,2,2025-10-13,49943,2457,7080.59,208,26907.09
116,2,2,2025-10-15,14206,565,1717.4,54,20618.06
116,2,2,2025-10-21,44917,2755,11121.36,360,62096.4
116,2,2,2025-10-26,36934,2906,1985.88,427,61534.72
116,2,2,2025-11-05,47460,3433,10742.55,212,47349.68
116,2,2,2025-11-08,21306,808,3910.6,28,6353.59
116,2,2,2025-11-09,24515,1136,3651.95,154,48958.8
116,2,2,2025-11-14,10877,592,2823.97,70,24925.29
116,2,2,2025-11-20,22655,1382,3537.45,66,24300.04
116,2,2,2025-11-21,19601,885,1163.72,37,14552.65
116,2,2,2025-11-22,29781,1291,2965.19,128,10067.05
116,2,2,2025-11-25,2102,87,72.46,6,615.29
116,2,2,2025-12-13,26944,1255,797.91,44,14576.28
116,2,2,2025-12-21,35934,924,2249.52,36,5218.48
116,2,2,2025-12-26,27380,802,2372.64,26,9293.68
116,2,2,2025-12-30,36263,998,1887.08,72,25603.1
116,2,2,2026-01-05,25706,1094,1766.92,91,12748.42
116,2,2,2026-01-08,22873,233,526.84,32,7441.08
116,2,2,2026-01-09,47143,1793,7099.12,167,16501.74
116,2,2,2026-01-16,38033,1362,2044.6,95,10991.48
116,2,2,2026-01-20,37464,939,4692.71,63,12864.2
116,2,2,2026-01-21,36230,2382,5844.64,354,117462.83
116,2,2,2026-01-25,19575,229,768.15,10,3792.43
116,2,2,2026-01-26,36128,1222,5890.48,141,23247.2
116,2,2,2026-02-01,44813,2922,6238.53,395,69344.27
116,2,2,2026-02-07,45515,2033,7167.21,86,25955.85
116,2,2,2026-02-11,17550,1278,4107.59,72,14677.77
116,2,2,2026-02-13,31977,2342,10345.04,287,114473.88
116,2,2,2026-02-14,20908,1040,2842.29,66,10245.55
116,2,2,2026-02-15,35300,527,2061.29,57,22550.42
116,2,2,2026-02-16,29432,2273,3522.89,200,48211.28
116,2,2,2026-02-17,17122,566,1910.28,27,10061.42
116,2,2,2026-02-21,32071,661,1351.68,34,10146.59
116,2,2,2026-02-24,16692,670,415.06,30,4180.23
116,2,2,2026-03-08,12216,790,1164.83,13,3820.92
116,2,2,2026-03-09,31577,537,1031.55,73,4769.22
116,2,2,2026-03-12,21671,652,625.39,40,11384.12
116,2,2,2026-03-17,44262,3153,9483.5,371,103118.35
116,2,2,2026-03-18,35503,1405,1408.57,87,5447.96
116,2,2,2026-03-20,38820,1952,8678.02,273,93536.43
116,2,2,2026-03-22,15711,802,3290.03,17,2759.55
116,2,2,2026-03-27,2722,187,322.44,12,4541.29
116,2,2,2026-03-31,1279,87,162.1,11,3103.3
116,2,2,2026-04-02,33307,1801,6905.99,223,51908.13
116,2,2,2026-04-06,6651,422,787.31,20,3070.59
116,2,2,2026-04-09,38167,703,2576.41,65,21691.13
116,2,2,2026-04-11,33440,1790,6667.74,83,13768.37
116,2,2,2026-04-12,17834,1109,4683.5,150,32013.75
116,2,2,2026-04-14,4183,225,768.24,12,1233.55
116,2,2,2026-04-16,11260,597,865.01,83,8213.8
116,2,2,2026-04-17,30881,1469,5722.14,181,53374.36
116,2,2,2026-04-18,13800,823,3579.51,71,17301.98
116,2,2,2026-04-20,2124,74,90.85,3,780.18
116,2,2,2026-04-24,47109,2920,4618.34,46,6141.63
116,2,2,2026-04-25,35500,2298,6214.54,177,50583.15
116,2,2,2026-05-03,37116,783,2456.72,28,5978.24
116,2,2,2026-05-07,33570,2520,12052.16,357,95699.16
116,2,2,2026-05-08,1520,20,62.59,2,103.7
116,2,2,2026-05-10,23385,1834,2037.58,232,62088.55
116,2,2,2026-05-15,26030,370,993.8,21,2090.38
116,2,2,2026-05-16,39999,832,841.62,64,24303.19
116,2,2,2026-05-17,49126,1720,1076.41,163,56897.75
116,2,2,2026-05-22,5813,60,245.6,4,991.26
116,2,2,2026-06-03,32617,2396,2825.99,210,14693.72
116,2,2,2026-06-08,41403,2423,6891.85,72,4901.62
116,2,2,2026-06-09,9391,356,1426.09,38,4057.41
116,2,2,2026-06-11,28488,473,1319.62,58,14474.92
116,2,2,2026-06-12,23418,1452,1557.27,191,52973.51
116,2,2,2026-06-14,32432,683,937.73,75,28267.51
116,2,2,2026-06-17,9899,687,2082.34,88,24176.39
116,2,2,2026-06-25,21257,1003,4743.49,114,21306.2
116,2,2,2026-06-26,11468,210,519.81,2,209.94
116,2,2,2026-06-27,47454,681,3255.67,66,21127.93
116,2,2,2026-07-02,26952,1139,2155.73,77,28563.15
116,2,2,2026-07-05,31601,2084,9312.73,297,18402.03
116,2,2,2026-07-07,49568,2978,7386.47,152,7645.04
116,2,2,2026-07-15,2348,134,155.84,18,3407.7
116,2,2,2026-07-17,32493,1976,7268.17,209,16415.03
116,2,2,2026-07-23,49059,3514,11340.81,257,57871.86
116,2,2,2026-07-25,10663,675,627.07,98,21897.09
116,2,2,2026-08-03,42330,2966,5376.97,387,27041.08
116,2,2,2026-08-04,42744,727,2195.19,68,10318.1
116,2,2,2026-08-07,39138,1592,5384.74,120,12811.9
116,2,2,2026-08-18,42077,534,1609.48,57,13939.51
117,2,3,2025-08-22,39711,2497,3483.29,252,33915.84
117,2,3,2025-08-30,15386,1134,3001.29,46,11667.99
117,2,3,2025-09-10,18407,1088,5222.73,84,22442.91
117,2,3,2025-09-11,4136,47,102.81,6,2337.63
117,2,3,2025-09-28,44415,2387,8618.92,152,55960.65
117,2,3,2025-09-29,26001,1127,2201.93,64,18674.58
117,2,3,2025-10-01,39299,2385,9582.43,334,68506.63
117,2,3,2025-10-02,41205,768,1450.1,68,19242.58
117,2,3,2025-10-06,25826,1464,5685.3,105,23717.81
117,2,3,2025-10-21,13078,212,631.18,22,2583.46
117,2,3,2025-10-30,6417,174,786.72,15,2182.56
117,2,3,2025-11-01,24554,1609,6442.21,105,22930.72
117,2,3,2025-11-04,19619,797,1630.65,39,13934.33
117,2,3,2025-11-08,19654,592,2717.37,69,12429.06
117,2,3,2025-11-09,45068,1799,7960.41,156,54867.75
117,2,3,2025-11-13,22531,1431,6125.71,80,31878.13
117,2,3,2025-11-14,34202,846,2356.27,69,4341.44
117,2,3,2025-11-15,20957,1144,5570.5,90,29512.83
117,2,3,2025-11-16,9397,279,281.86,35,4180.01
117,2,3,2025-11-17,35767,1914,9148.38,187,53610.25
117,2,3,2025-11-21,49205,1161,4386.72,117,44898.07
117,2,3,2025-11-27,47092,2620,3530.64,149,42894.93
117,2,3,2025-12-03,36052,2296,1188.87,181,69413.9
117,2,3,2025-12-11,37281,2187,7093.89,188,67418.69
117,2,3,2025-12-15,30439,647,1457.05,65,9147.29
117,2,3,2025-12-17,26205,1069,2998.17,115,24724.03
117,2,3,2025-12-18,21509,984,1499.18,139,54132.65
117,2,3,2025-12-21,20241,457,1727.53,19,2581.76
117,2,3,2025-12-22,26066,1584,4015.41,180,69989.44
117,2,3,2025-12-30,21352,385,330.5,41,12469.63
117,2,3,2026-01-01,18578,445,400.87,47,7507.56
117,2,3,2026-01-04,48883,1325,2994.56,140,13204.49
117,2,3,2026-01-06,40086,2346,10120.63,168,38337.14
117,2,3,2026-01-08,9062,493,1820.75,64,10045.13
117,2,3,2026-01-12,26588,2073,7732.82,95,5729.26
117,2,3,2026-01-13,13781,972,2003.66,41,2500.64
117,2,3,2026-01-19,26978,1718,1278.83,58,16806.11
117,2,3,2026-01-23,39732,590,1371.64,48,17037.56
117,2,3,2026-01-24,33092,1147,4338.71,48,19056.42
117,2,3,2026-01-28,30480,2309,6895.7,337,64367.42
117,2,3,2026-01-30,41325,2720,5991.62,251,55832.2
117,2,3,2026-02-04,41828,3110,2451.56,232,32700.68
117,2,3,2026-02-06,45033,2396,4270.07,283,87497.8
117,2,3,2026-02-07,49591,2299,8030.74,155,59245.12
117,2,3,2026-02-26,40198,1885,8781.55,170,60646.81
117,2,3,2026-02-27,4927,67,157.39,6,1617.72
117,2,3,2026-03-01,20307,483,746.87,28,10896.54
117,2,3,2026-03-08,3407,59,279.95,3,184.29
117,2,3,2026-03-13,29134,1733,7883.45,246,80199.48
117,2,3,2026-03-15,47998,1150,5196.73,126,48189.45
117,2,3,2026-03-18,34214,1580,7717.42,69,4509.2
117,2,3,2026-03-19,14679,1028,1808.66,59,3997.52
117,2,3,2026-03-21,14851,811,2155.52,21,4201.73
117,2,3,2026-03-27,16706,466,2071.74,61,23227.07
117,2,3,2026-03-28,27482,970,3316.02,93,10238.83
117,2,3,2026-03-29,27597,689,1438.88,24,6868.48
117,2,3,2026-04-01,1536,105,76.99,7,2345.98
117,2,3,2026-04-10,45617,2013,8532.58,78,18964.86
117,2,3,2026-04-14,25998,1753,5071.83,78,8145.37
117,2,3,2026-04-15,17391,1240,2672.17,125,12495.53
117,2,3,2026-04-16,28592,680,1367.98,21,2602.29
117,2,3,2026-04-19,48068,1595,804.49,210,66497.78
117,2,3,2026-04-21,49683,3728,2194.43,534,149302.25
117,2,3,2026-04-24,33756,1859,1121.1,50,14616.11
117,2,3,2026-04-25,7644,414,1844.97,32,3576.56
117,2,3,2026-04-26,27758,1474,814.78,199,35665.85
117,2,3,2026-04-27,2504,75,79.75,8,2055.07
117,2,3,2026-04-28,2463,143,687.44,15,2010.61
117,2,3,2026-04-30,44527,3444,3144.86,61,20955.77
117,2,3,2026-05-01,29369,1019,610.71,101,14927.75
117,2,3,2026-05-02,6525,78,177.09,7,2128.07
117,2,3,2026-05-04,41722,3240,11140.39,450,61156.79
117,2,3,2026-05-07,20264,1118,2797.86,90,30702.34
117,2,3,2026-05-12,38811,1903,8047.51,154,33911.59
117,2,3,2026-05-13,31515,1667,5881.49,52,7547.81
117,2,3,2026-05-15,5442,62,186.39,6,391.99
117,2,3,2026-05-18,30259,1264,1883.03,48,19012.1
117,2,3,2026-05-19,11408,592,1169.97,45,16773.37
117,2,3,2026-05-20,22548,525,1948.89,43,16706.45
117,2,3,2026-05-21,6245,336,564.39,14,4780.58
117,2,3,2026-06-01,8032,389,625.02,39,13310.62
117,2,3,2026-06-08,47139,3228,6356.4,435,33415.94
117,2,3,2026-06-12,17017,1229,5537.33,109,18915.0
117,2,3,2026-06-13,46048,462,1077.59,8,934.26
117,2,3,2026-06-17,2327,155,472.61,18,6206.98
117,2,3,2026-06-19,30775,662,882.38,66,22390.02
117,2,3,2026-06-21,38751,928,1259.9,81,18974.93
117,2,3,2026-06-23,9519,102,189.57,1,145.01
117,2,3,2026-06-24,26700,1917,2732.85,265,96341.48
117,2,3,2026-06-25,7237,544,2435.07,22,4271.2
117,2,3,2026-07-01,29763,928,4383.96,124,25052.23
117,2,3,2026-07-08,21812,1395,5536.07,91,36250.52
117,2,3,2026-07-09,42547,1995,5982.62,137,34480.72
117,2,3,2026-07-24,42829,1181,5659.79,145,31115.07
117,2,3,2026-07-25,2596,151,181.45,17,1635.79
117,2,3,2026-07-27,9517,100,374.01,4,453.08
117,2,3,2026-07-28,6190,326,1628.67,29,7588.16
117,2,3,2026-07-30,38544,1738,1611.53,22,4416.89
117,2,3,2026-08-01,13870,680,1647.52,59,19583.55
117,2,3,2026-08-05,21714,1259,3498.37,161,45406.47
117,2,3,2026-08-10,3064,66,58.59,8,1921.53
117,2,3,2026-08-13,29125,309,1182.52,35,7725.94
117,2,3,2026-08-15,43386,3292,4208.87,236,59804.45
117,2,3,2026-08-16,36545,1610,6667.45,208,25933.91
118,1,1,2025-08-22,14937,688,529.88,76,6195.89
118,1,1,2025-08-29,17165,580,622.14,9,2906.45
118,1,1,2025-09-06,42844,2301,1960.1,154,14319.51
118,1,1,2025-09-08,2182,93,61.1,6,873.41
118,1,1,2025-09-10,46880,2943,8954.4,212,62452.42
118,1,1,2025-09-18,42521,1146,2495.6,41,12842.03
118,1,1,2025-09-26,36957,960,3737.78,128,22645.94
118,1,1,2025-10-02,5899,259,203.63,26,2444.29
118,1,1,2025-10-03,44795,1767,4726.76,235,88174.2
118,1,1,2025-10-08,12159,251,1005.42,25,9530.76
118,1,1,2025-10-15,25403,1518,1898.64,217,67020.05
118,1,1,2025-10-16,26654,385,1318.91,12,2542.62
118,1,1,2025-10-18,12323,788,2400.99,72,11131.36
118,1,1,2025-10-20,40238,2226,7785.64,62,13723.67
118,1,1,2025-10-26,2561,140,473.97,2,627.97
118,1,1,2025-10-27,20406,1104,3217.41,163,34924.3
118,1,1,2025-10-28,48413,3515,3384.67,442,62529.49
118,1,1,2025-11-01,30890,1599,5330.29,232,19715.62
118,1,1,2025-11-06,22628,1227,1178.52,143,42234.28
118,1,1,2025-11-10,24775,1642,1041.97,53,18467.53
118,1,1,2025-11-11,36099,1523,4042.13,224,25373.21
118,1,1,2025-11-14,41398,2435,8064.69,243,21945.69
118,1,1,2025-11-19,6499,415,692.2,13,3904.91
118,1,1,2025-11-30,11429,607,2416.3,62,17907.32
118,1,1,2025-12-08,20503,1211,5525.87,137,27237.8
118,1,1,2025-12-13,48230,2608,1775.57,281,107360.56
118,1,1,2025-12-18,30979,722,1011.22,7,2524.67
118,1,1,2025-12-21,13715,182,826.64,24,7565.35
118,1,1,2025-12-31,18325,616,2330.95,92,11582.63
118,1,1,2026-01-06,16578,250,475.11,21,6004.93
118,1,1,2026-01-08,21685,342,1053.32,18,4465.91
118,1,1,2026-01-09,1446,93,54.92,5,864.33
118,1,1,2026-01-19,4196,127,498.87,2,319.27
118,1,1,2026-01-23,30577,2367,6306.27,310,102254.07
118,1,1,2026-01-26,27783,985,4308.6,142,9616.69
118,1,1,2026-01-30,47039,3535,16777.71,158,38244.17
118,1,1,2026-02-02,5887,379,1225.1,45,16715.74
118,1,1,2026-02-03,4120,161,408.58,3,211.6
118,1,1,2026-02-04,18293,663,1733.25,58,5501.99
118,1,1,2026-02-06,39375,1076,643.75,127,38742.03
118,1,1,2026-02-10,7859,144,662.52,9,582.77
118,1,1,2026-02-15,45742,1756,1999.01,52,14761.12
118,1,1,2026-02-17,24751,313,794.93,32,11444.71
118,1,1,2026-03-04,27962,1827,1001.64,96,36762.61
118,1,1,2026-03-08,40202,422,1683.56,12,1112.22
118,1,1,2026-03-12,7541,184,389.24,2,211.63
118,1,1,2026-03-18,34859,987,2215.57,107,10297.68
118,1,1,2026-03-20,15097,255,699.25,17,3108.49
118,1,1,2026-03-29,20390,830,1898.29,64,12823.2
118,1,1,2026-04-06,46673,1502,7139.01,222,73425.27
118,1,1,2026-04-09,1062,18,85.73,0,0.0
118,1,1,2026-04-12,27401,2156,8986.82,271,65622.25
118,1,1,2026-04-13,19146,299,781.6,29,1951.29
118,1,1,2026-04-17,36538,2818,9246.67,185,67573.08
118,1,1,2026-04-18,28272,2261,6118.88,169,55663.98
118,1,1,2026-04-19,49595,3663,12525.13,308,65114.81
118,1,1,2026-04-25,30230,2403,11390.2,353,24424.56
118,1,1,2026-04-30,8252,624,323.99,10,3208.02
118,1,1,2026-05-02,40019,2047,3610.48,135,35946.81
118,1,1,2026-05-08,49624,2266,10270.25,248,36694.69
118,1,1,2026-05-10,27474,485,1490.87,56,6894.69
118,1,1,2026-05-23,32402,628,1705.12,87,10250.67
118,1,1,2026-05-29,23985,1439,6620.81,185,62860.56
118,1,1,2026-06-02,38411,2561,5463.64,276,59826.97
118,1,1,2026-06-04,25365,1398,6223.27,143,20337.13
118,1,1,2026-06-10,26095,592,2345.12,18,3563.97
118,1,1,2026-06-15,43255,679,1174.22,83,31092.46
118,1,1,2026-06-22,12462,918,3484.59,137,33196.89
118,1,1,2026-06-25,34605,2364,9158.12,348,20594.82
118,1,1,2026-06-27,27117,594,547.46,24,8123.88
118,1,1,2026-07-06,3195,82,282.79,6,450.2
118,1,1,2026-07-11,9955,271,447.47,31,8241.17
118,1,1,2026-07-23,46245,3073,10916.81,193,54879.56
118,1,1,2026-07-27,34441,1331,6596.55,199,39196.5
118,1,1,2026-07-28,17454,873,504.35,117,37569.89
118,1,1,2026-08-01,27184,1186,4298.4,69,12151.23
118,1,1,2026-08-09,47228,1723,6327.84,249,19516.11
118,1,1,2026-08-11,25565,731,3076.76,88,11325.84
118,1,1,2026-08-13,41195,846,3792.73,75,18060.82
118,1,1,2026-08-16,10297,730,903.93,75,27847.78
119,1,2,2025-08-18,44532,1020,3255.12,44,7283.58
119,1,2,2025-08-20,30521,2392,9440.38,298,69710.83
119,1,2,2025-08-24,40571,1488,3288.07,58,19818.41
119,1,2,2025-08-26,38558,1396,6517.21,25,3733.43
119,1,2,2025-08-28,9916,764,1694.41,55,15348.35
119,1,2,2025-09-02,29549,885,1216.96,62,9226.67
119,1,2,2025-09-08,36363,1489,4709.73,153,36579.05
119,1,2,2025-09-09,33085,2371,10062.22,214,18832.98
119,1,2,2025-09-21,26448,1072,1939.88,111,30552.76
119,1,2,2025-09-22,47282,3454,13094.44,323,95461.93
119,1,2,2025-09-28,44783,1258,3806.18,55,18047.79
119,1,2,2025-09-29,30024,637,2245.78,51,8996.19
119,1,2,2025-09-30,42508,3058,6667.71,393,99735.53
119,1,2,2025-10-01,38575,2774,2712.11,206,32977.14
119,1,2,2025-10-03,24969,1059,4776.7,35,6125.11
119,1,2,2025-10-09,44220,1133,4389.93,168,12067.84
119,1,2,2025-10-17,21864,1569,5002.89,85,18347.0
119,1,2,2025-10-28,28777,1175,2401.46,20,7646.58
119,1,2,2025-11-01,37016,1505,1990.12,32,4382.83
119,1,2,2025-11-06,5193,206,407.88,19,2390.06
119,1,2,2025-11-16,45348,3419,14533.68,232,28469.41
119,1,2,2025-11-23,43128,1784,2341.22,109,37519.11
119,1,2,2025-11-25,40666,1615,2845.76,108,27218.15
119,1,2,2025-11-26,34224,2685,3244.22,239,19676.52
119,1,2,2025-11-28,3281,138,561.78,19,2498.48
119,1,2,2025-12-05,10716,682,1237.09,12,4339.39
119,1,2,2025-12-13,13051,363,237.55,4,955.53
119,1,2,2025-12-16,29849,2036,9214.27,111,23237.72
119,1,2,2025-12-18,23903,1748,1154.88,221,51176.06
119,1,2,2025-12-20,4682,245,371.99,32,11239.07
119,1,2,2025-12-22,22189,1740,3973.48,135,21618.61
119,1,2,2025-12-26,4841,177,858.65,3,469.47
119,1,2,2026-01-11,45829,3624,8330.79,374,60722.71
119,1,2,2026-01-12,21541,812,2163.76,88,13100.64
119,1,2,2026-01-13,31233,387,893.92,26,7355.75
119,1,2,2026-01-20,28753,2108,7851.04,38,8482.79
119,1,2,2026-01-21,6212,85,274.65,11,1551.34
119,1,2,2026-01-23,6825,380,210.02,41,14452.03
119,1,2,2026-01-29,4163,307,1304.62,13,936.55
119,1,2,2026-01-30,22133,636,2524.15,11,2443.09
119,1,2,2026-02-01,9018,689,1628.27,90,14803.94
119,1,2,2026-02-02,23891,498,2393.82,7,616.07
119,1,2,2026-02-07,45329,1019,2424.24,26,9454.99
119,1,2,2026-02-10,28808,625,697.83,32,7083.74
119,1,2,2026-02-13,38606,1725,949.58,230,58864.75
119,1,2,2026-03-06,10107,226,698.85,16,5303.92
119,1,2,2026-03-10,11633,530,1646.21,44,12002.63
119,1,2,2026-03-16,47316,3151,13530.72,187,42818.78
119,1,2,2026-03-19,16384,1181,4813.21,97,6309.76
119,1,2,2026-03-20,6885,474,2186.2,53,8937.58
119,1,2,2026-03-21,18047,307,877.33,28,2919.41
119,1,2,2026-03-22,20568,1006,3080.68,81,9032.71
119,1,2,2026-03-29,33479,1237,1847.55,18,2941.34
119,1,2,2026-04-03,8346,475,1918.23,41,5669.72
119,1,2,2026-04-07,1028,73,178.08,3,316.14
119,1,2,2026-04-09,40413,1251,1751.45,91,23708.44
119,1,2,2026-04-14,30499,310,1191.95,23,3505.03
119,1,2,2026-04-15,10171,108,80.62,8,2225.85
119,1,2,2026-04-22,19539,1275,1754.23,64,22850.94
119,1,2,2026-04-26,11757,713,3177.76,24,4013.4
119,1,2,2026-05-12,49283,2727,5215.81,404,119373.55
119,1,2,2026-05-18,28677,1150,3033.65,80,12652.01
119,1,2,2026-05-22,8342,555,294.19,24,5642.55
119,1,2,2026-05-27,20188,1299,1418.14,93,15037.75
119,1,2,2026-05-28,47850,2005,3676.92,61,9328.79
119,1,2,2026-05-30,23182,1654,2250.36,50,17899.98
119,1,2,2026-06-06,22689,1635,6465.31,197,25721.71
119,1,2,2026-06-09,45620,1062,2586.01,43,4998.65
119,1,2,2026-06-10,11361,649,2586.31,91,20326.32
119,1,2,2026-06-16,27223,481,1508.49,33,6953.35
119,1,2,2026-06-18,7441,555,1071.13,65,5254.16
119,1,2,2026-07-02,21991,1437,5908.39,197,55443.0
119,1,2,2026-07-04,34436,1996,7985.02,245,58297.5
119,1,2,2026-07-07,38005,481,1575.35,53,10133.75
119,1,2,2026-07-10,31950,829,634.48,57,10363.87
119,1,2,2026-07-16,31472,1883,4097.7,230,71598.85
119,1,2,2026-07-19,43137,1751,3425.19,83,17865.93
119,1,2,2026-07-20,46893,1673,1824.98,74,21250.86
119,1,2,2026-07-29,6938,131,574.33,14,3554.93
119,1,2,2026-08-01,27569,2115,4324.87,280,108416.06
119,1,2,2026-08-14,7141,137,492.07,17,4614.34
120,1,3,2025-08-19,31010,1842,5511.88,19,1558.54
120,1,3,2025-08-21,40849,1379,2359.24,42,16738.63
120,1,3,2025-08-23,29157,2292,1477.65,244,67393.64
120,1,3,2025-08-28,13210,517,1207.27,53,19625.85
120,1,3,2025-09-07,1241,62,79.52,3,720.32
120,1,3,2025-09-10,25249,367,864.59,16,4828.56
120,1,3,2025-09-16,22381,813,3710.37,65,7134.95
120,1,3,2025-09-21,39654,2614,4194.22,174,64317.16
120,1,3,2025-09-25,36847,2916,8472.66,306,31775.0
120,1,3,2025-09-26,39662,2880,10820.01,87,26037.48
120,1,3,2025-10-06,10340,719,3371.66,81,8508.26
120,1,3,2025-10-10,15170,857,3959.65,127,43971.21
120,1,3,2025-10-16,2667,74,255.03,9,1132.54
120,1,3,2025-10-17,6214,181,759.31,16,5927.81
120,1,3,2025-10-26,4876,375,1707.69,16,3150.57
120,1,3,2025-10-30,39516,699,2693.12,50,15462.98
120,1,3,2025-11-12,9124,185,196.68,25,7068.87
120,1,3,2025-11-13,15059,323,509.79,47,16245.03
120,1,3,2025-11-14,49129,2084,7049.29,177,26312.63
120,1,3,2025-11-20,35437,2685,7613.5,400,147054.05
120,1,3,2025-11-26,13387,1065,2997.7,139,26113.33
120,1,3,2025-11-27,1461,30,53.37,1,371.78
120,1,3,2025-12-04,37999,1679,7536.1,31,8154.44
120,1,3,2025-12-17,5266,159,141.12,13,746.75
120,1,3,2025-12-20,10217,187,778.26,10,971.24
120,1,3,2025-12-24,16309,234,604.32,32,6175.82
120,1,3,2025-12-30,42601,1398,5605.68,176,18060.73
120,1,3,2026-01-03,38119,852,1745.92,26,4354.27
120,1,3,2026-01-12,2152,25,123.94,3,1120.83
120,1,3,2026-01-15,46367,1806,7146.35,47,7522.2
120,1,3,2026-01-21,15267,1008,1806.19,120,46163.2
120,1,3,2026-01-25,47667,2387,5826.86,88,4810.63
120,1,3,2026-01-27,25935,800,1666.71,53,7804.72
120,1,3,2026-01-31,47356,835,1517.3,15,5006.38
120,1,3,2026-02-01,24248,479,1352.09,60,22439.69
120,1,3,2026-02-02,27549,772,728.34,66,18254.25
120,1,3,2026-02-07,30386,1890,6200.58,129,30622.72
120,1,3,2026-02-09,34774,611,1454.57,42,10639.97
120,1,3,2026-02-16,16264,1143,3072.91,153,53477.82
120,1,3,2026-02-17,40931,2150,3784.96,224,23345.73
120,1,3,2026-02-18,8391,272,203.58,7,813.63
120,1,3,2026-02-19,11132,263,352.75,6,560.11
120,1,3,2026-02-26,13424,331,1017.32,3,203.11
120,1,3,2026-03-02,48044,3129,12329.19,145,40009.41
120,1,3,2026-03-03,43293,2109,3251.49,298,90378.29
120,1,3,2026-03-06,47759,2908,11541.07,186,74063.33
120,1,3,2026-03-09,9737,447,1700.02,64,11593.98
120,1,3,2026-03-16,29378,377,1586.19,15,3919.04
120,1,3,2026-03-26,41893,1224,3711.89,163,13147.94
120,1,3,2026-03-27,1712,97,398.02,13,2913.67
120,1,3,2026-04-05,48120,1552,5001.33,191,36076.56
120,1,3,2026-04-14,20456,1260,5022.08,166,21712.96
120,1,3,2026-04-16,37069,516,2098.41,31,8529.29
120,1,3,2026-04-17,29430,983,1444.89,108,7837.14
120,1,3,2026-04-25,16762,363,366.66,6,1438.53
120,1,3,2026-05-05,46092,915,2768.02,99,14859.52
120,1,3,2026-05-11,29927,2018,4491.09,146,41940.45
120,1,3,2026-05-13,24676,1913,7416.39,264,85036.08
120,1,3,2026-05-15,29089,1357,6103.31,125,19167.62
120,1,3,2026-05-18,5619,266,203.43,14,4429.7
120,1,3,2026-05-22,44007,470,735.78,31,3878.43
120,1,3,2026-05-26,40091,3191,10239.79,472,27327.61
120,1,3,2026-05-31,29062,1717,3581.4,221,36839.53
120,1,3,2026-06-05,48074,2473,1372.33,173,24578.88
120,1,3,2026-06-06,40330,1441,5519.91,64,15647.2
120,1,3,2026-06-13,22711,943,3075.17,43,7660.8
120,1,3,2026-06-19,24651,1574,3014.89,126,45920.58
120,1,3,2026-06-22,8993,487,1922.08,50,14839.93
120,1,3,2026-06-27,22460,466,793.66,9,2964.0
120,1,3,2026-06-29,46371,668,2913.07,23,5532.84
120,1,3,2026-07-05,49922,3764,9502.35,127,40499.9
120,1,3,2026-07-10,37890,3020,12936.83,44,12988.82
120,1,3,2026-07-11,41765,2056,6215.67,271,23335.37
120,1,3,2026-07-13,48816,1387,2573.49,82,16287.93
120,1,3,2026-07-17,23343,1657,1996.53,93,24412.79
120,1,3,2026-07-19,47839,1597,3435.86,37,5521.31
120,1,3,2026-07-21,19293,268,393.62,39,9855.18
120,1,3,2026-07-23,21821,506,2046.0,74,11606.77
120,1,3,2026-07-25,17076,1259,5877.1,180,17992.3
120,1,3,2026-07-26,21320,376,653.92,12,2432.01
120,1,3,2026-07-31,43251,1859,6134.5,205,47730.25
120,1,3,2026-08-07,14005,1040,2528.99,146,11881.4
120,1,3,2026-08-12,24912,1731,6160.22,248,72669.53
120,1,3,2026-08-16,10137,539,1606.92,65,4585.78
121,61,1,2025-08-19,38319,1071,1834.93,71,26638.45
121,61,1,2025-08-23,1009,59,219.12,7,2237.88
121,61,1,2025-08-28,25896,1616,6874.08,218,14429.44
121,61,1,2025-08-30,19427,980,3206.11,87,11156.89
121,61,1,2025-08-31,12287,256,626.21,27,8944.17
121,61,1,2025-09-01,21894,1142,878.02,140,39954.62
121,61,1,2025-09-02,16235,830,1670.85,42,16046.12
121,61,1,2025-09-06,38423,2705,12433.13,75,21799.44
121,61,1,2025-09-09,21462,776,3094.14,45,5487.11
121,61,1,2025-09-15,1820,41,168.43,2,437.46
121,61,1,2025-09-17,5342,237,1161.32,21,5024.53
121,61,1,2025-09-19,15825,1128,1792.88,54,5273.33
121,61,1,2025-09-23,44440,1311,1087.54,14,5130.52
121,61,1,2025-09-25,19603,1090,1287.16,94,36336.12
121,61,1,2025-09-30,39378,2975,8529.84,78,14886.21
121,61,1,2025-10-01,22007,1053,2390.48,118,40465.09
121,61,1,2025-10-08,4035,88,301.06,11,3469.63
121,61,1,2025-10-14,38830,2834,12286.75,332,103544.41
121,61,1,2025-10-17,2074,145,180.46,8,798.07
121,61,1,2025-10-20,7556,137,554.2,16,2247.48
121,61,1,2025-10-25,29528,1513,5263.04,71,7794.2
121,61,1,2025-10-28,1043,59,190.44,7,499.13
121,61,1,2025-11-10,49635,3590,4957.55,439,51634.3
121,61,1,2025-11-14,40860,1936,3146.92,172,61272.67
121,61,1,2025-11-16,21343,881,4182.29,122,25284.22
121,61,1,2025-11-19,12832,756,3503.83,14,1014.63
121,61,1,2025-11-20,15502,471,1216.67,25,5923.51
121,61,1,2025-11-21,24115,1894,1572.0,29,6394.92
121,61,1,2025-11-22,13227,642,2782.44,39,2069.88
121,61,1,2025-12-01,42194,2107,8936.04,68,23873.06
121,61,1,2025-12-06,4867,202,734.83,20,2635.06
121,61,1,2025-12-07,21658,1058,2204.12,113,18377.16
121,61,1,2025-12-17,20723,674,524.58,96,13950.31
121,61,1,2025-12-21,35455,1923,6513.17,134,47455.87
121,61,1,2025-12-23,18554,1049,3947.68,42,6405.5
121,61,1,2025-12-25,44905,2034,1790.23,225,21634.87
121,61,1,2025-12-26,21146,735,1579.18,89,16609.58
121,61,1,2025-12-28,22002,393,1291.33,10,3495.53
121,61,1,2026-01-02,7654,528,2035.69,43,4213.76
121,61,1,2026-01-03,47333,966,3979.95,59,23357.42
121,61,1,2026-01-06,49647,2033,7031.26,290,94123.46
121,61,1,2026-01-10,10369,278,856.49,38,7139.34
121,61,1,2026-01-12,9148,286,587.33,21,4660.86
121,61,1,2026-01-20,32454,380,1740.51,32,9410.58
121,61,1,2026-01-22,5378,128,461.25,6,2099.03
121,61,1,2026-01-27,44804,536,430.67,52,20795.67
121,61,1,2026-01-29,39480,2515,11819.03,106,27237.06
121,61,1,2026-02-01,1151,33,79.11,3,288.41
121,61,1,2026-02-02,13779,495,704.7,60,21484.26
121,61,1,2026-02-09,4916,360,1158.26,5,1245.26
121,61,1,2026-02-10,47363,2083,5622.65,211,65913.08
121,61,1,2026-02-22,4470,115,96.48,5,1601.63
121,61,1,2026-03-02,43892,2044,5900.35,295,99199.16
121,61,1,2026-03-09,17204,808,1531.54,30,7913.61
121,61,1,2026-03-11,16940,213,779.03,12,3577.76
121,61,1,2026-03-12,43583,3411,2802.47,290,85374.68
121,61,1,2026-03-13,7240,91,228.32,11,3169.14
121,61,1,2026-03-18,44195,2556,11881.77,342,44289.11
121,61,1,2026-03-22,33113,567,2439.46,63,14652.53
121,61,1,2026-03-31,26294,658,2085.95,69,6014.06
121,61,1,2026-04-02,7161,330,989.02,6,1117.43
121,61,1,2026-04-03,15906,1014,2329.76,129,20412.04
121,61,1,2026-04-04,30976,398,697.02,8,2186.52
121,61,1,2026-04-10,10669,208,508.97,10,1651.06
121,61,1,2026-04-11,3790,223,300.81,16,1999.65
121,61,1,2026-04-13,17173,1231,4970.02,52,12380.49
121,61,1,2026-04-14,33891,601,1145.89,57,15740.98
121,61,1,2026-04-23,2170,157,481.39,9,494.87
121,61,1,2026-04-26,21292,1129,5086.81,79,30903.31
121,61,1,2026-04-27,10749,360,1734.3,32,2094.1
121,61,1,2026-04-30,37206,1156,3694.18,122,23316.35
121,61,1,2026-05-01,37848,1669,4735.19,180,10036.52
121,61,1,2026-05-05,22268,1092,3957.69,51,6679.6
121,61,1,2026-05-06,47727,950,2895.53,53,17654.04
121,61,1,2026-05-08,40391,2988,3961.14,260,90110.07
121,61,1,2026-05-12,8633,355,1350.41,18,1523.71
121,61,1,2026-05-14,28581,895,606.11,88,33572.75
121,61,1,2026-05-21,46220,3310,6980.89,357,109066.53
121,61,1,2026-05-27,39817,1154,4335.44,145,55714.48
121,61,1,2026-06-04,29937,1516,2100.74,39,3253.32
121,61,1,2026-06-21,4466,298,341.29,4,824.96
121,61,1,2026-06-22,31129,1843,6501.23,258,85051.87
121,61,1,2026-06-28,43678,1372,5002.26,121,28421.4
121,61,1,2026-06-30,42783,1893,2541.09,234,58651.75
121,61,1,2026-07-02,17513,201,451.76,18,2740.32
121,61,1,2026-07-07,27370,716,1681.95,104,27940.36
121,61,1,2026-07-09,49561,1969,2937.98,22,6498.97
121,61,1,2026-07-12,10616,739,643.51,73,16345.25
121,61,1,2026-07-17,45273,1109,2142.84,85,7679.77
121,61,1,2026-07-20,10114,143,624.78,17,4250.4
121,61,1,2026-07-22,14109,370,643.05,43,14330.13
121,61,1,2026-07-23,46099,870,1036.35,108,41835.3
121,61,1,2026-08-08,11221,376,1859.43,5,1217.02
121,61,1,2026-08-11,15658,705,3328.51,54,11590.65
121,61,1,2026-08-13,47769,812,998.61,88,29606.27
121,61,1,2026-08-15,32496,2361,11743.84,128,14700.39
122,61,2,2025-08-23,38169,2409,4196.18,161,52990.54
122,61,2,2025-08-25,20002,736,536.47,41,10730.94
122,61,2,2025-08-29,43292,3403,8755.59,162,8349.1
122,61,2,2025-09-01,14520,566,2397.29,45,5903.89
122,61,2,2025-09-02,3143,138,677.2,18,1871.61
122,61,2,2025-09-04,28707,1476,1406.12,54,5922.35
122,61,2,2025-09-05,36355,1967,9153.42,47,8801.53
122,61,2,2025-09-06,38973,776,582.79,116,28884.29
122,61,2,2025-09-09,12655,737,1472.09,13,3166.81
122,61,2,2025-09-11,27853,370,1015.13,40,9294.3
122,61,2,2025-09-19,2347,141,347.11,7,2124.82
122,61,2,2025-09-20,46755,3257,15020.84,126,39025.99
122,61,2,2025-09-23,16185,726,2608.56,64,18654.73
122,61,2,2025-09-24,28213,659,460.14,75,12584.35
122,61,2,2025-10-09,4444,341,1619.23,11,3655.96
122,61,2,2025-10-15,3205,169,300.94,19,4977.58
122,61,2,2025-10-20,41937,503,1457.77,49,12927.48
122,61,2,2025-10-22,21164,1160,2342.62,53,9642.88
122,61,2,2025-10-24,9886,659,901.35,35,2156.8
122,61,2,2025-10-27,46336,3320,10996.08,331,77667.26
122,61,2,2025-10-28,44645,1220,1149.43,91,23368.47
122,61,2,2025-11-08,27055,1788,2094.33,37,12530.11
122,61,2,2025-11-13,46655,602,1125.0,50,19664.68
122,61,2,2025-11-17,15425,443,774.36,17,5991.55
122,61,2,2025-11-21,48140,1110,5175.51,137,17123.06
122,61,2,2025-11-24,17474,328,851.73,39,13480.5
122,61,2,2025-12-06,39151,2451,6555.55,327,58051.9
122,61,2,2025-12-08,9240,168,164.04,1,151.41
122,61,2,2025-12-10,4777,91,266.52,8,1821.57
122,61,2,2025-12-12,12974,517,429.86,31,3742.03
122,61,2,2025-12-16,14932,768,3067.84,8,679.76
122,61,2,2025-12-18,2067,148,181.3,3,467.24
122,61,2,2025-12-21,35394,1979,8163.63,186,69256.0
122,61,2,2025-12-23,5783,208,179.98,4,1561.37
122,61,2,2025-12-24,17271,310,391.31,43,10976.53
122,61,2,2025-12-26,10534,730,2095.72,34,2111.17
122,61,2,2026-01-04,5222,266,923.58,25,3711.92
122,61,2,2026-01-05,22926,1526,7358.09,102,29757.23
122,61,2,2026-01-06,34068,2008,7528.36,209,63143.33
122,61,2,2026-01-07,32858,1232,2474.03,57,20095.38
122,61,2,2026-01-10,37279,1594,6956.28,81,5030.35
122,61,2,2026-01-12,20980,767,1153.72,48,17433.63
122,61,2,2026-01-13,26033,396,263.43,15,1517.89
122,61,2,2026-01-15,28184,913,1065.05,62,5222.82
122,61,2,2026-01-17,5599,215,636.1,27,6043.38
122,61,2,2026-01-20,49108,3336,11032.61,52,5886.36
122,61,2,2026-01-23,10594,699,363.59,10,2132.58
122,61,2,2026-01-25,27328,2117,6281.65,288,103872.33
122,61,2,2026-01-27,48715,1085,1317.14,146,14494.65
122,61,2,2026-01-31,16534,1273,3243.26,48,18620.4
122,61,2,2026-02-08,38654,482,397.7,45,15480.9
122,61,2,2026-02-17,9162,186,726.64,21,4206.15
122,61,2,2026-02-18,5747,366,953.88,38,12978.92
122,61,2,2026-02-24,34272,2663,7631.71,87,11422.67
122,61,2,2026-03-06,48774,2402,6993.74,30,6282.38
122,61,2,2026-03-11,16437,684,504.21,51,5591.58
122,61,2,2026-03-12,9112,317,884.63,42,9470.45
122,61,2,2026-03-15,38914,1513,7512.67,131,10021.23
122,61,2,2026-03-20,14165,232,510.99,25,6322.14
122,61,2,2026-03-21,31600,1196,4980.96,91,18419.55
122,61,2,2026-03-28,24163,882,1674.35,65,15107.77
122,61,2,2026-03-31,42524,2042,2737.13,107,31255.47
122,61,2,2026-04-01,18501,306,1110.88,8,3143.74
122,61,2,2026-04-05,2995,199,308.79,27,4045.93
122,61,2,2026-04-06,43964,3262,14364.78,119,45618.55
122,61,2,2026-04-15,37975,1081,4073.19,74,10271.1
122,61,2,2026-04-19,5937,93,90.25,3,873.61
122,61,2,2026-05-07,25493,566,2121.94,29,6220.65
122,61,2,2026-05-08,30751,888,655.18,34,9328.69
122,61,2,2026-05-10,9768,209,312.79,15,3273.52
122,61,2,2026-05-13,15211,225,883.46,9,2691.8
122,61,2,2026-05-16,15676,968,871.17,132,21448.96
122,61,2,2026-05-18,2975,230,864.44,13,3746.42
122,61,2,2026-05-19,47350,1621,6622.11,211,66483.92
122,61,2,2026-05-21,41122,1279,4898.5,81,9819.24
122,61,2,2026-05-22,15808,186,921.75,15,2974.32
122,61,2,2026-06-01,37453,884,1510.86,97,38480.67
122,61,2,2026-06-02,7174,380,763.7,35,6140.47
122,61,2,2026-06-09,20151,625,1304.06,53,15983.33
122,61,2,2026-06-21,43168,2951,9637.81,48,9746.9
122,61,2,2026-07-03,9432,495,579.7,58,21878.25
122,61,2,2026-07-04,20001,648,2246.78,86,14767.06
122,61,2,2026-07-08,23457,962,762.26,81,28579.15
122,61,2,2026-07-11,27136,536,717.97,76,6265.47
122,61,2,2026-07-14,43913,940,3335.46,63,4760.66
122,61,2,2026-07-28,4634,68,285.26,5,1508.5
122,61,2,2026-07-29,13103,280,582.44,10,2968.08
122,61,2,2026-08-04,39115,2094,10151.58,91,18234.59
122,61,2,2026-08-09,14509,931,4045.68,92,20139.52
122,61,2,2026-08-12,31325,2373,10104.71,339,31253.12
122,61,2,2026-08-13,48390,3578,7327.03,235,83522.9
122,61,2,2026-08-16,21761,422,1677.0,63,20267.72
123,61,3,2025-08-19,1005,45,207.17,4,305.29
123,61,3,2025-08-21,38102,563,979.66,50,14742.61
123,61,3,2025-08-28,5624,285,558.24,20,7264.19
123,61,3,2025-09-07,36155,2385,10027.14,26,10214.32
123,61,3,2025-09-09,3095,56,172.0,5,1391.78
123,61,3,2025-09-13,46003,866,725.75,64,17413.26
123,61,3,2025-09-17,37900,1578,3553.43,61,24368.86
123,61,3,2025-09-25,19252,924,1115.89,38,4587.34
123,61,3,2025-10-04,40531,2079,3145.65,21,2960.54
123,61,3,2025-10-05,36943,653,1477.69,24,4440.24
123,61,3,2025-10-07,14916,919,1081.28,136,47042.28
123,61,3,2025-10-19,9470,163,281.92,6,2340.68
123,61,3,2025-10-23,24352,1391,3186.4,170,43485.06
123,61,3,2025-10-29,4106,64,212.68,1,392.43
123,61,3,2025-11-02,32860,2040,6949.71,283,66436.92
123,61,3,2025-11-14,41865,3324,5664.87,165,45895.78
123,61,3,2025-11-17,19148,1455,1215.81,191,49716.91
123,61,3,2025-11-19,44619,1640,940.53,233,63439.81
123,61,3,2025-11-20,41544,1803,1537.78,37,12424.2
123,61,3,2025-11-23,44603,2028,3136.89,243,82306.55
123,61,3,2025-11-28,44925,1127,1759.09,122,13464.09
123,61,3,2025-11-29,18994,780,2945.86,85,32244.51
123,61,3,2025-12-02,20889,1606,964.9,171,48832.73
123,61,3,2025-12-06,45068,1947,1456.53,166,10992.26
123,61,3,2025-12-15,36329,1803,7970.73,218,58128.5
123,61,3,2025-12-17,1516,87,307.99,12,3174.08
123,61,3,2025-12-20,45455,3297,8314.78,129,35867.56
123,61,3,2025-12-25,39018,1661,2886.5,104,7193.67
123,61,3,2025-12-26,7982,312,610.41,22,4632.53
123,61,3,2025-12-31,45322,1613,5845.73,89,28490.8
123,61,3,2026-01-12,40618,2023,5096.93,43,8334.47
123,61,3,2026-01-26,31849,1235,5586.73,113,39126.0
123,61,3,2026-01-30,47127,2373,3094.44,238,86806.95
123,61,3,2026-02-02,8883,470,1578.72,24,3531.89
123,61,3,2026-02-03,22016,677,1080.2,38,14383.72
123,61,3,2026-02-05,9550,273,493.63,20,6707.24
123,61,3,2026-02-09,46340,549,1839.47,19,3013.56
123,61,3,2026-02-10,3166,34,49.36,4,874.21
123,61,3,2026-02-12,1236,71,68.5,5,1062.65
123,61,3,2026-02-13,39279,1170,3693.9,85,22731.88
123,61,3,2026-02-14,12029,549,683.59,36,6105.02
123,61,3,2026-02-17,13981,246,193.48,24,7692.19
123,61,3,2026-02-18,17155,976,3983.43,22,2705.51
123,61,3,2026-02-20,47066,1076,4790.43,69,24559.24
123,61,3,2026-02-22,5589,419,2042.35,57,17513.79
123,61,3,2026-02-23,26300,1435,1348.26,147,25619.91
123,61,3,2026-02-27,34230,1725,2882.99,158,53461.18
123,61,3,2026-02-28,40342,769,2980.8,53,19514.54
123,61,3,2026-03-03,9088,648,1077.85,64,11129.68
123,61,3,2026-03-06,47825,642,2246.77,90,16654.2
123,61,3,2026-03-12,7219,234,953.83,24,4769.57
123,61,3,2026-03-19,5875,249,337.56,19,3265.25
123,61,3,2026-03-24,35809,2437,3669.76,54,7135.45
123,61,3,2026-04-07,24398,1421,5512.78,145,10357.48
123,61,3,2026-04-08,35971,1749,8368.76,208,42153.08
123,61,3,2026-04-12,3212,77,256.75,1,176.94
123,61,3,2026-04-24,42580,2986,9751.88,48,9323.32
123,61,3,2026-04-25,22357,412,1371.45,60,16811.55
123,61,3,2026-04-28,13207,245,454.43,15,5093.02
123,61,3,2026-05-08,32252,338,517.27,20,3756.87
123,61,3,2026-05-10,16710,1188,4656.29,70,11131.95
123,61,3,2026-05-11,12593,768,3368.32,87,15158.7
123,61,3,2026-05-13,38211,1848,4704.17,98,5881.92
123,61,3,2026-05-16,24880,1336,1234.62,20,6230.13
123,61,3,2026-05-18,19435,496,668.01,68,6052.11
123,61,3,2026-05-20,14247,1089,2416.49,75,8080.47
123,61,3,2026-05-29,46694,1273,2597.9,57,15855.2
123,61,3,2026-06-03,4007,164,260.72,16,4123.97
123,61,3,2026-06-12,11150,698,772.67,73,12042.02
123,61,3,2026-06-13,43332,3027,8367.41,384,101498.34
123,61,3,2026-06-16,15512,925,2703.18,34,8717.51
123,61,3,2026-06-24,1454,45,218.05,6,393.26
123,61,3,2026-06-27,47039,1669,3285.52,247,22134.91
123,61,3,2026-07-02,5086,152,198.84,1,159.23
123,61,3,2026-07-06,16347,1111,3183.48,108,7058.39
123,61,3,2026-07-10,23451,841,2600.55,16,4651.06
123,61,3,2026-07-11,43618,2721,12279.51,145,30268.54
123,61,3,2026-07-12,37348,1734,6808.01,64,17976.43
123,61,3,2026-07-16,30645,1961,8993.56,201,60101.7
123,61,3,2026-07-25,11260,528,452.21,34,7502.87
123,61,3,2026-07-28,11754,161,285.17,6,1242.07
123,61,3,2026-08-08,23800,1486,2826.6,35,5283.32
123,61,3,2026-08-10,47307,3188,2036.96,379,35089.94
123,61,3,2026-08-12,24736,1747,1272.7,136,30704.13
123,61,3,2026-08-15,43477,599,584.52,24,9017.71
123,61,3,2026-08-17,1619,122,577.42,4,650.1
124,23,1,2025-08-21,24949,1960,9075.25,197,73241.98
124,23,1,2025-08-24,13248,931,3210.57,94,24521.18
124,23,1,2025-08-25,41296,2148,6572.32,263,17334.02
124,23,1,2025-08-27,48925,3821,16711.02,395,133602.99
124,23,1,2025-09-04,35363,1671,4396.38,101,33806.28
124,23,1,2025-09-05,30465,1101,1313.99,120,17263.11
124,23,1,2025-09-09,10351,412,1988.3,49,11780.2
124,23,1,2025-09-15,45515,1001,4550.46,128,18295.31
124,23,1,2025-09-18,37853,2900,13578.01,332,38958.21
124,23,1,2025-09-26,43217,2245,11144.51,212,45775.14
124,23,1,2025-09-27,19163,224,700.22,9,1002.84
124,23,1,2025-10-01,3273,160,147.48,20,5441.04
124,23,1,2025-10-06,18661,487,2188.57,34,10362.84
124,23,1,2025-10-08,12959,830,1867.58,37,9503.67
124,23,1,2025-10-09,5104,143,169.81,3,436.4
124,23,1,2025-10-13,22921,301,1320.98,23,4774.31
124,23,1,2025-10-20,45876,735,909.23,29,6682.29
124,23,1,2025-10-25,24076,1097,3737.21,65,3587.82
124,23,1,2025-10-29,21316,1274,2552.91,124,29055.89
124,23,1,2025-10-30,14428,948,4604.53,141,38484.06
124,23,1,2025-11-04,40399,1061,1496.45,33,8445.44
124,23,1,2025-11-05,26479,314,1471.36,17,4241.75
124,23,1,2025-11-09,8156,443,1401.34,57,7313.39
124,23,1,2025-11-10,25930,1589,2512.74,194,10227.92
124,23,1,2025-11-11,31290,1093,1270.91,38,3192.99
124,23,1,2025-11-14,37392,1054,2295.87,115,36250.55
124,23,1,2025-11-19,33892,1415,2118.9,169,32186.23
124,23,1,2025-11-20,38991,1049,5124.95,116,34021.53
124,23,1,2025-11-25,43393,1457,5608.33,160,37206.71
124,23,1,2025-11-27,21937,537,2131.44,43,14401.98
124,23,1,2025-11-28,1168,52,110.93,2,379.93
124,23,1,2025-12-01,40385,3028,4322.64,276,93108.1
124,23,1,2025-12-08,46527,833,834.39,41,13261.56
124,23,1,2025-12-13,12753,1014,4476.79,17,6409.38
124,23,1,2025-12-14,4030,305,962.14,26,8079.2
124,23,1,2025-12-21,39609,1363,1696.87,69,19858.5
124,23,1,2025-12-22,7232,551,469.8,46,10431.37
124,23,1,2025-12-26,4798,347,595.0,11,2179.2
124,23,1,2025-12-28,10623,220,903.64,29,4019.23
124,23,1,2026-01-02,38818,656,3178.86,33,11598.15
124,23,1,2026-01-04,27088,1544,3982.59,82,20198.49
124,23,1,2026-01-05,40675,3013,13894.16,304,65855.64
124,23,1,2026-01-06,43449,705,931.39,90,31392.18
124,23,1,2026-01-09,5013,259,779.1,27,6438.73
124,23,1,2026-01-12,3963,217,1031.9,29,10990.72
124,23,1,2026-01-13,43230,2024,7646.73,128,26212.82
124,23,1,2026-01-23,32999,595,1578.77,73,5227.57
124,23,1,2026-01-25,6901,198,902.9,9,1928.42
124,23,1,2026-01-31,4210,298,921.51,6,1986.57
124,23,1,2026-02-03,30987,617,2221.69,14,4089.9
124,23,1,2026-02-04,41915,449,933.17,43,17057.52
124,23,1,2026-02-06,45330,3495,14759.16,340,58682.15
124,23,1,2026-02-21,27927,1563,2810.67,175,36438.46
124,23,1,2026-02-23,41512,457,274.27,5,1039.16
124,23,1,2026-02-24,31593,1104,1550.51,82,11093.38
124,23,1,2026-02-25,30367,1067,4267.97,132,33825.03
124,23,1,2026-03-15,23115,1659,6326.81,107,29590.22
124,23,1,2026-03-16,36083,519,1793.05,69,17469.17
124,23,1,2026-03-21,40912,3025,5767.74,378,22327.4
124,23,1,2026-03-22,17582,716,2926.61,8,817.09
124,23,1,2026-03-31,20519,1161,2123.77,39,3273.14
124,23,1,2026-04-04,22273,957,575.53,95,13619.26
124,23,1,2026-04-06,13406,709,3283.02,44,16808.35
124,23,1,2026-04-07,33494,1584,4346.17,233,23310.05
124,23,1,2026-04-10,39287,3064,4821.63,400,44455.12
124,23,1,2026-04-14,10607,162,437.65,8,2394.22
124,23,1,2026-04-18,18455,607,2459.94,23,1174.39
124,23,1,2026-04-24,27333,414,2010.92,45,4600.54
124,23,1,2026-04-27,15579,935,2686.58,105,8650.75
124,23,1,2026-04-28,38811,654,1140.54,49,13943.31
124,23,1,2026-04-29,17812,691,2300.36,59,23411.93
124,23,1,2026-05-01,41714,1367,4777.31,21,3081.66
124,23,1,2026-05-16,34027,2652,10083.99,93,13550.1
124,23,1,2026-05-18,24296,1921,5782.06,241,72878.94
124,23,1,2026-05-24,13884,962,2513.15,96,19072.01
124,23,1,2026-05-27,29495,1237,1824.34,164,27821.08
124,23,1,2026-06-01,46157,1236,711.23,89,25233.49
124,23,1,2026-06-04,29527,1979,5854.2,170,67899.31
124,23,1,2026-06-07,38118,1735,6556.95,200,64843.55
124,23,1,2026-06-09,44228,1993,1569.85,101,38912.13
124,23,1,2026-06-12,1982,48,133.24,4,261.93
124,23,1,2026-06-13,3451,222,718.59,7,2196.91
124,23,1,2026-06-23,26331,293,270.44,11,2060.14
124,23,1,2026-07-01,14305,149,468.07,9,2925.18
124,23,1,2026-07-14,44609,3124,13297.88,322,23149.59
124,23,1,2026-07-16,49802,1609,5315.13,123,12483.09
124,23,1,2026-07-21,25863,2005,2771.78,222,54397.89
124,23,1,2026-07-24,24583,435,1098.82,19,2874.42
124,23,1,2026-08-01,24783,970,2796.18,111,10365.53
124,23,1,2026-08-10,43628,1371,4550.56,16,3701.66
124,23,1,2026-08-12,15546,572,589.58,55,10480.16
124,23,1,2026-08-14,30560,2349,3121.83,316,77862.79
125,23,2,2025-08-28,32432,1543,4022.84,25,8661.96
125,23,2,2025-08-31,12924,185,695.41,19,2843.04
125,23,2,2025-09-09,8465,381,995.6,8,3031.68
125,23,2,2025-09-10,15813,629,1508.01,21,6104.4
125,23,2,2025-09-12,7471,212,208.57,4,1163.45
125,23,2,2025-09-18,39173,2815,5834.68,290,50738.96
125,23,2,2025-09-25,6375,386,866.35,54,4827.47
125,23,2,2025-09-29,31428,2080,6046.3,161,21102.69
125,23,2,2025-10-06,44835,936,3278.91,117,40793.62
125,23,2,2025-10-09,3692,175,91.33,5,1621.0
125,23,2,2025-10-10,22928,1143,661.75,49,11341.09
125,23,2,2025-10-11,11570,145,349.04,15,1618.7
125,23,2,2025-10-18,17172,742,449.47,29,2857.48
125,23,2,2025-10-22,41720,2392,1339.81,219,23287.12
125,23,2,2025-11-11,4481,71,251.68,7,2335.7
125,23,2,2025-11-12,42622,555,2419.32,33,5493.14
125,23,2,2025-11-13,16837,1202,5657.29,141,12272.89
125,23,2,2025-11-14,49460,3408,16849.99,95,30932.67
125,23,2,2025-11-15,6800,372,615.93,19,4931.25
125,23,2,2025-11-18,5305,181,483.27,26,4926.9
125,23,2,2025-11-19,28508,722,2026.68,77,19725.79
125,23,2,2025-11-24,47144,505,2413.48,10,3256.96
125,23,2,2025-11-25,1733,95,112.7,10,3248.33
125,23,2,2025-12-01,44612,1233,6038.81,110,16615.9
125,23,2,2025-12-18,16244,721,1015.71,58,10445.65
125,23,2,2025-12-20,20631,439,1226.55,27,8361.85
125,23,2,2025-12-21,42876,1554,4131.15,124,7749.43
125,23,2,2025-12-23,7293,550,1105.64,37,13919.89
125,23,2,2025-12-30,34732,2014,7059.32,243,30644.21
125,23,2,2026-01-02,6545,365,581.57,24,9040.07
125,23,2,2026-01-03,34554,2482,10664.32,156,16155.38
125,23,2,2026-01-07,15834,188,897.35,8,1337.69
125,23,2,2026-01-08,21911,1144,2551.59,29,9111.42
125,23,2,2026-01-12,25947,1236,2011.69,52,9659.07
125,23,2,2026-01-15,44133,2214,8652.31,31,7462.43
125,23,2,2026-01-16,22201,303,755.41,11,2202.66
125,23,2,2026-01-20,37151,2086,8465.27,31,3718.78
125,23,2,2026-01-21,49742,825,1549.55,94,17659.85
125,23,2,2026-01-22,40296,659,2035.14,62,18940.04
125,23,2,2026-01-23,36519,1499,4301.72,28,9397.15
125,23,2,2026-01-24,46498,3018,14819.88,77,9610.34
125,23,2,2026-01-25,18043,546,1330.82,25,6338.21
125,23,2,2026-01-28,25912,1831,7818.62,211,37664.43
125,23,2,2026-02-01,18947,1507,6983.78,104,13799.16
125,23,2,2026-02-06,1197,18,38.12,0,0.0
125,23,2,2026-02-10,27871,2028,2884.63,300,61494.6
125,23,2,2026-02-14,27369,566,1054.67,45,6975.35
125,23,2,2026-02-24,7043,277,719.44,30,2803.37
125,23,2,2026-02-25,11120,484,1520.8,53,20151.48
125,23,2,2026-02-26,31373,778,3706.89,90,28141.63
125,23,2,2026-03-05,28836,2004,2148.93,167,58454.77
125,23,2,2026-03-11,6728,504,1144.66,72,19829.49
125,23,2,2026-03-15,5236,177,282.13,17,929.36
125,23,2,2026-03-19,17196,302,204.37,39,12810.93
125,23,2,2026-03-24,42765,1279,3205.71,99,14927.22
125,23,2,2026-03-26,18443,1143,3033.52,27,7676.13
125,23,2,2026-03-27,21706,839,498.05,109,13453.38
125,23,2,2026-03-28,26551,441,908.97,55,7642.87
125,23,2,2026-03-29,46595,1220,3964.74,16,4034.05
125,23,2,2026-03-31,7862,296,1329.97,15,5286.95
125,23,2,2026-04-06,15744,165,244.87,21,1127.11
125,23,2,2026-04-10,44772,502,2351.6,7,2768.24
125,23,2,2026-04-14,49353,1169,4013.87,39,12350.52
125,23,2,2026-04-17,28073,1884,6596.09,150,37167.55
125,23,2,2026-04-22,43098,1985,2426.06,98,8339.15
125,23,2,2026-04-26,26280,626,2006.73,69,17247.71
125,23,2,2026-04-27,34772,776,3284.46,91,30890.96
125,23,2,2026-04-29,29251,411,1187.7,48,10100.61
125,23,2,2026-05-01,11337,787,2312.82,26,8844.22
125,23,2,2026-05-10,18564,743,3459.19,22,1296.35
125,23,2,2026-05-13,15851,718,2087.9,69,22687.12
125,23,2,2026-05-14,28630,1565,4701.26,210,12161.23
125,23,2,2026-05-15,10944,142,136.12,13,3842.96
125,23,2,2026-05-17,48614,853,3440.83,98,38118.63
125,23,2,2026-05-21,49277,912,457.0,97,37364.43
125,23,2,2026-05-22,43795,3067,6627.13,294,70809.52
125,23,2,2026-05-25,29160,2220,3879.73,156,22736.92
125,23,2,2026-05-28,48451,1861,2625.44,78,16729.79
125,23,2,2026-05-30,3920,310,580.58,11,656.02
125,23,2,2026-05-31,29206,934,812.41,108,14514.28
125,23,2,2026-06-01,49386,553,1753.22,32,7276.61
125,23,2,2026-06-03,16471,563,1829.87,80,22262.62
125,23,2,2026-06-04,27534,1400,6666.27,66,19961.81
125,23,2,2026-06-08,1467,87,430.66,11,690.15
125,23,2,2026-06-09,19111,619,601.17,72,10966.43
125,23,2,2026-06-13,5816,283,711.02,33,9297.2
125,23,2,2026-06-15,41782,2775,6145.42,328,88282.03
125,23,2,2026-06-16,7420,428,1448.72,56,3961.48
125,23,2,2026-06-24,27411,277,186.99,40,8638.07
125,23,2,2026-06-25,44335,2720,5715.01,192,34105.22
125,23,2,2026-06-26,2290,86,93.1,8,2330.18
125,23,2,2026-06-28,1369,16,24.19,1,128.2
125,23,2,2026-06-29,8300,251,849.69,29,7189.47
125,23,2,2026-07-02,17733,178,601.2,19,3104.69
125,23,2,2026-07-03,25146,359,948.73,30,6779.07
125,23,2,2026-07-05,24107,1562,1541.99,182,37101.02
125,23,2,2026-07-06,22849,1624,5787.95,229,28691.44
125,23,2,2026-07-07,9978,591,1768.11,44,12266.28
125,23,2,2026-07-09,34914,1130,2790.55,146,32473.07
125,23,2,2026-07-10,26069,330,178.52,20,4711.49
125,23,2,2026-07-12,11418,815,483.06,47,5603.12
125,23,2,2026-07-19,38629,1875,5951.11,140,20743.58
125,23,2,2026-07-21,24951,1691,1893.79,48,17312.12
125,23,2,2026-07-29,20225,491,277.79,21,1325.98
125,23,2,2026-07-30,19884,770,1531.9,42,4451.64
125,23,2,2026-08-08,40983,1010,2667.02,22,5945.17
125,23,2,2026-08-17,39556,1610,7129.6,52,9232.92
126,23,3,2025-08-24,15286,282,467.41,39,14970.2
126,23,3,2025-08-25,16794,595,2949.91,40,14500.37
126,23,3,2025-08-26,7440,486,1642.17,41,3168.29
126,23,3,2025-08-27,49772,3689,6785.4,61,19833.51
126,23,3,2025-08-31,18417,868,3140.17,45,7801.38
126,23,3,2025-09-02,3120,219,918.05,7,875.34
126,23,3,2025-09-15,17264,1375,6563.02,144,30574.09
126,23,3,2025-09-16,47233,2236,5119.92,279,61361.76
126,23,3,2025-09-19,47294,1015,4387.97,84,26761.08
126,23,3,2025-09-25,19732,438,1683.1,45,17337.27
126,23,3,2025-09-26,15693,345,755.29,19,1884.82
126,23,3,2025-10-02,29640,1062,4781.87,108,34756.93
126,23,3,2025-10-07,3117,216,665.72,25,1835.37
126,23,3,2025-10-08,17317,418,414.15,27,5383.57
126,23,3,2025-10-10,37072,1278,3059.31,35,9890.96
126,23,3,2025-10-13,11604,914,3041.27,77,8546.85
126,23,3,2025-10-14,23727,256,763.63,13,2257.65
126,23,3,2025-10-17,35242,432,950.45,58,12869.08
126,23,3,2025-10-30,26892,824,3548.87,82,15569.46
126,23,3,2025-11-01,13860,941,2328.99,13,2129.57
126,23,3,2025-11-07,20281,962,1050.6,45,2559.19
126,23,3,2025-11-17,29218,1402,6860.22,82,21178.53
126,23,3,2025-11-19,31064,2235,5297.95,174,34931.9
126,23,3,2025-11-20,30842,1469,6074.88,203,28106.9
126,23,3,2025-11-27,27846,474,809.0,55,18499.03
126,23,3,2025-11-29,43284,2184,6644.03,178,27775.09
126,23,3,2025-11-30,39034,2763,6800.6,95,25381.75
126,23,3,2025-12-01,30440,2374,7527.84,308,108670.18
126,23,3,2025-12-02,19939,744,396.11,49,7319.02
126,23,3,2025-12-12,29439,1528,3516.26,146,23145.64
126,23,3,2025-12-23,4594,337,771.49,6,2385.38
126,23,3,2025-12-24,4226,221,346.33,4,981.05
126,23,3,2025-12-25,27609,672,1430.95,88,6912.56
126,23,3,2025-12-26,13960,458,581.93,29,1596.1
126,23,3,2025-12-28,29067,1681,3316.25,133,8547.76
126,23,3,2025-12-29,29722,515,896.26,5,1210.46
126,23,3,2026-01-03,20700,1155,2175.06,50,10866.68
126,23,3,2026-01-05,17030,339,532.56,34,7519.26
126,23,3,2026-01-11,37961,1787,6396.51,108,35041.96
126,23,3,2026-01-12,37531,2664,9560.72,148,20470.67
126,23,3,2026-01-15,39998,1447,6762.76,85,24396.39
126,23,3,2026-01-18,31238,636,2748.01,36,8001.66
126,23,3,2026-01-21,5547,92,459.55,4,1183.92
126,23,3,2026-01-22,32061,991,3982.8,136,15582.68
126,23,3,2026-01-31,27549,2180,5477.21,80,12063.2
126,23,3,2026-02-02,21837,1128,3093.65,42,12095.42
126,23,3,2026-02-03,12215,793,3132.91,113,28861.85
126,23,3,2026-02-11,36906,1625,7066.07,101,27310.79
126,23,3,2026-02-12,31533,2115,8976.99,24,5308.07
126,23,3,2026-02-13,47383,2461,5025.82,80,9457.71
126,23,3,2026-02-14,13634,175,124.75,22,7988.86
126,23,3,2026-02-19,31030,1006,3168.54,96,12103.24
126,23,3,2026-02-21,4073,53,67.03,3,790.03
126,23,3,2026-02-22,13377,166,329.54,20,6162.77
126,23,3,2026-02-26,7093,93,253.3,5,890.03
126,23,3,2026-02-27,49287,2221,3613.25,147,56917.35
126,23,3,2026-02-28,37829,1573,3763.14,110,32250.06
126,23,3,2026-03-05,18279,1053,2319.4,123,24602.01
126,23,3,2026-03-13,49338,703,2951.92,71,19176.94
126,23,3,2026-03-14,19371,1458,3622.52,177,51998.24
126,23,3,2026-03-16,33310,1510,5527.25,119,46993.94
126,23,3,2026-03-18,49626,1165,1083.77,43,9536.39
126,23,3,2026-03-30,36845,784,2263.02,28,10023.85
126,23,3,2026-03-31,37760,2961,3686.84,382,96885.21
126,23,3,2026-04-05,25254,577,2806.9,55,16894.66
126,23,3,2026-04-08,9159,672,793.93,29,6849.94
126,23,3,2026-04-09,36354,875,3539.33,52,9424.41
126,23,3,2026-04-11,14301,727,1386.99,66,9636.07
126,23,3,2026-04-13,46268,1882,4162.7,57,18199.55
126,23,3,2026-04-15,8708,180,544.5,21,7074.4
126,23,3,2026-04-16,15312,202,449.63,2,280.25
126,23,3,2026-04-17,20933,1063,2259.55,52,4680.06
126,23,3,2026-04-19,25221,2003,1867.03,121,41923.84
126,23,3,2026-04-20,40398,475,2286.58,11,1472.39
126,23,3,2026-04-28,28315,378,1575.89,20,2477.14
126,23,3,2026-05-08,3072,72,87.54,7,2526.24
126,23,3,2026-05-13,27277,603,2094.6,17,4275.75
126,23,3,2026-05-14,43827,3190,6970.14,314,67992.4
126,23,3,2026-05-17,40799,549,834.35,27,7048.43
126,23,3,2026-05-26,27299,1148,3989.68,16,3940.51
126,23,3,2026-05-30,39065,3105,1803.16,78,13733.86
126,23,3,2026-06-04,46246,974,1329.18,41,13964.37
126,23,3,2026-06-19,44113,2649,8214.06,31,7477.39
126,23,3,2026-06-21,34544,2234,10982.45,151,12638.54
126,23,3,2026-06-23,27165,1091,558.18,79,30979.5
126,23,3,2026-06-27,48682,1328,4895.3,39,2607.32
126,23,3,2026-07-02,41293,2658,6502.21,138,32623.3
126,23,3,2026-07-04,45030,1017,1802.2,10,2335.07
126,23,3,2026-07-08,4026,84,400.79,0,0.0
126,23,3,2026-07-10,32124,2053,2767.84,257,79279.01
126,23,3,2026-07-11,35575,2064,9852.4,30,4104.04
126,23,3,2026-07-21,34107,685,2589.15,59,4574.48
126,23,3,2026-07-22,25713,1153,1582.22,57,9074.96
126,23,3,2026-07-23,11985,383,246.3,15,2101.04
126,23,3,2026-07-24,41819,559,1121.31,25,9005.56
126,23,3,2026-08-02,45268,2478,8152.93,356,29547.85
126,23,3,2026-08-05,36369,1194,3184.81,87,9401.44
126,23,3,2026-08-06,16057,311,215.57,15,3903.06
126,23,3,2026-08-10,46892,2883,11581.6,342,77512.18
126,23,3,2026-08-14,32762,1197,2559.84,116,18257.28
126,23,3,2026-08-16,2895,201,417.03,3,516.54
127,20,1,2025-08-19,10505,512,1947.16,63,6136.14
127,20,1,2025-08-23,15964,1096,4043.3,103,38699.11
127,20,1,2025-08-29,21725,1098,1747.72,158,34864.26
127,20,1,2025-08-30,27516,558,2444.77,49,3202.96
127,20,1,2025-08-31,20957,664,3093.87,67,7223.35
127,20,1,2025-09-01,45172,3305,10058.47,54,15479.37
127,20,1,2025-09-02,33337,1178,4922.45,175,66950.32
127,20,1,2025-09-03,8012,462,2117.77,28,3717.25
127,20,1,2025-09-08,10672,289,989.04,22,6751.5
127,20,1,2025-09-09,33591,1476,1114.9,165,24537.99
127,20,1,2025-09-15,49844,2308,2388.61,244,38174.1
127,20,1,2025-09-18,47552,1907,2532.31,61,19881.1
127,20,1,2025-09-23,18968,317,1344.54,27,5433.04
127,20,1,2025-09-26,36379,1820,8876.92,175,40973.46
127,20,1,2025-09-27,40572,762,3123.54,43,3564.17
127,20,1,2025-10-13,17350,880,3343.58,67,4685.64
127,20,1,2025-10-15,20287,1373,6319.54,133,17271.73
127,20,1,2025-10-17,39812,2118,1956.64,161,46280.76
127,20,1,2025-10-18,43976,685,1474.8,79,13370.42
127,20,1,2025-10-21,44907,2093,9779.42,136,10477.42
127,20,1,2025-10-24,13736,236,859.08,4,733.86
127,20,1,2025-11-02,46940,2854,3613.73,95,26570.29
127,20,1,2025-11-10,12242,561,1489.75,59,12870.27
127,20,1,2025-11-14,5667,168,483.1,16,4006.66
127,20,1,2025-11-19,24971,352,827.85,17,4132.61
127,20,1,2025-11-20,34052,2683,4921.85,336,123585.92
127,20,1,2025-11-22,31062,1718,7290.44,161,20955.2
127,20,1,2025-11-27,10365,338,208.39,47,7805.3
127,20,1,2025-11-28,1948,28,96.21,2,791.47
127,20,1,2025-11-29,7179,368,1292.77,28,3789.85
127,20,1,2025-12-04,14522,522,1464.97,55,8223.54
127,20,1,2025-12-08,42097,1491,7014.04,199,38845.79
127,20,1,2025-12-16,29298,1022,4180.64,65,8150.72
127,20,1,2025-12-25,8907,339,245.22,29,1678.01
127,20,1,2025-12-27,10603,168,169.01,12,2411.36
127,20,1,2026-01-06,5394,371,850.16,20,5926.05
127,20,1,2026-01-09,6005,128,217.56,12,2952.3
127,20,1,2026-01-12,23039,663,2073.57,60,10122.57
127,20,1,2026-01-16,20450,718,3127.44,46,5276.8
127,20,1,2026-01-25,31368,2183,1755.43,265,48162.77
127,20,1,2026-01-31,49367,3209,8546.93,103,38839.6
127,20,1,2026-02-01,6620,412,1548.81,30,3707.15
127,20,1,2026-02-07,36817,2853,7168.65,276,108929.1
127,20,1,2026-02-12,23573,1492,5136.4,180,56063.17
127,20,1,2026-02-14,35461,2308,10045.71,185,73167.82
127,20,1,2026-02-20,2516,66,296.03,9,1186.34
127,20,1,2026-02-23,48808,2552,9724.17,302,35993.73
127,20,1,2026-02-26,47068,3358,16125.02,372,47180.36
127,20,1,2026-03-05,7000,233,306.04,17,3378.16
127,20,1,2026-03-08,40152,2490,7518.15,307,90916.46
127,20,1,2026-03-10,36327,1251,5333.75,130,13626.96
127,20,1,2026-03-12,7901,215,268.45,7,813.4
127,20,1,2026-03-13,38529,1851,6730.71,34,8099.55
127,20,1,2026-03-25,37152,437,1154.81,39,5822.32
127,20,1,2026-03-26,48484,2884,4279.02,189,10495.94
127,20,1,2026-03-27,35575,2096,2019.34,241,83494.9
127,20,1,2026-04-04,16183,954,4673.31,127,46637.54
127,20,1,2026-04-07,33715,2062,7376.3,237,82675.88
127,20,1,2026-04-08,29830,337,1571.7,10,1602.94
127,20,1,2026-04-09,19461,827,3769.77,29,2967.86
127,20,1,2026-04-15,34169,1511,1627.65,123,17648.94
127,20,1,2026-04-24,4643,235,686.09,15,4340.03
127,20,1,2026-04-27,9813,626,1884.56,70,22827.69
127,20,1,2026-05-08,48715,1406,2277.49,189,43125.18
127,20,1,2026-05-10,6517,326,1114.81,3,1026.21
127,20,1,2026-05-13,2002,79,96.03,7,721.97
127,20,1,2026-05-20,20107,1252,5822.89,36,4365.95
127,20,1,2026-05-24,5873,349,294.0,5,1161.02
127,20,1,2026-05-28,8991,449,1427.67,18,2944.62
127,20,1,2026-05-29,17523,734,1245.34,11,1963.81
127,20,1,2026-05-30,33449,1586,2787.42,149,44501.55
127,20,1,2026-06-01,17367,869,2749.24,20,4081.09
127,20,1,2026-06-03,47492,2469,8955.76,94,24155.24
127,20,1,2026-06-05,14803,954,1769.65,27,7408.56
127,20,1,2026-06-07,45864,2617,3560.25,44,9787.35
127,20,1,2026-06-13,17984,179,380.42,11,590.64
127,20,1,2026-06-14,31283,551,861.24,16,3676.61
127,20,1,2026-06-16,43475,1509,4085.64,71,25013.51
127,20,1,2026-06-18,22306,889,4059.96,112,14638.13
127,20,1,2026-06-20,9243,142,133.73,8,2993.68
127,20,1,2026-06-23,6786,309,480.17,18,3207.67
127,20,1,2026-07-06,28635,1047,1775.17,130,25190.68
127,20,1,2026-07-15,4087,188,184.17,11,4121.19
127,20,1,2026-07-16,19269,197,219.77,9,584.22
127,20,1,2026-07-17,44357,859,1435.52,87,29757.51
127,20,1,2026-07-19,44961,3320,8041.59,238,19024.98
127,20,1,2026-07-24,25157,1500,2635.47,172,10387.78
127,20,1,2026-07-26,22773,1649,4298.37,167,30309.93
127,20,1,2026-07-28,24780,1681,4893.99,25,3218.73
127,20,1,2026-07-29,42436,2560,6539.77,206,73123.57
127,20,1,2026-07-30,30988,803,1352.2,25,8015.79
127,20,1,2026-08-04,12710,553,1735.36,17,4263.49
127,20,1,2026-08-05,47370,2225,5300.5,309,62499.48
127,20,1,2026-08-07,21072,956,2278.61,90,28325.34
127,20,1,2026-08-08,15540,371,196.55,33,2434.25
127,20,1,2026-08-16,40719,1142,2213.52,29,10129.3
128,20,2,2025-08-20,4055,137,537.55,3,704.75
128,20,2,2025-08-22,22498,1215,4233.32,33,12491.23
128,20,2,2025-08-23,36773,2669,13252.8,237,54280.76
128,20,2,2025-08-25,2478,114,230.39,6,619.62
128,20,2,2025-08-29,43463,2495,1947.41,210,62997.72
128,20,2,2025-08-30,24303,1201,3509.7,41,9891.33
128,20,2,2025-09-01,19952,386,1578.17,21,3807.31
128,20,2,2025-09-02,19310,764,1497.94,102,6494.79
128,20,2,2025-09-03,30345,1765,5955.85,212,57961.34
128,20,2,2025-09-08,12177,681,3005.06,38,7139.78
128,20,2,2025-09-09,49699,3140,14216.84,32,1925.03
128,20,2,2025-09-13,13364,143,292.92,15,2482.99
128,20,2,2025-09-14,14705,702,2342.81,46,15388.3
128,20,2,2025-09-15,20915,1296,6155.21,166,51821.52
128,20,2,2025-09-16,10705,768,2716.07,23,7466.22
128,20,2,2025-09-17,14339,348,1580.13,23,8627.24
128,20,2,2025-09-21,14124,655,664.35,71,25788.37
128,20,2,2025-09-24,49116,2935,1918.55,31,8858.42
128,20,2,2025-09-25,36126,970,1539.04,140,21407.16
128,20,2,2025-09-27,37684,2238,1962.65,227,79277.04
128,20,2,2025-09-30,39256,1873,6538.6,139,11543.46
128,20,2,2025-10-03,41357,448,1741.66,5,1671.39
128,20,2,2025-10-05,19600,1450,4734.45,153,37454.32
128,20,2,2025-10-12,2714,119,533.67,7,500.56
128,20,2,2025-10-22,35394,2787,9173.34,176,30044.72
128,20,2,2025-10-25,26919,871,2971.27,102,29568.69
128,20,2,2025-10-30,15134,889,3793.89,121,16421.93
128,20,2,2025-11-06,31871,349,1498.84,35,4235.68
128,20,2,2025-11-07,41649,2289,3644.93,338,45416.88
128,20,2,2025-11-08,11239,792,3264.39,112,9946.62
128,20,2,2025-11-14,46001,484,398.56,7,1609.45
128,20,2,2025-11-15,26343,806,2877.47,101,33345.01
128,20,2,2025-11-22,28383,2042,4750.61,289,62834.2
128,20,2,2025-11-25,46367,1182,2795.44,24,3209.74
128,20,2,2025-11-26,42565,932,2753.1,10,2886.77
128,20,2,2025-11-28,33642,831,1865.42,122,40677.32
128,20,2,2025-11-29,41006,3059,6328.46,204,40289.06
128,20,2,2025-11-30,30005,326,892.57,28,3492.46
128,20,2,2025-12-09,47260,2787,4856.79,140,31429.85
128,20,2,2025-12-14,29628,1647,2014.16,132,32670.92
128,20,2,2025-12-17,41859,1784,1499.59,54,20851.31
128,20,2,2025-12-20,44071,3232,6196.75,443,90152.62
128,20,2,2025-12-22,49966,1416,4423.04,154,25068.44
128,20,2,2025-12-24,27582,1341,1273.73,34,10496.27
128,20,2,2025-12-31,33583,728,2504.96,39,5470.63
128,20,2,2026-01-01,5119,187,187.34,10,1351.61
128,20,2,2026-01-05,19915,928,4093.74,107,5822.67
128,20,2,2026-01-07,21635,1211,4019.22,68,24531.6
128,20,2,2026-01-21,9201,443,1659.82,40,14255.83
128,20,2,2026-01-23,46782,1891,9343.75,201,37780.63
128,20,2,2026-01-25,13817,472,985.72,50,17055.58
128,20,2,2026-02-01,15135,484,1121.15,41,10193.76
128,20,2,2026-02-02,40133,2380,4921.86,71,24462.93
128,20,2,2026-02-04,29569,1460,6829.2,146,21132.25
128,20,2,2026-02-12,16423,868,557.86,86,13388.12
128,20,2,2026-02-13,16935,368,491.43,13,3867.43
128,20,2,2026-02-14,8119,412,1758.23,38,7022.05
128,20,2,2026-02-18,19127,1057,3687.3,147,36396.08
128,20,2,2026-02-21,34644,2100,3363.36,306,101367.02
128,20,2,2026-03-02,29632,1474,4876.42,89,26073.93
128,20,2,2026-03-05,4385,71,219.23,1,201.62
128,20,2,2026-03-09,49921,516,726.91,40,7025.58
128,20,2,2026-03-20,19100,341,1607.53,18,3827.18
128,20,2,2026-03-25,25333,1120,2005.62,50,17618.48
128,20,2,2026-04-08,31781,714,1787.76,80,8613.25
128,20,2,2026-04-14,43131,2697,13264.53,176,29326.94
128,20,2,2026-04-17,46802,1687,7613.07,45,3454.4
128,20,2,2026-04-26,44765,3207,3149.98,285,100389.87
128,20,2,2026-04-30,16129,799,1081.53,57,3287.39
128,20,2,2026-05-02,16206,889,2952.46,41,9286.29
128,20,2,2026-05-07,1312,65,263.42,8,529.86
128,20,2,2026-05-10,25769,262,1271.35,30,6298.48
128,20,2,2026-05-11,7688,347,781.44,38,9699.41
128,20,2,2026-05-15,15281,842,828.65,123,14382.35
128,20,2,2026-05-16,28701,682,3388.2,86,21344.34
128,20,2,2026-05-23,40332,2019,9047.93,100,14582.29
128,20,2,2026-05-26,20451,1291,1537.13,150,26112.13
128,20,2,2026-05-28,16385,388,579.31,37,8891.55
128,20,2,2026-06-06,40738,2713,4515.62,153,60514.2
128,20,2,2026-06-07,49073,1023,2244.51,135,13370.49
128,20,2,2026-06-12,11096,161,382.77,4,201.01
128,20,2,2026-06-13,35810,2175,8356.12,253,98966.56
128,20,2,2026-06-21,14025,1080,2165.29,31,4652.76
128,20,2,2026-06-22,36084,1991,1759.39,121,7674.21
128,20,2,2026-06-30,43972,2888,2781.39,202,38081.93
128,20,2,2026-07-02,10361,607,1732.43,16,2956.63
128,20,2,2026-07-05,45859,1246,629.86,139,40352.08
128,20,2,2026-07-07,13961,250,965.04,28,8150.55
128,20,2,2026-07-13,30162,2253,7815.9,63,14615.4
128,20,2,2026-07-29,7057,195,195.72,26,6851.77
128,20,2,2026-08-05,1618,71,230.7,8,783.82
128,20,2,2026-08-08,33050,2171,4575.9,279,76806.54
128,20,2,2026-08-11,34567,504,1785.49,62,11644.37
128,20,2,2026-08-12,32484,714,2888.66,78,9235.85
128,20,2,2026-08-14,21479,631,1596.81,32,8982.32
128,20,2,2026-08-16,16543,1128,2385.08,144,23069.82
129,20,3,2025-08-18,22906,1144,4427.91,158,56761.18
129,20,3,2025-08-19,4193,187,287.47,4,830.27
129,20,3,2025-09-04,23312,1378,6479.33,189,70307.44
129,20,3,2025-09-12,4649,191,720.5,5,996.09
129,20,3,2025-09-13,6459,440,581.73,6,2295.41
129,20,3,2025-10-03,1517,39,84.64,2,116.33
129,20,3,2025-10-05,30951,557,2596.42,45,2929.09
129,20,3,2025-10-08,30315,468,571.61,12,4389.89
129,20,3,2025-10-11,43035,1737,7537.47,215,11278.4
129,20,3,2025-10-16,45100,2273,9175.22,246,80796.3
129,20,3,2025-10-28,26034,1380,4292.33,14,5297.81
129,20,3,2025-11-10,49405,3451,6689.02,92,24660.31
129,20,3,2025-11-13,27458,420,1333.09,19,3838.64
129,20,3,2025-11-14,12612,743,2926.9,91,5136.01
129,20,3,2025-11-16,20265,359,1607.14,19,3370.87
129,20,3,2025-11-18,12218,319,1369.99,30,3435.65
129,20,3,2025-11-21,40703,677,2423.3,21,2341.47
129,20,3,2025-12-07,33442,2672,12094.75,142,31010.66
129,20,3,2025-12-09,9858,772,1609.7,48,5637.59
129,20,3,2025-12-15,4146,263,1147.4,37,3223.93
129,20,3,2025-12-16,34747,690,3111.17,15,5642.99
129,20,3,2025-12-18,21368,554,998.49,14,2955.75
129,20,3,2025-12-27,19665,888,2761.24,128,46873.23
129,20,3,2026-01-03,9211,198,778.44,5,1524.8
129,20,3,2026-01-04,7411,156,383.81,20,6173.13
129,20,3,2026-01-09,6803,496,1963.58,7,818.96
129,20,3,2026-01-11,7299,341,334.09,10,1235.33
129,20,3,2026-01-15,37480,2579,2601.54,342,96316.93
129,20,3,2026-01-31,21918,418,932.94,58,4087.1
129,20,3,2026-02-09,18124,1381,1742.4,94,14302.87
129,20,3,2026-02-14,6652,264,953.48,12,1284.56
129,20,3,2026-02-15,24541,872,2649.79,47,15756.69
129,20,3,2026-02-16,29466,676,1106.82,76,10036.21
129,20,3,2026-02-20,18636,482,1279.9,5,1925.02
129,20,3,2026-02-25,27359,731,1921.06,43,8699.19
129,20,3,2026-03-02,31846,612,2821.09,73,14284.33
129,20,3,2026-03-03,23647,1838,2241.35,137,39731.57
129,20,3,2026-03-08,37039,1578,3299.95,156,15696.61
129,20,3,2026-03-09,27117,1738,4497.64,167,29294.18
129,20,3,2026-03-19,47121,701,1336.99,97,23875.01
129,20,3,2026-03-20,9550,528,309.79,41,16318.48
129,20,3,2026-03-22,24807,402,805.91,4,1310.57
129,20,3,2026-03-23,22122,551,528.67,36,3115.56
129,20,3,2026-03-24,35316,2122,4723.29,142,34202.77
129,20,3,2026-03-31,33777,1062,2392.19,76,5915.66
129,20,3,2026-04-01,12564,987,2766.47,113,44275.46
129,20,3,2026-04-04,11997,667,2176.55,22,3887.95
129,20,3,2026-04-16,4962,318,298.42,24,8669.13
129,20,3,2026-04-21,34648,2304,6353.03,273,102523.35
129,20,3,2026-04-22,28972,2248,1854.9,34,2673.65
129,20,3,2026-04-23,49495,1906,7912.21,123,11599.63
129,20,3,2026-04-24,29790,2244,1511.5,197,34895.42
129,20,3,2026-04-27,47844,3338,1829.3,273,97442.7
129,20,3,2026-04-29,47176,2611,11502.69,340,63343.71
129,20,3,2026-05-02,37799,1351,6557.61,122,35583.46
129,20,3,2026-05-11,15243,765,938.22,26,6634.72
129,20,3,2026-06-04,41711,1620,3171.22,138,35188.39
129,20,3,2026-06-12,38923,725,2230.64,97,28092.8
129,20,3,2026-06-17,19172,518,2447.33,28,8358.54
129,20,3,2026-06-19,32789,2509,3974.77,200,43879.93
129,20,3,2026-06-20,39540,2492,4670.89,172,11086.4
129,20,3,2026-06-21,3957,141,532.0,8,2831.21
129,20,3,2026-07-03,14619,168,349.89,15,5552.81
129,20,3,2026-07-04,38054,1471,3441.38,126,16501.73
129,20,3,2026-07-05,48069,1774,5017.96,27,2367.24
129,20,3,2026-07-07,34445,2556,7907.02,358,136386.22
129,20,3,2026-07-13,38040,1207,1235.24,63,7649.3
129,20,3,2026-07-16,24560,1214,5994.28,176,43511.53
129,20,3,2026-07-17,45586,3466,15601.32,382,25039.41
129,20,3,2026-07-24,15345,904,4199.39,99,13070.2
129,20,3,2026-07-25,12427,469,264.38,66,16821.96
129,20,3,2026-07-30,24662,1202,1918.64,48,14483.99
129,20,3,2026-07-31,1464,44,199.42,3,893.79
129,20,3,2026-08-09,1563,52,184.68,3,767.07
129,20,3,2026-08-14,39349,752,2837.01,27,3892.31
129,20,3,2026-08-17,20387,1311,6197.39,38,10985.08
129,20,3,2026-08-18,24655,1784,3873.42,28,1842.43
130,44,1,2025-08-22,6363,434,287.38,19,2425.99
130,44,1,2025-08-23,6966,465,1808.62,24,2743.53
130,44,1,2025-08-26,36072,988,724.36,129,47494.65
130,44,1,2025-08-28,45684,827,1827.97,122,21821.98
130,44,1,2025-09-01,31707,978,1382.61,107,36811.14
130,44,1,2025-09-10,5171,326,363.63,42,7852.51
130,44,1,2025-09-12,8833,418,895.0,31,2415.05
130,44,1,2025-09-15,23826,669,1039.37,89,21982.25
130,44,1,2025-09-16,44685,2328,5476.39,281,14291.38
130,44,1,2025-09-21,44259,925,898.89,52,9622.85
130,44,1,2025-09-24,21160,1407,2906.55,37,7176.4
130,44,1,2025-10-01,34210,1338,1942.87,193,36094.27
130,44,1,2025-10-03,4665,104,126.76,7,1756.45
130,44,1,2025-10-04,46725,614,1441.86,18,1036.59
130,44,1,2025-10-05,20620,1429,2937.93,161,24463.8
130,44,1,2025-10-07,3574,234,675.21,13,4476.77
130,44,1,2025-10-12,4244,170,483.67,19,2984.52
130,44,1,2025-10-14,43249,2263,1208.76,225,67866.5
130,44,1,2025-10-24,35062,1847,6602.54,183,42490.25
130,44,1,2025-10-25,12133,509,1161.34,74,16166.32
130,44,1,2025-10-27,23576,1078,3133.85,98,9480.69
130,44,1,2025-11-02,24060,1491,7298.95,144,11062.82
130,44,1,2025-11-14,45084,1227,1372.56,109,30657.27
130,44,1,2025-11-15,44637,3569,2767.32,493,57059.79
130,44,1,2025-11-23,14683,1050,3645.78,130,28056.74
130,44,1,2025-11-28,17205,270,884.03,19,6260.74
130,44,1,2025-11-29,42419,3133,12446.93,40,13840.71
130,44,1,2025-12-09,44204,3459,3636.34,122,41563.74
130,44,1,2025-12-10,24789,734,987.01,66,17333.95
130,44,1,2025-12-12,43354,1398,2235.28,109,13730.09
130,44,1,2025-12-15,11900,486,823.28,22,2620.75
130,44,1,2025-12-20,32485,2218,4526.33,141,24038.53
130,44,1,2025-12-24,24496,1243,4711.7,103,28976.21
130,44,1,2026-01-02,2359,188,857.71,18,2873.37
130,44,1,2026-01-03,1990,112,113.59,2,312.12
130,44,1,2026-01-05,4205,210,803.76,5,1316.76
130,44,1,2026-01-18,22527,499,2173.8,53,12659.24
130,44,1,2026-01-21,24157,452,673.54,48,16395.59
130,44,1,2026-01-26,6681,505,2129.55,52,18899.66
130,44,1,2026-01-27,29011,1969,1376.06,32,7975.03
130,44,1,2026-01-30,31092,2035,7822.08,217,41739.34
130,44,1,2026-02-16,37337,2196,2590.21,109,21591.33
130,44,1,2026-02-18,28352,1897,2758.48,244,22298.5
130,44,1,2026-02-20,30923,2040,2082.82,203,44950.26
130,44,1,2026-02-21,43614,1717,6704.61,42,5928.28
130,44,1,2026-02-26,7031,465,1994.22,46,12581.16
130,44,1,2026-02-28,14188,442,1519.04,46,14343.05
130,44,1,2026-03-01,45346,2269,9340.55,105,10998.63
130,44,1,2026-03-05,7303,382,402.04,32,5151.47
130,44,1,2026-03-14,48534,2975,7708.43,264,84688.84
130,44,1,2026-03-27,45473,1901,9137.29,142,10353.02
130,44,1,2026-03-29,31762,318,1167.38,7,1583.28
130,44,1,2026-03-30,7917,388,313.18,11,3298.73
130,44,1,2026-04-02,23340,1471,5011.71,102,10973.5
130,44,1,2026-04-04,33547,2574,11666.63,239,29456.27
130,44,1,2026-04-07,32238,2322,5872.89,281,107460.61
130,44,1,2026-04-10,24130,1771,7053.88,228,41650.35
130,44,1,2026-04-13,36187,1583,2965.52,131,11157.82
130,44,1,2026-04-22,32779,2164,3312.18,92,6267.49
130,44,1,2026-04-30,3452,89,235.99,1,297.47
130,44,1,2026-05-03,6468,74,43.88,5,1639.34
130,44,1,2026-05-04,38517,2300,9980.81,109,5729.34
130,44,1,2026-05-05,13767,767,1188.94,19,1892.54
130,44,1,2026-05-08,12276,139,587.58,16,4482.49
130,44,1,2026-05-09,15689,334,642.52,20,3349.13
130,44,1,2026-05-10,31432,1877,2177.56,111,32979.81
130,44,1,2026-05-13,39850,2559,11145.55,114,28330.44
130,44,1,2026-05-18,38351,2781,2636.62,175,23783.7
130,44,1,2026-05-22,3480,221,657.02,28,9787.52
130,44,1,2026-05-26,37972,527,973.34,46,6233.73
130,44,1,2026-06-02,13364,891,3662.76,122,41890.69
130,44,1,2026-06-04,35256,905,2874.3,120,45672.81
130,44,1,2026-06-07,23917,1893,7302.42,283,35216.85
130,44,1,2026-06-10,12547,891,1826.49,104,21688.64
130,44,1,2026-06-15,11720,526,1200.8,13,4576.17
130,44,1,2026-06-16,3091,144,278.48,10,2865.16
130,44,1,2026-06-27,4893,334,1353.8,49,10885.39
130,44,1,2026-07-01,21297,864,2345.71,13,1452.54
130,44,1,2026-07-03,25953,1855,6141.52,161,55645.37
130,44,1,2026-07-04,1766,73,362.74,2,617.13
130,44,1,2026-07-06,1958,51,197.26,7,2449.15
130,44,1,2026-07-07,11550,710,2777.38,61,11023.88
130,44,1,2026-07-13,17085,392,1571.87,34,13029.47
130,44,1,2026-07-15,19177,1248,2478.04,70,26166.07
130,44,1,2026-07-18,16218,775,1264.32,58,17226.55
130,44,1,2026-07-20,22188,1440,5909.24,20,6244.02
130,44,1,2026-07-21,20431,1467,5781.28,171,61838.43
130,44,1,2026-07-22,43631,2852,4992.98,191,15163.57
130,44,1,2026-07-25,47391,1249,5558.77,182,35790.85
130,44,1,2026-07-31,18940,1196,3836.44,50,4393.35
130,44,1,2026-08-05,31384,1398,4411.14,176,36304.15
130,44,1,2026-08-08,11966,907,585.59,97,18510.47
130,44,1,2026-08-16,9338,388,1550.48,53,12439.88
131,44,2,2025-08-18,8831,457,2115.34,37,11555.98
131,44,2,2025-08-19,24681,935,1178.5,51,18099.97
131,44,2,2025-08-27,31163,2042,10062.68,60,13794.22
131,44,2,2025-09-06,28862,1506,5854.58,41,12994.8
131,44,2,2025-09-11,41403,3018,9530.85,257,66384.44
131,44,2,2025-09-13,21025,844,2271.22,34,6627.38
131,44,2,2025-09-19,23076,1545,5096.99,84,14047.28
131,44,2,2025-09-21,39900,2857,1793.14,359,123313.49
131,44,2,2025-09-22,4223,61,295.19,7,699.63
131,44,2,2025-10-17,42052,1464,2684.04,50,14861.88
131,44,2,2025-10-20,5932,201,299.62,24,1814.36
131,44,2,2025-10-21,20411,1415,986.4,174,39171.56
131,44,2,2025-10-23,9708,744,3397.91,16,3282.65
131,44,2,2025-10-29,5646,399,907.26,9,2958.27
131,44,2,2025-10-30,20672,764,3091.0,96,19053.13
131,44,2,2025-11-03,30191,313,598.9,11,4188.99
131,44,2,2025-11-04,3599,134,385.14,8,2230.93
131,44,2,2025-11-09,13970,734,2648.24,82,30297.28
131,44,2,2025-11-11,9098,186,636.61,14,4214.43
131,44,2,2025-11-20,15394,935,4364.4,72,9240.59
131,44,2,2025-11-24,41543,3316,6896.14,151,40787.12
131,44,2,2025-12-01,36846,608,2597.58,18,3157.14
131,44,2,2025-12-02,2251,84,57.58,12,3614.28
131,44,2,2025-12-07,31658,1246,5454.87,62,19316.62
131,44,2,2025-12-14,33900,2649,12962.48,210,20944.02
131,44,2,2025-12-16,49224,3057,1938.84,378,49533.78
131,44,2,2025-12-19,49212,1503,834.62,142,35086.17
131,44,2,2025-12-22,27085,1469,2714.94,27,9335.04
131,44,2,2025-12-26,46880,2836,12268.58,64,3525.1
131,44,2,2025-12-29,17363,1163,1175.11,70,5969.32
131,44,2,2025-12-30,22281,974,1619.69,69,26460.16
131,44,2,2026-01-11,11483,275,416.3,40,13357.91
131,44,2,2026-01-13,25429,1090,4992.58,30,2058.29
131,44,2,2026-01-17,17779,317,1473.05,5,1435.89
131,44,2,2026-01-20,48481,1298,4118.2,19,1270.28
131,44,2,2026-01-22,49133,3142,6439.9,426,64735.01
131,44,2,2026-01-27,32858,975,1150.94,85,18254.0
131,44,2,2026-02-01,26664,860,1674.95,71,13361.14
131,44,2,2026-02-15,19411,1018,1504.67,136,7319.06
131,44,2,2026-03-01,30182,853,2894.06,46,9489.54
131,44,2,2026-03-04,36537,2549,7388.66,358,113151.9
131,44,2,2026-03-10,40318,2847,13037.78,335,24958.86
131,44,2,2026-03-11,23951,994,3338.09,147,41026.91
131,44,2,2026-03-12,32361,1304,5677.95,88,14095.37
131,44,2,2026-03-13,38591,957,3443.47,58,20890.16
131,44,2,2026-03-16,30078,1487,3443.32,131,28515.02
131,44,2,2026-03-19,20981,1591,7606.31,99,27543.72
131,44,2,2026-03-25,16460,862,3405.98,47,13160.15
131,44,2,2026-03-28,32938,621,2197.41,82,30755.2
131,44,2,2026-03-30,35916,729,1552.12,95,27636.23
131,44,2,2026-04-03,15350,494,466.27,25,6210.05
131,44,2,2026-04-06,37531,853,1078.95,24,5365.91
131,44,2,2026-04-09,33335,2180,4614.67,98,23460.2
131,44,2,2026-04-28,39474,2099,8825.87,293,79391.12
131,44,2,2026-04-30,21763,347,1621.28,28,8097.88
131,44,2,2026-05-01,38599,1626,1742.14,195,42668.45
131,44,2,2026-05-09,20474,539,1499.23,40,2844.29
131,44,2,2026-05-10,17877,967,2239.86,123,8663.94
131,44,2,2026-05-12,22505,403,1919.6,15,3633.47
131,44,2,2026-05-15,28650,1377,2103.29,46,2438.87
131,44,2,2026-05-16,24013,519,1891.65,75,12419.34
131,44,2,2026-05-18,47283,1025,937.62,98,27373.44
131,44,2,2026-05-22,14526,513,1742.89,65,5795.85
131,44,2,2026-05-31,10012,799,580.7,88,10171.0
131,44,2,2026-06-04,24684,1218,4521.56,147,15201.82
131,44,2,2026-06-05,9346,373,1135.12,45,8663.35
131,44,2,2026-06-10,42769,645,2437.15,45,7234.31
131,44,2,2026-06-12,5980,93,420.58,8,1971.62
131,44,2,2026-06-15,45060,1704,1032.42,171,29385.22
131,44,2,2026-06-17,13000,448,1076.76,50,8986.64
131,44,2,2026-06-22,10697,490,1712.45,62,15130.45
131,44,2,2026-06-27,14832,623,1776.44,87,33225.39
131,44,2,2026-07-04,44878,2513,2934.42,126,34078.85
131,44,2,2026-07-05,4147,113,465.14,2,769.22
131,44,2,2026-07-07,44575,2250,5260.46,247,40198.44
131,44,2,2026-07-10,13368,254,1034.63,33,11308.15
131,44,2,2026-07-14,37990,1070,1286.35,109,21502.49
131,44,2,2026-07-19,35479,652,1399.19,38,10125.77
131,44,2,2026-07-21,7093,542,1187.92,7,2510.18
131,44,2,2026-07-22,7171,229,640.19,16,1280.11
131,44,2,2026-07-27,48215,3360,3334.68,74,7047.23
131,44,2,2026-07-29,16204,918,4181.58,120,45033.25
131,44,2,2026-07-31,32553,404,422.24,50,9455.33
131,44,2,2026-08-05,42812,963,4761.56,69,17013.94
131,44,2,2026-08-09,35628,1280,2775.88,57,6438.65
131,44,2,2026-08-11,42179,1660,3000.8,35,9795.71
131,44,2,2026-08-16,45009,3113,2611.47,198,15507.6
131,44,2,2026-08-18,45178,3011,3744.93,168,53178.96
132,44,3,2025-08-18,31599,1728,4241.13,182,25452.74
132,44,3,2025-08-19,14990,472,398.68,63,8387.94
132,44,3,2025-08-21,8870,142,488.14,13,2672.85
132,44,3,2025-08-26,30940,2270,10895.31,152,59821.17
132,44,3,2025-08-27,45881,709,2605.18,84,4940.59
132,44,3,2025-08-30,35357,2189,7348.78,249,41778.8
132,44,3,2025-09-01,2541,137,458.43,15,1668.61
132,44,3,2025-09-04,13371,1028,2927.04,137,47555.91
132,44,3,2025-09-05,27738,667,809.77,27,8847.9
132,44,3,2025-09-06,23635,452,1235.73,52,9708.84
132,44,3,2025-09-13,49547,1298,4566.9,76,24838.13
132,44,3,2025-09-19,18963,986,4357.67,36,11144.15
132,44,3,2025-09-21,35938,2656,6991.5,250,30132.72
132,44,3,2025-09-30,30298,1204,1540.87,117,18791.31
132,44,3,2025-10-02,7838,128,451.13,18,5172.52
132,44,3,2025-10-09,5747,214,276.05,4,1337.91
132,44,3,2025-10-13,48450,1084,4275.91,145,16329.36
132,44,3,2025-10-14,33542,904,2152.23,25,7321.09
132,44,3,2025-10-17,1893,138,680.67,3,1144.97
132,44,3,2025-10-19,15209,734,3627.36,57,18311.7
132,44,3,2025-10-24,8256,607,555.78,90,22596.03
132,44,3,2025-10-28,19446,250,969.19,12,2910.87
132,44,3,2025-10-31,22482,1637,4329.6,116,28405.63
132,44,3,2025-11-03,28673,374,1434.87,25,1373.08
132,44,3,2025-11-05,29170,2224,1877.5,236,44395.77
132,44,3,2025-11-15,8905,660,1327.23,14,1116.75
132,44,3,2025-11-19,38141,2453,9633.88,199,16560.57
132,44,3,2025-11-21,26594,944,1444.75,24,8017.62
132,44,3,2025-11-24,10669,263,900.78,18,2835.62
132,44,3,2025-11-25,34354,1351,938.15,106,19192.59
132,44,3,2025-12-08,29187,1907,2847.45,60,11366.3
132,44,3,2025-12-10,10047,154,231.91,22,5410.61
132,44,3,2025-12-15,6748,512,1220.76,20,6700.13
132,44,3,2025-12-19,32409,2173,8731.32,130,28828.11
132,44,3,2025-12-21,12908,384,1302.43,10,2175.69
132,44,3,2025-12-25,10255,111,289.35,5,629.58
132,44,3,2025-12-29,7591,209,388.73,12,1002.86
132,44,3,2025-12-30,13602,677,1632.55,8,3112.04
132,44,3,2026-01-02,23743,1454,2821.45,108,23541.93
132,44,3,2026-01-08,12805,614,1903.31,53,5704.95
132,44,3,2026-01-10,18402,456,1259.75,52,3240.42
132,44,3,2026-01-16,33680,755,1027.53,91,7829.05
132,44,3,2026-01-21,47006,1392,6109.05,25,6001.32
132,44,3,2026-01-22,34582,1251,3238.78,116,24518.68
132,44,3,2026-01-24,25467,415,832.29,8,1082.38
132,44,3,2026-01-25,8911,255,914.3,15,5455.64
132,44,3,2026-01-26,32657,774,2824.17,80,29046.13
132,44,3,2026-01-29,38574,1183,4011.62,66,10008.14
132,44,3,2026-02-10,12481,327,1225.24,37,6765.74
132,44,3,2026-02-14,35271,1537,986.17,196,75342.49
132,44,3,2026-02-17,30511,1539,7404.04,149,49906.97
132,44,3,2026-02-20,10329,745,2359.83,106,28013.55
132,44,3,2026-02-26,19048,1012,1129.93,107,39028.6
132,44,3,2026-03-04,40170,3040,11852.67,328,18287.67
132,44,3,2026-03-07,22784,396,1064.72,14,752.04
132,44,3,2026-03-12,13122,545,1129.16,48,15906.14
132,44,3,2026-03-15,44718,736,1976.73,45,12214.49
132,44,3,2026-03-18,19456,1122,3050.35,135,50466.69
132,44,3,2026-03-21,48998,1405,1946.3,69,23240.12
132,44,3,2026-03-27,6567,295,1456.39,39,15166.07
132,44,3,2026-04-04,24114,620,334.24,70,25123.29
132,44,3,2026-04-07,30646,1159,3902.5,171,47298.04
132,44,3,2026-04-08,47620,644,1534.77,90,24266.04
132,44,3,2026-04-11,21559,246,474.52,2,460.93
132,44,3,2026-04-13,8479,661,2606.46,74,26495.57
132,44,3,2026-04-17,36732,2418,6673.38,86,30256.28
132,44,3,2026-04-22,37120,1637,4801.4,125,22305.23
132,44,3,2026-04-25,37581,575,2418.68,42,5893.72
132,44,3,2026-04-27,18184,663,964.74,38,4099.8
132,44,3,2026-04-28,34080,2397,9501.41,212,44455.18
132,44,3,2026-05-04,43707,875,2211.43,64,14631.62
132,44,3,2026-05-07,7195,310,998.29,39,10415.6
132,44,3,2026-05-15,43906,2181,9841.97,134,16251.14
132,44,3,2026-05-20,22316,931,768.45,110,39039.6
132,44,3,2026-06-08,20867,1245,4072.31,46,11087.7
132,44,3,2026-06-10,46880,1914,1588.27,120,23514.37
132,44,3,2026-06-13,33099,2546,12233.17,243,13043.52
132,44,3,2026-06-17,33030,1474,6568.39,37,4554.29
132,44,3,2026-06-18,44901,1978,1379.79,295,39417.26
132,44,3,2026-06-23,13889,810,3934.36,11,3638.38
132,44,3,2026-06-25,33107,2038,1163.39,191,30156.25
132,44,3,2026-07-06,17011,1128,1968.86,27,9820.16
132,44,3,2026-07-09,31814,2261,9692.06,242,25758.44
132,44,3,2026-07-10,24129,1384,5140.77,137,41694.07
132,44,3,2026-07-11,17149,176,116.04,21,2046.2
132,44,3,2026-07-13,47079,2081,4813.19,160,63240.11
132,44,3,2026-07-15,46298,3265,12697.71,156,36892.83
132,44,3,2026-07-28,11968,898,1505.18,69,21992.14
133,18,1,2025-08-19,12998,514,1063.54,11,856.79
133,18,1,2025-08-30,36610,822,3961.68,71,25470.66
133,18,1,2025-09-01,30509,429,928.82,62,10823.81
133,18,1,2025-09-07,35810,1096,3654.7,67,23707.57
133,18,1,2025-09-19,22437,908,2272.58,123,43170.9
133,18,1,2025-09-24,14849,714,3117.82,13,2145.01
133,18,1,2025-09-30,25436,1140,3214.57,158,8838.8
133,18,1,2025-10-02,24911,1883,6688.97,260,55465.72
133,18,1,2025-10-06,13056,311,1489.76,6,2184.85
133,18,1,2025-10-07,29181,602,1203.62,15,2715.4
133,18,1,2025-10-16,31777,1233,3585.44,159,36002.34
133,18,1,2025-10-22,16027,663,2903.76,28,1852.86
133,18,1,2025-10-23,3533,130,77.15,11,2483.29
133,18,1,2025-10-27,2486,89,146.7,10,3697.81
133,18,1,2025-10-29,3046,162,517.21,9,2119.97
133,18,1,2025-10-31,20043,760,873.47,59,16103.23
133,18,1,2025-11-01,15170,606,1013.73,11,2254.86
133,18,1,2025-11-02,14933,830,2199.06,78,20170.1
133,18,1,2025-11-06,33985,1491,2181.09,65,5745.93
133,18,1,2025-11-16,5725,378,1688.23,42,6156.42
133,18,1,2025-11-17,23642,680,1387.3,38,4705.9
133,18,1,2025-11-20,21959,1490,3985.59,187,49320.6
133,18,1,2025-11-24,43371,2714,7238.71,106,27391.25
133,18,1,2025-11-25,45819,2856,11073.71,118,32507.7
133,18,1,2025-12-03,10774,278,1235.56,26,5210.46
133,18,1,2025-12-15,21469,264,336.4,14,3853.23
133,18,1,2025-12-17,29250,778,485.28,85,13491.23
133,18,1,2025-12-20,19861,538,1820.71,46,11726.46
133,18,1,2025-12-26,23998,1071,3980.25,77,22393.23
133,18,1,2025-12-31,38851,993,4265.54,43,9374.89
133,18,1,2026-01-07,44643,482,1871.35,27,10554.61
133,18,1,2026-01-08,21545,755,3331.39,105,31783.52
133,18,1,2026-01-09,22414,756,2134.77,64,18165.03
133,18,1,2026-01-16,31868,973,812.06,60,18024.12
133,18,1,2026-01-29,1318,90,354.81,5,1173.56
133,18,1,2026-02-01,16245,361,342.89,48,17169.95
133,18,1,2026-02-03,24807,1110,3622.35,34,7682.65
133,18,1,2026-02-28,1823,25,67.57,3,832.18
133,18,1,2026-03-06,36826,911,3906.14,49,3820.89
133,18,1,2026-03-08,12068,649,2819.4,41,10483.36
133,18,1,2026-03-12,17679,610,1249.33,45,8617.18
133,18,1,2026-03-13,30611,1981,7187.33,116,20414.89
133,18,1,2026-03-20,12514,671,1265.46,96,18779.67
133,18,1,2026-03-25,47320,1297,1947.41,117,46227.39
133,18,1,2026-04-17,20498,234,299.52,22,5652.23
133,18,1,2026-04-19,47770,3512,7958.37,42,11260.84
133,18,1,2026-05-05,49668,2880,2536.14,150,31885.5
133,18,1,2026-05-08,35674,1711,3045.83,24,6830.51
133,18,1,2026-05-09,44501,1492,2126.08,166,48723.8
133,18,1,2026-05-15,40544,2221,6232.58,274,96545.83
133,18,1,2026-05-17,45016,1280,2451.21,92,13130.43
133,18,1,2026-06-01,38882,650,903.06,89,15755.66
133,18,1,2026-06-06,1606,28,124.55,1,317.97
133,18,1,2026-06-12,44522,1559,3851.8,126,45118.27
133,18,1,2026-06-13,2746,217,890.05,15,1384.82
133,18,1,2026-06-21,46956,810,2641.6,33,2201.11
133,18,1,2026-06-29,43006,938,687.0,24,6822.39
133,18,1,2026-07-04,35078,2373,6714.99,95,36338.79
133,18,1,2026-07-06,37050,1360,797.04,64,22721.06
133,18,1,2026-07-16,24558,666,1980.23,12,4527.92
133,18,1,2026-07-23,25448,2022,6437.2,164,60924.77
133,18,1,2026-07-25,26621,1685,4393.92,51,18650.52
133,18,1,2026-08-05,24742,1200,5988.0,144,27057.7
133,18,1,2026-08-14,9766,469,2266.04,22,5137.19
133,18,1,2026-08-17,20428,1156,1521.84,56,6584.48
134,18,2,2025-08-24,11467,531,352.79,28,3096.69
134,18,2,2025-08-28,8423,323,330.52,45,5258.66
134,18,2,2025-09-03,2351,169,525.91,7,976.28
134,18,2,2025-09-06,43893,2958,7757.73,69,16905.81
134,18,2,2025-09-09,18828,832,1941.49,119,13978.09
134,18,2,2025-09-14,21641,1478,4974.93,46,2966.64
134,18,2,2025-09-16,14326,225,584.2,25,4209.04
134,18,2,2025-09-18,1384,68,121.52,3,515.21
134,18,2,2025-09-24,30889,1297,5230.65,148,32153.16
134,18,2,2025-10-01,47367,3565,11500.38,488,164924.83
134,18,2,2025-10-07,47730,1435,5423.29,80,6018.08
134,18,2,2025-10-20,3898,176,795.17,3,1016.34
134,18,2,2025-10-21,6282,250,1181.77,36,12738.13
134,18,2,2025-10-25,18673,895,4389.38,109,26672.47
134,18,2,2025-10-31,22538,1198,4323.97,152,9370.46
134,18,2,2025-11-02,7386,284,1043.98,32,3548.99
134,18,2,2025-11-03,9851,605,345.3,88,26145.69
134,18,2,2025-11-05,10179,593,2443.84,45,15062.24
134,18,2,2025-11-09,2255,91,84.7,12,3910.59
134,18,2,2025-11-14,19031,261,498.1,19,7364.74
134,18,2,2025-11-15,5710,435,1658.76,49,17792.54
134,18,2,2025-11-18,36860,2836,4295.55,246,98102.49
134,18,2,2025-11-23,47850,594,2027.42,33,1788.34
134,18,2,2025-11-24,15500,862,2279.99,77,25639.32
134,18,2,2025-11-28,14580,529,994.2,32,5703.12
134,18,2,2025-12-02,5368,341,1520.31,44,12390.36
134,18,2,2025-12-04,5088,394,1739.72,55,13713.06
134,18,2,2025-12-10,41468,3100,1620.94,134,31671.66
134,18,2,2025-12-12,5062,143,151.76,2,681.05
134,18,2,2025-12-17,34250,404,1072.98,7,1698.41
134,18,2,2025-12-20,15158,368,655.74,9,2757.35
134,18,2,2025-12-23,14139,811,2913.71,21,5342.6
134,18,2,2025-12-31,15039,905,1847.52,119,42001.83
134,18,2,2026-01-03,30861,501,1965.8,6,2135.03
134,18,2,2026-01-15,1567,70,176.39,10,3925.91
134,18,2,2026-01-17,45994,1082,3613.83,130,29205.56
134,18,2,2026-01-18,45049,1733,6407.94,141,30988.99
134,18,2,2026-01-23,48891,1744,1780.83,211,54432.46
134,18,2,2026-01-30,23073,830,2764.11,106,7481.64
134,18,2,2026-02-01,47178,1785,6010.54,160,22130.56
134,18,2,2026-02-07,29258,1613,6081.48,70,15673.96
134,18,2,2026-02-09,3364,123,598.21,7,1866.2
134,18,2,2026-02-10,44854,1320,6326.39,14,4865.22
134,18,2,2026-02-14,6262,322,468.8,34,8075.66
134,18,2,2026-02-21,41674,2342,11551.94,111,26211.31
134,18,2,2026-02-27,40085,2465,4349.43,181,26135.5
134,18,2,2026-03-04,17517,602,445.49,39,6290.28
134,18,2,2026-03-09,2870,213,320.71,20,2338.46
134,18,2,2026-03-16,8394,311,1291.11,8,2082.64
134,18,2,2026-03-18,5951,174,154.62,25,8767.76
134,18,2,2026-03-20,14097,575,662.01,35,1847.26
134,18,2,2026-03-21,44417,2982,8215.05,280,64843.07
134,18,2,2026-04-10,34609,1239,2717.27,108,23990.5
134,18,2,2026-04-14,18531,247,466.44,27,8087.75
134,18,2,2026-04-16,20483,613,2407.77,87,9111.61
134,18,2,2026-04-28,5416,183,541.45,8,454.86
134,18,2,2026-05-04,48038,1660,7166.66,187,37181.48
134,18,2,2026-05-06,5507,112,423.02,3,382.78
134,18,2,2026-05-07,7210,102,503.02,6,657.57
134,18,2,2026-05-09,29310,1855,2206.2,76,7211.73
134,18,2,2026-05-13,43678,744,1457.26,106,21517.67
134,18,2,2026-05-16,2161,127,618.06,12,692.96
134,18,2,2026-05-19,8590,301,278.08,23,2396.97
134,18,2,2026-05-25,40746,2366,7516.25,132,31118.36
134,18,2,2026-05-26,12941,937,769.73,107,11118.73
134,18,2,2026-05-30,30713,2375,4343.37,268,103442.97
134,18,2,2026-05-31,2205,26,120.29,3,726.45
134,18,2,2026-06-05,12156,495,488.78,33,8944.03
134,18,2,2026-06-08,14938,232,728.59,17,4816.34
134,18,2,2026-06-13,36846,2499,12247.63,353,33426.98
134,18,2,2026-06-16,29255,1115,588.66,79,14810.59
134,18,2,2026-06-18,13907,993,3689.88,145,11913.3
134,18,2,2026-06-20,33102,1816,3016.88,49,11790.01
134,18,2,2026-06-21,44250,2979,4303.83,244,72082.43
134,18,2,2026-06-26,32828,892,1356.85,25,6157.28
134,18,2,2026-06-30,48160,2696,3063.08,260,44841.46
134,18,2,2026-07-04,36391,916,2237.49,12,4649.36
134,18,2,2026-07-09,25649,1254,3110.55,108,29984.12
134,18,2,2026-07-11,44747,3411,4587.4,75,7661.37
134,18,2,2026-07-12,46378,2722,11920.7,127,39436.28
134,18,2,2026-07-13,25037,350,1037.22,46,8399.27
134,18,2,2026-07-14,35328,1467,2003.15,52,10921.69
134,18,2,2026-07-15,48339,3318,3184.01,306,93710.26
134,18,2,2026-07-16,6423,223,702.0,13,3053.96
134,18,2,2026-07-20,12182,902,2936.32,101,23086.26
134,18,2,2026-07-22,42733,1958,3663.95,120,20616.64
134,18,2,2026-07-25,31600,630,3030.74,36,6682.28
134,18,2,2026-07-28,45120,1944,2170.71,291,33598.12
134,18,2,2026-07-31,27365,1589,3566.72,129,11745.11
134,18,2,2026-08-02,13983,560,393.45,31,6979.07
134,18,2,2026-08-04,10612,584,1572.3,39,13190.18
134,18,2,2026-08-14,7160,459,1471.71,23,1531.01
135,18,3,2025-08-20,41866,1844,3558.61,139,30077.1
135,18,3,2025-08-21,40003,1559,1167.41,153,18951.36
135,18,3,2025-08-23,3226,211,908.73,13,1208.89
135,18,3,2025-08-24,49022,2118,9916.89,315,71970.97
135,18,3,2025-08-25,21351,543,2153.27,37,3384.88
135,18,3,2025-08-26,30518,1537,7235.76,45,9878.7
135,18,3,2025-08-27,4804,117,178.06,4,1263.14
135,18,3,2025-08-30,1077,14,46.61,0,0.0
135,18,3,2025-09-02,27831,403,231.27,9,1522.16
135,18,3,2025-09-12,43871,2397,8035.99,213,42912.92
135,18,3,2025-09-13,48747,2326,5571.49,239,42482.93
135,18,3,2025-09-16,47473,2461,8544.55,162,61897.85
135,18,3,2025-09-17,47443,3138,14393.59,342,53419.41
135,18,3,2025-10-10,14424,811,3120.63,114,37998.32
135,18,3,2025-10-14,30581,1611,2689.77,227,11483.6
135,18,3,2025-10-29,24238,1772,2287.45,174,39114.7
135,18,3,2025-11-02,11738,584,1037.12,64,12683.16
135,18,3,2025-11-10,35140,1518,1840.45,103,38578.57
135,18,3,2025-11-12,33229,1991,1388.93,271,28111.35
135,18,3,2025-11-13,28774,2279,5811.95,228,54309.13
135,18,3,2025-11-19,31630,964,1585.92,53,13171.07
135,18,3,2025-11-22,28609,1316,6139.56,33,12249.49
135,18,3,2025-11-23,44256,986,1958.5,111,5904.28
135,18,3,2025-11-24,49400,1629,4254.23,129,27471.77
135,18,3,2025-11-29,11853,563,1041.82,36,3748.65
135,18,3,2025-11-30,2725,143,439.63,4,1132.57
135,18,3,2025-12-01,4673,357,911.51,16,1701.07
135,18,3,2025-12-04,12013,449,1817.34,26,5051.86
135,18,3,2025-12-05,20296,445,1210.74,60,19134.32
135,18,3,2025-12-08,48688,2685,12922.73,397,24134.29
135,18,3,2025-12-15,3013,33,101.99,3,394.5
135,18,3,2025-12-16,13255,703,2950.64,33,9756.84
135,18,3,2025-12-17,28392,973,2272.89,86,29040.81
135,18,3,2026-01-02,28913,1197,4977.04,75,28221.87
135,18,3,2026-01-08,11762,713,2268.88,22,1199.91
135,18,3,2026-01-10,7527,598,2075.15,16,1844.38
135,18,3,2026-01-11,12939,356,1714.31,13,3799.64
135,18,3,2026-01-12,42857,3248,2353.73,338,32402.19
135,18,3,2026-01-13,45655,2192,6698.03,65,7557.97
135,18,3,2026-01-17,46297,571,299.28,25,7261.1
135,18,3,2026-01-21,23250,1338,4841.41,82,17535.51
135,18,3,2026-02-02,3425,155,353.22,14,3932.17
135,18,3,2026-02-06,17222,1100,4630.76,47,8932.58
135,18,3,2026-02-17,36159,1175,938.1,88,13638.98
135,18,3,2026-02-21,12389,511,1036.83,34,2126.02
135,18,3,2026-02-27,34099,1010,2778.83,129,50873.12
135,18,3,2026-03-01,16826,566,1847.17,10,1150.83
135,18,3,2026-03-12,35972,1770,3385.51,179,18155.61
135,18,3,2026-03-18,26852,772,1644.05,23,1270.1
135,18,3,2026-03-26,9463,647,2882.52,70,23389.16
135,18,3,2026-03-27,49442,627,2973.22,35,11479.67
135,18,3,2026-03-28,19021,617,2758.86,43,8909.07
135,18,3,2026-04-11,42673,1126,4786.8,101,34737.58
135,18,3,2026-04-22,31756,1709,1114.17,169,56616.47
135,18,3,2026-04-27,22936,1011,2062.71,13,1070.44
135,18,3,2026-04-28,43656,1935,3237.88,255,38277.91
135,18,3,2026-04-30,44948,2909,13170.86,373,91411.87
135,18,3,2026-05-03,38396,546,733.12,44,3487.35
135,18,3,2026-05-05,2120,158,397.79,16,2113.64
135,18,3,2026-05-08,32219,798,415.25,67,11655.72
135,18,3,2026-05-09,42422,2454,5115.61,92,10315.57
135,18,3,2026-05-10,8897,249,979.4,21,5211.18
135,18,3,2026-05-11,5816,364,958.42,30,3467.82
135,18,3,2026-05-14,48757,2086,9502.69,168,19042.29
135,18,3,2026-05-18,43150,2057,9884.08,254,97801.63
135,18,3,2026-05-23,16597,1049,4905.29,70,26274.66
135,18,3,2026-06-13,5360,278,348.28,21,5426.22
135,18,3,2026-06-15,38216,2715,6015.49,225,47883.84
135,18,3,2026-06-22,23539,516,2265.18,70,7905.04
135,18,3,2026-06-24,29728,1361,4565.44,97,16409.74
135,18,3,2026-06-26,15163,1149,713.26,103,8092.48
135,18,3,2026-07-01,29424,1244,3994.45,114,10802.52
135,18,3,2026-07-06,8462,575,1176.68,13,2522.29
135,18,3,2026-07-09,22953,1713,4120.88,254,23636.24
135,18,3,2026-07-13,32034,1765,6159.31,212,61565.63
135,18,3,2026-07-18,43746,3109,4654.42,459,85705.72
135,18,3,2026-07-25,47651,1100,4687.22,60,14652.46
135,18,3,2026-07-28,11891,462,1595.64,40,9158.27
135,18,3,2026-08-02,35384,1079,1441.51,93,20269.85
135,18,3,2026-08-04,37605,2643,12814.12,60,7429.42
135,18,3,2026-08-10,39045,2945,11881.48,38,4401.7
135,18,3,2026-08-12,36089,2007,1632.45,209,30226.01
135,18,3,2026-08-13,18060,804,1472.85,73,7701.67
135,18,3,2026-08-14,32904,2561,4047.79,321,34241.61
135,18,3,2026-08-15,44559,2630,3494.76,143,46855.98
135,18,3,2026-08-18,14964,750,378.48,70,6761.18
136,14,1,2025-08-18,25024,1374,1306.48,97,11550.47
136,14,1,2025-08-24,39460,1757,5738.14,101,9771.93
136,14,1,2025-08-26,22312,1568,3158.27,160,26689.51
136,14,1,2025-09-01,27258,1927,4105.94,151,13110.33
136,14,1,2025-09-11,26394,804,1662.03,72,24533.74
136,14,1,2025-09-12,28713,1191,4004.81,18,4433.06
136,14,1,2025-09-13,44229,3351,2347.56,338,93947.65
136,14,1,2025-09-17,47777,1493,2892.78,66,18804.44
136,14,1,2025-09-19,3404,127,463.03,3,1063.88
136,14,1,2025-09-23,34689,2560,9728.37,361,49553.28
136,14,1,2025-09-24,41424,2709,11700.6,288,51161.9
136,14,1,2025-10-09,15866,313,1238.55,14,5168.73
136,14,1,2025-10-12,36083,2098,10442.68,246,13890.33
136,14,1,2025-10-13,4599,186,486.44,22,4223.49
136,14,1,2025-10-17,20683,636,358.41,48,4929.34
136,14,1,2025-10-21,1053,43,137.49,4,910.03
136,14,1,2025-10-22,42090,1180,2837.4,144,39089.41
136,14,1,2025-10-28,46298,829,2075.47,51,17660.93
136,14,1,2025-10-29,27690,342,1349.53,30,6050.96
136,14,1,2025-11-05,20960,1463,1069.83,159,42812.17
136,14,1,2025-11-10,6329,64,166.17,2,348.13
136,14,1,2025-11-13,39780,2122,4516.21,178,32541.94
136,14,1,2025-11-28,40682,544,1637.22,24,3306.87
136,14,1,2025-12-15,15547,829,3450.29,96,8835.5
136,14,1,2025-12-25,7003,70,169.88,9,2631.48
136,14,1,2025-12-29,44769,967,3476.84,34,4324.3
136,14,1,2026-01-11,20110,653,2306.54,22,4898.31
136,14,1,2026-01-13,25979,1389,4904.35,90,30887.66
136,14,1,2026-01-15,36300,447,1504.84,25,7486.63
136,14,1,2026-01-22,28745,1427,2185.46,75,9622.33
136,14,1,2026-01-24,13504,593,2519.95,71,9127.61
136,14,1,2026-02-01,16049,804,1979.77,41,6003.18
136,14,1,2026-02-09,20383,1516,7231.46,171,37800.16
136,14,1,2026-02-11,37755,2331,2355.06,27,8827.19
136,14,1,2026-02-19,34314,437,838.81,62,24794.09
136,14,1,2026-02-25,9996,336,493.74,28,7809.07
136,14,1,2026-03-06,40482,2501,4395.36,330,37475.02
136,14,1,2026-03-10,25424,1897,1966.17,105,26980.07
136,14,1,2026-03-24,42480,992,3103.24,137,17311.41
136,14,1,2026-03-29,27575,2187,10866.75,72,3973.26
136,14,1,2026-03-30,2227,164,98.54,9,3582.45
136,14,1,2026-04-02,34588,1365,3186.65,182,56581.82
136,14,1,2026-04-07,42618,2253,6960.59,135,9595.02
136,14,1,2026-04-08,45105,2390,7655.98,147,15091.6
136,14,1,2026-04-12,46082,1230,1739.85,89,24051.32
136,14,1,2026-04-17,14226,198,606.31,27,8525.82
136,14,1,2026-04-18,39633,2593,11993.22,305,38416.74
136,14,1,2026-04-19,42976,1325,6007.13,76,27645.31
136,14,1,2026-04-21,22675,453,539.79,59,12196.45
136,14,1,2026-05-01,32405,2306,9641.58,139,25453.21
136,14,1,2026-05-05,28811,1592,6753.79,61,5930.1
136,14,1,2026-05-06,17062,399,1639.51,46,15330.02
136,14,1,2026-05-08,31906,557,1320.86,75,12473.24
136,14,1,2026-05-11,13901,1084,5231.68,16,3470.36
136,14,1,2026-05-12,47589,2421,11864.5,81,12901.33
136,14,1,2026-05-13,1628,88,238.07,9,792.26
136,14,1,2026-05-16,25592,379,1682.54,21,1328.89
136,14,1,2026-05-26,46675,921,4541.88,93,14682.11
136,14,1,2026-05-29,31100,1855,8306.87,102,10448.56
136,14,1,2026-06-03,15204,844,4219.13,55,6074.87
136,14,1,2026-06-08,18300,211,285.61,3,711.61
136,14,1,2026-06-13,37829,1055,928.57,96,12737.85
136,14,1,2026-06-19,5099,197,656.02,24,7046.0
136,14,1,2026-06-20,48591,1940,3125.7,131,49645.0
136,14,1,2026-06-23,25483,802,3967.77,98,13402.27
136,14,1,2026-06-24,43206,2746,2774.16,201,61162.49
136,14,1,2026-06-28,44228,2303,8358.71,231,60474.63
136,14,1,2026-07-01,12679,849,1892.53,18,5992.79
136,14,1,2026-07-12,15572,608,1699.99,61,14624.08
136,14,1,2026-07-13,42024,2921,9921.15,358,26403.25
136,14,1,2026-07-16,42146,3207,14548.72,207,68207.22
136,14,1,2026-07-19,23509,628,2774.09,49,17554.35
136,14,1,2026-07-23,24889,284,291.14,35,6286.47
136,14,1,2026-08-09,18434,534,1287.34,12,2241.39
136,14,1,2026-08-17,2138,89,300.2,5,1557.98
137,14,2,2025-08-21,21459,504,1519.05,56,9927.08
137,14,2,2025-08-24,17029,439,1068.55,65,25952.44
137,14,2,2025-08-25,40437,2564,6764.58,207,15286.98
137,14,2,2025-08-27,39860,1241,1441.32,63,22573.21
137,14,2,2025-09-01,28212,1987,3210.97,144,39505.77
137,14,2,2025-09-08,42661,3288,11269.82,247,82269.53
137,14,2,2025-09-10,27524,422,1214.15,16,4285.17
137,14,2,2025-09-11,15323,862,4154.68,43,10589.65
137,14,2,2025-09-26,16630,1180,3359.67,107,20066.59
137,14,2,2025-09-27,40934,2352,9727.1,228,31833.58
137,14,2,2025-10-02,10069,244,623.65,25,8655.44
137,14,2,2025-10-03,13027,1022,4858.56,112,27757.08
137,14,2,2025-10-09,44878,3313,9019.78,107,36490.81
137,14,2,2025-10-25,34736,1370,4901.87,139,38825.94
137,14,2,2025-11-04,26858,1249,6005.75,144,31746.29
137,14,2,2025-11-11,27846,847,2082.78,58,8375.33
137,14,2,2025-11-17,29916,1926,7226.44,192,21346.53
137,14,2,2025-11-18,42788,657,587.43,90,21019.14
137,14,2,2025-11-19,38559,2493,6528.24,344,85582.39
137,14,2,2025-11-23,46973,3278,4055.17,193,58620.91
137,14,2,2025-11-24,39305,2889,13329.52,405,56125.61
137,14,2,2025-11-27,3500,219,240.22,9,1569.22
137,14,2,2025-12-01,27700,509,1004.15,36,6760.15
137,14,2,2025-12-03,37881,943,4447.16,135,25623.99
137,14,2,2025-12-05,45552,2276,9847.73,238,21008.93
137,14,2,2025-12-14,46477,967,4687.64,32,7760.87
137,14,2,2025-12-16,8542,204,863.5,8,1715.67
137,14,2,2025-12-20,37446,1054,5150.7,26,8367.88
137,14,2,2025-12-24,1883,72,120.99,10,2240.9
137,14,2,2025-12-30,35467,862,1281.14,56,13208.67
137,14,2,2026-01-01,30585,1852,9088.19,276,31191.18
137,14,2,2026-01-02,7201,433,1515.29,55,10412.9
137,14,2,2026-01-13,42094,929,1805.04,36,5749.83
137,14,2,2026-01-16,6101,418,253.09,60,19624.27
137,14,2,2026-01-22,36035,806,1781.41,14,1032.94
137,14,2,2026-01-28,19991,1074,5346.24,48,7370.34
137,14,2,2026-01-29,48737,2185,6727.22,196,52367.66
137,14,2,2026-02-04,30642,1858,2113.06,133,46279.43
137,14,2,2026-02-08,18439,705,2851.09,78,28711.46
137,14,2,2026-02-10,11779,614,520.2,12,3194.07
137,14,2,2026-02-18,44011,3397,6887.67,286,107876.88
137,14,2,2026-02-21,32341,2314,4774.43,117,18214.68
137,14,2,2026-02-22,23957,463,421.23,53,17786.71
137,14,2,2026-02-23,33811,497,773.74,42,11285.36
137,14,2,2026-02-27,12785,678,1785.61,9,1619.93
137,14,2,2026-02-28,8577,603,834.5,75,27811.76
137,14,2,2026-03-01,29044,1123,2076.63,75,7469.23
137,14,2,2026-03-08,2355,101,277.48,13,4966.64
137,14,2,2026-03-11,43429,636,1954.63,13,4248.93
137,14,2,2026-03-12,31938,2168,1652.2,163,53984.1
137,14,2,2026-03-18,2878,173,730.66,8,2783.35
137,14,2,2026-03-22,9086,532,1453.27,35,9919.33
137,14,2,2026-03-31,39521,1687,3909.23,134,10636.4
137,14,2,2026-04-01,44143,2177,1533.14,86,18161.69
137,14,2,2026-04-14,43285,2129,6445.58,270,18863.74
137,14,2,2026-04-17,20275,532,1665.79,67,17452.81
137,14,2,2026-04-24,15895,438,462.48,18,7011.03
137,14,2,2026-04-26,13990,521,572.94,66,16441.58
137,14,2,2026-04-30,12871,957,3658.8,41,8913.75
137,14,2,2026-05-03,6272,475,1672.6,40,11781.96
137,14,2,2026-05-10,46081,2541,8782.22,217,13982.0
137,14,2,2026-05-12,33859,2086,5298.04,184,35029.98
137,14,2,2026-05-17,32318,1609,1053.5,156,24560.53
137,14,2,2026-05-18,10424,701,2742.3,7,1415.09
137,14,2,2026-05-31,18055,1170,4470.09,21,3492.14
137,14,2,2026-06-06,4108,222,233.5,8,656.68
137,14,2,2026-06-17,34535,1397,853.56,154,52481.77
137,14,2,2026-06-18,26295,1820,4151.12,62,11148.84
137,14,2,2026-06-25,26680,595,1125.73,33,11742.68
137,14,2,2026-06-26,37862,901,471.5,64,21329.54
137,14,2,2026-06-27,46241,3637,9183.25,116,8395.64
137,14,2,2026-07-04,28787,2083,3745.63,159,8993.95
137,14,2,2026-07-10,40631,2443,7908.18,82,13215.51
137,14,2,2026-07-14,24645,507,2065.63,33,12181.04
137,14,2,2026-07-16,45878,2491,7239.55,102,17044.51
137,14,2,2026-07-17,25325,1594,7720.44,107,21997.87
137,14,2,2026-07-19,5525,113,350.51,9,1413.7
137,14,2,2026-08-05,44270,899,2486.75,39,14200.52
137,14,2,2026-08-06,21738,531,1069.44,49,14416.58
137,14,2,2026-08-09,49224,2801,5427.25,403,84866.25
137,14,2,2026-08-11,13956,1034,3632.76,133,8137.24
137,14,2,2026-08-12,7024,149,388.1,22,1196.73
138,14,3,2025-08-22,12139,545,1232.79,81,5563.03
138,14,3,2025-08-28,11926,789,1286.93,47,18298.91
138,14,3,2025-09-01,3267,247,636.45,32,6667.65
138,14,3,2025-09-05,1816,94,62.16,4,317.79
138,14,3,2025-09-08,10234,730,694.6,108,9514.35
138,14,3,2025-09-12,19248,934,2197.99,119,40972.48
138,14,3,2025-09-14,16352,622,2331.11,84,24533.22
138,14,3,2025-09-15,45830,2475,3088.34,183,31650.34
138,14,3,2025-09-18,10235,300,826.92,30,10104.66
138,14,3,2025-09-22,10621,127,227.75,1,290.38
138,14,3,2025-09-25,32890,1775,7702.9,228,43596.75
138,14,3,2025-09-28,29366,330,1275.14,49,3779.48
138,14,3,2025-09-29,33188,1938,2313.62,257,95771.65
138,14,3,2025-10-01,4538,264,1295.6,17,3947.8
138,14,3,2025-10-07,49682,3064,8192.16,264,18831.45
138,14,3,2025-10-10,26585,926,859.81,137,21324.48
138,14,3,2025-10-13,37837,399,235.37,30,4449.62
138,14,3,2025-10-14,45672,2569,2293.32,233,26835.11
138,14,3,2025-10-15,22660,1130,1698.36,73,15646.3
138,14,3,2025-10-16,42344,2743,11843.17,407,103312.83
138,14,3,2025-10-17,38035,604,2375.53,32,11555.87
138,14,3,2025-10-23,47100,3760,7131.93,131,51122.09
138,14,3,2025-10-25,13588,906,2119.56,10,3293.89
138,14,3,2025-10-30,35966,1108,4121.67,89,9927.16
138,14,3,2025-11-12,15966,979,3191.28,34,3199.98
138,14,3,2025-11-23,29896,944,2283.58,29,2583.19
138,14,3,2025-11-24,40760,2178,5076.72,177,47624.28
138,14,3,2025-11-26,28799,851,4108.5,73,27356.99
138,14,3,2025-12-03,42543,2565,2144.3,357,25766.26
138,14,3,2025-12-04,32107,2519,6773.32,292,26050.45
138,14,3,2025-12-07,30092,2208,8787.06,77,25062.46
138,14,3,2025-12-11,34149,771,2150.43,60,11413.6
138,14,3,2025-12-14,17355,1090,5246.85,28,7612.99
138,14,3,2025-12-16,38595,2680,8065.12,30,1560.07
138,14,3,2025-12-19,3829,46,150.41,5,1369.46
138,14,3,2025-12-22,18591,1485,2694.14,151,26815.94
138,14,3,2025-12-23,22452,447,1675.88,59,22107.23
138,14,3,2025-12-24,28749,784,3555.88,87,21176.61
138,14,3,2025-12-25,17764,244,778.44,2,451.3
138,14,3,2025-12-29,28593,2080,2694.34,203,51444.08
138,14,3,2026-01-03,18440,1122,5208.14,149,16135.43
138,14,3,2026-01-05,25452,332,325.09,34,3470.15
138,14,3,2026-01-06,44989,687,1699.41,36,14129.27
138,14,3,2026-01-09,33113,519,1099.0,73,17246.24
138,14,3,2026-01-11,21393,1654,5103.64,227,88609.63
138,14,3,2026-01-13,44712,1127,3961.89,62,16346.79
138,14,3,2026-01-25,10435,190,202.34,13,3185.66
138,14,3,2026-01-26,38015,533,820.62,24,6118.86
138,14,3,2026-01-27,34750,2104,8262.95,65,9375.43
138,14,3,2026-01-28,19654,1290,3318.32,160,55097.91
138,14,3,2026-02-01,11128,787,2189.31,20,5343.06
138,14,3,2026-02-03,45443,2451,7209.66,222,52159.92
138,14,3,2026-02-04,39402,1286,4848.81,127,28771.78
138,14,3,2026-02-06,29864,847,1353.33,97,15097.17
138,14,3,2026-02-09,3353,80,353.48,6,1609.47
138,14,3,2026-02-15,18266,557,366.4,32,10990.45
138,14,3,2026-02-21,40935,2300,5365.37,38,13892.49
138,14,3,2026-02-22,36007,1430,2735.35,48,9413.19
138,14,3,2026-02-26,17669,539,1015.25,32,11706.74
138,14,3,2026-03-04,14792,950,1011.51,64,7983.04
138,14,3,2026-03-05,19208,836,3704.61,44,13996.61
138,14,3,2026-03-06,29435,773,1086.01,32,7366.82
138,14,3,2026-03-07,28938,1388,5699.95,130,13374.35
138,14,3,2026-03-12,40081,935,2445.3,24,9307.15
138,14,3,2026-03-13,18994,217,850.47,20,7753.18
138,14,3,2026-03-24,34188,1984,7967.75,275,101971.87
138,14,3,2026-03-25,42945,1419,1893.92,62,5443.92
138,14,3,2026-03-31,7538,482,784.78,40,8409.92
138,14,3,2026-04-02,4266,105,458.69,14,1599.34
138,14,3,2026-04-08,6473,372,1209.16,9,2806.86
138,14,3,2026-04-10,21686,1078,1740.82,159,17223.62
138,14,3,2026-04-12,8970,193,418.85,4,416.51
138,14,3,2026-04-13,25692,1006,3026.89,118,19365.84
138,14,3,2026-04-26,5712,234,269.81,19,3120.78
138,14,3,2026-04-29,5357,118,577.41,1,238.91
138,14,3,2026-04-30,38950,530,411.91,6,1259.39
138,14,3,2026-05-01,40734,2864,1996.27,244,76632.1
138,14,3,2026-05-07,21098,1498,6374.82,208,64293.7
138,14,3,2026-05-08,49494,3563,9903.19,123,10585.46
138,14,3,2026-05-09,47525,2879,7402.43,101,38596.18
138,14,3,2026-05-11,34019,519,642.43,56,8652.12
138,14,3,2026-05-12,38378,763,3605.94,70,7542.49
138,14,3,2026-05-13,38624,2462,4293.9,246,46085.22
138,14,3,2026-05-15,25566,845,4138.25,118,18513.96
138,14,3,2026-05-16,27042,555,933.55,29,2055.36
138,14,3,2026-05-20,27698,770,1153.07,108,32600.19
138,14,3,2026-06-07,30589,2025,3640.39,221,65170.83
138,14,3,2026-06-16,25320,550,2450.28,12,3340.05
138,14,3,2026-06-17,48112,3190,8077.98,58,22800.55
138,14,3,2026-06-20,28727,1846,6413.85,264,74460.54
138,14,3,2026-06-28,30912,657,3233.69,85,27067.8
138,14,3,2026-07-02,28295,1419,6734.95,160,43271.39
138,14,3,2026-07-05,38248,2061,5551.3,301,22903.26
138,14,3,2026-07-11,48681,2887,6945.71,265,93122.61
138,14,3,2026-07-12,25315,1488,6270.25,204,37068.3
138,14,3,2026-07-13,29185,1404,976.03,101,26994.88
138,14,3,2026-07-14,23052,1169,5413.49,22,6154.56
138,14,3,2026-07-19,16321,1122,4258.72,102,13556.83
138,14,3,2026-07-22,32452,2103,2363.67,96,28848.78
138,14,3,2026-07-23,10211,266,1313.12,20,7092.23
138,14,3,2026-07-29,27212,767,3598.26,25,6040.2
138,14,3,2026-07-31,9084,495,1860.73,6,1733.36
138,14,3,2026-08-13,47536,2485,8048.81,135,7442.2
138,14,3,2026-08-14,2625,107,195.74,13,5034.19
138,14,3,2026-08-17,39897,2835,9032.46,100,23788.72
139,8,1,2025-08-22,24901,1281,732.78,161,47633.38
139,8,1,2025-08-23,38269,2854,10538.73,44,7796.43
139,8,1,2025-08-29,18753,1344,2606.24,181,47722.53
139,8,1,2025-08-30,44364,2331,6254.38,343,101188.82
139,8,1,2025-08-31,15174,335,1578.84,39,2313.43
139,8,1,2025-09-02,17599,1193,4051.97,138,44723.35
139,8,1,2025-09-08,40629,1638,7196.08,101,15087.73
139,8,1,2025-09-15,18289,707,3510.59,21,1131.34
139,8,1,2025-09-19,46441,2569,7637.58,134,46336.92
139,8,1,2025-09-21,8843,416,1324.36,58,19004.76
139,8,1,2025-09-28,37410,1786,3516.25,146,17234.09
139,8,1,2025-10-02,3834,291,759.68,42,3001.23
139,8,1,2025-10-06,22390,910,505.08,36,4297.94
139,8,1,2025-10-11,36244,2304,9847.79,190,10908.69
139,8,1,2025-10-13,3163,92,449.32,4,810.83
139,8,1,2025-10-14,20656,324,973.81,13,1491.66
139,8,1,2025-10-15,12257,701,1164.22,100,11100.06
139,8,1,2025-10-21,29158,1996,3295.33,213,21930.47
139,8,1,2025-10-24,47410,2790,2408.06,171,53970.67
139,8,1,2025-10-26,43457,673,2304.61,54,13682.0
139,8,1,2025-10-29,35777,478,693.15,56,14848.54
139,8,1,2025-11-03,14108,1121,2412.99,99,34116.31
139,8,1,2025-11-05,8155,553,610.99,54,8327.95
139,8,1,2025-11-07,21463,264,399.39,36,3801.19
139,8,1,2025-11-10,24719,1298,5174.01,153,37110.08
139,8,1,2025-11-22,21689,364,1587.23,21,5147.24
139,8,1,2025-11-24,49433,3801,18986.7,268,53157.38
139,8,1,2025-11-27,45223,720,1115.6,25,5294.58
139,8,1,2025-11-30,8761,418,406.35,15,5338.0
139,8,1,2025-12-02,39387,1845,3731.22,21,4500.4
139,8,1,2025-12-04,20945,347,920.56,17,3925.3
139,8,1,2025-12-07,10990,714,521.89,59,12862.45
139,8,1,2025-12-09,30489,994,2355.09,89,6564.58
139,8,1,2025-12-13,41252,2381,9905.16,295,42329.38
139,8,1,2025-12-16,37350,705,2857.21,104,27605.59
139,8,1,2025-12-18,16134,1165,5764.15,69,7405.14
139,8,1,2025-12-19,39776,1576,4829.22,225,59263.61
139,8,1,2025-12-24,13981,746,2443.82,109,25835.99
139,8,1,2025-12-26,43293,1068,2751.97,51,19385.24
139,8,1,2025-12-28,7081,469,1881.27,40,2512.91
139,8,1,2025-12-30,6109,449,1526.22,53,17898.61
139,8,1,2025-12-31,22400,364,293.03,38,10160.8
139,8,1,2026-01-06,4811,221,539.65,10,3924.59
139,8,1,2026-01-12,31403,2287,8354.46,84,14518.22
139,8,1,2026-01-13,45589,3143,6342.91,459,67707.77
139,8,1,2026-01-15,49129,639,2143.01,92,16051.19
139,8,1,2026-01-17,6598,500,1328.81,18,3375.92
139,8,1,2026-01-21,10156,455,1153.52,12,4329.9
139,8,1,2026-01-23,18337,853,3234.43,122,38158.75
139,8,1,2026-01-25,28985,1256,3749.9,58,17061.12
139,8,1,2026-01-28,40203,2123,6613.66,264,62874.85
139,8,1,2026-01-29,4828,81,84.97,1,271.45
139,8,1,2026-02-01,9085,154,553.29,13,4566.14
139,8,1,2026-02-03,48969,1465,2613.8,143,25878.83
139,8,1,2026-02-05,11604,652,3085.31,63,10601.7
139,8,1,2026-02-06,11987,268,1251.18,20,3528.24
139,8,1,2026-02-07,18300,1413,1233.62,66,6586.64
139,8,1,2026-02-08,6883,294,1244.64,22,7158.46
139,8,1,2026-02-13,11728,745,1198.49,104,38074.29
139,8,1,2026-02-17,21417,1607,3379.26,20,6111.75
139,8,1,2026-02-18,33439,939,728.93,10,991.55
139,8,1,2026-02-22,8448,422,1483.02,40,5315.47
139,8,1,2026-02-28,16699,1259,1990.23,148,20896.22
139,8,1,2026-03-04,15387,743,2272.62,107,10290.43
139,8,1,2026-03-09,1113,33,161.56,3,459.27
139,8,1,2026-03-11,29333,733,770.52,24,5151.13
139,8,1,2026-03-14,28042,593,2855.82,24,3649.01
139,8,1,2026-03-21,18685,950,3897.7,82,24117.73
139,8,1,2026-03-22,12459,149,343.9,20,5041.34
139,8,1,2026-03-24,27655,1307,4297.6,139,54521.49
139,8,1,2026-03-28,2742,123,349.08,3,1172.4
139,8,1,2026-04-03,25516,1520,5555.04,157,37918.54
139,8,1,2026-04-04,34762,1742,7001.0,173,32550.78
139,8,1,2026-04-09,45206,1722,6676.13,45,17920.8
139,8,1,2026-04-16,42619,2266,3582.93,221,71007.5
139,8,1,2026-04-18,13681,207,1011.13,2,664.65
139,8,1,2026-04-19,38655,1250,2915.14,45,12946.61
139,8,1,2026-04-21,31795,2347,8550.11,38,6019.8
139,8,1,2026-04-24,20237,505,1970.94,51,16695.02
139,8,1,2026-04-28,40379,2153,6216.98,165,15827.1
139,8,1,2026-05-01,30130,1446,4573.2,28,7573.42
139,8,1,2026-05-17,45120,2416,8750.82,206,75393.32
139,8,1,2026-05-18,44051,846,653.73,34,8909.17
139,8,1,2026-05-24,34904,2412,3019.94,339,35532.34
139,8,1,2026-05-29,36088,1532,2802.84,16,3994.36
139,8,1,2026-05-30,31020,713,1817.75,29,11139.37
139,8,1,2026-05-31,47145,2214,6702.44,63,22600.81
139,8,1,2026-06-07,28674,1799,2679.3,157,22770.99
139,8,1,2026-06-10,41047,2857,6714.99,79,21975.61
139,8,1,2026-06-13,15978,1065,2225.7,83,4983.98
139,8,1,2026-06-14,8760,644,2818.05,31,6843.14
139,8,1,2026-06-17,4662,361,1660.94,21,2352.52
139,8,1,2026-06-27,3405,243,1118.65,16,3116.2
139,8,1,2026-06-30,5760,165,530.36,13,3026.26
139,8,1,2026-07-02,8878,262,585.24,7,387.25
139,8,1,2026-07-03,20642,1345,2970.63,108,33090.34
139,8,1,2026-07-05,49867,740,2703.39,35,8299.44
139,8,1,2026-07-08,46567,1384,3578.96,106,13762.32
139,8,1,2026-07-09,28812,2140,8355.45,280,88221.72
139,8,1,2026-07-13,48252,2406,8908.2,179,10563.08
139,8,1,2026-07-16,43057,2353,3952.13,338,32995.78
139,8,1,2026-07-17,17195,1202,2996.9,78,11639.56
139,8,1,2026-07-20,34325,1209,1823.61,33,11328.35
139,8,1,2026-07-23,11993,417,219.37,44,5827.01
139,8,1,2026-07-29,39466,1432,1590.69,132,51366.69
139,8,1,2026-08-07,5337,102,376.17,12,3338.78
139,8,1,2026-08-10,44110,2990,13461.96,377,143209.22
139,8,1,2026-08-12,20456,1014,1703.15,62,9602.99
139,8,1,2026-08-13,5504,81,381.34,10,2871.26
139,8,1,2026-08-14,22150,296,1266.84,25,2005.23
139,8,1,2026-08-15,33589,1612,5975.25,21,1184.71
140,8,2,2025-08-20,37990,2604,9173.5,48,18508.43
140,8,2,2025-08-28,42061,2419,9448.87,300,53118.04
140,8,2,2025-08-29,40429,2728,12320.89,110,28716.7
140,8,2,2025-08-31,24038,511,1122.18,8,1783.28
140,8,2,2025-09-06,23109,265,1311.05,31,2768.98
140,8,2,2025-09-12,18592,454,390.75,37,13936.23
140,8,2,2025-09-17,32465,816,2721.38,56,22368.7
140,8,2,2025-09-18,10709,830,2968.25,26,8546.88
140,8,2,2025-09-24,9092,383,900.09,19,5777.44
140,8,2,2025-09-25,19960,1296,831.15,94,32639.84
140,8,2,2025-09-26,39565,2908,8602.91,240,80108.08
140,8,2,2025-09-29,5709,425,965.09,22,7381.25
140,8,2,2025-10-04,39347,1735,1796.62,258,43874.41
140,8,2,2025-10-07,2238,90,197.26,10,1888.79
140,8,2,2025-10-13,40032,2853,11712.99,294,26566.82
140,8,2,2025-10-17,46650,3169,1839.77,303,101557.0
140,8,2,2025-10-19,19183,542,2387.61,19,3532.09
140,8,2,2025-10-22,48968,2615,1960.59,275,87559.12
140,8,2,2025-10-29,13694,528,463.26,47,15735.74
140,8,2,2025-10-30,7977,425,1551.7,23,4525.62
140,8,2,2025-11-05,15594,1143,5079.95,93,18990.55
140,8,2,2025-11-06,4747,104,389.82,9,1064.04
140,8,2,2025-11-07,47924,2830,7164.08,110,42676.27
140,8,2,2025-11-10,8349,422,1011.23,39,3428.38
140,8,2,2025-11-12,41326,2046,7287.74,129,37957.85
140,8,2,2025-11-20,48985,3714,11509.9,336,51533.14
140,8,2,2025-11-22,17888,509,1311.29,30,10851.66
140,8,2,2025-11-23,43220,2054,7350.31,126,50168.88
140,8,2,2025-11-24,6302,154,339.05,16,5774.49
140,8,2,2025-11-26,20155,961,4160.83,99,13406.32
140,8,2,2025-12-18,6775,521,1746.17,12,1053.62
140,8,2,2025-12-20,38130,2840,5205.14,416,65642.91
140,8,2,2025-12-26,3044,122,64.03,9,2416.58
140,8,2,2025-12-29,8973,518,1026.52,62,4265.45
140,8,2,2025-12-30,45935,2465,10373.62,316,46102.58
140,8,2,2026-01-06,45841,2415,1319.37,100,29348.32
140,8,2,2026-01-09,40240,2630,6593.63,282,22174.95
140,8,2,2026-01-15,40883,640,489.29,43,9626.6
140,8,2,2026-01-20,48200,1758,8759.91,175,28387.73
140,8,2,2026-01-23,21213,627,1606.34,14,4604.73
140,8,2,2026-01-24,9315,273,560.78,22,4710.3
140,8,2,2026-01-29,46095,3308,15766.9,228,57782.53
140,8,2,2026-02-02,14230,510,473.84,28,2566.34
140,8,2,2026-02-06,6813,149,676.47,16,2237.42
140,8,2,2026-02-10,20788,802,2825.71,111,41269.69
140,8,2,2026-02-11,42263,3038,2938.21,109,35444.99
140,8,2,2026-02-13,43720,3257,4309.25,63,24018.9
140,8,2,2026-02-17,9449,643,2437.07,8,2442.76
140,8,2,2026-02-25,17049,577,805.21,37,3786.89
140,8,2,2026-02-27,15856,783,3760.9,63,22306.78
140,8,2,2026-02-28,25818,407,431.7,58,22779.91
140,8,2,2026-03-06,33689,2546,2514.85,292,101948.12
140,8,2,2026-03-08,26510,1639,4320.1,56,15521.16
140,8,2,2026-03-09,3835,228,383.16,33,12343.68
140,8,2,2026-03-16,18328,404,498.48,9,1867.49
140,8,2,2026-03-17,46472,981,3600.85,54,7199.76
140,8,2,2026-03-18,23375,615,1527.09,52,4596.25
140,8,2,2026-04-04,6397,246,421.08,27,4697.69
140,8,2,2026-04-12,37602,1766,7707.84,50,2907.36
140,8,2,2026-04-13,45064,639,2033.04,58,22167.06
140,8,2,2026-04-14,29855,745,2587.16,34,11223.89
140,8,2,2026-04-19,1767,110,129.51,14,2740.23
140,8,2,2026-04-22,39390,664,441.83,99,6841.54
140,8,2,2026-04-26,42731,609,1824.91,44,8208.53
140,8,2,2026-05-02,27099,1720,1508.07,42,15827.45
140,8,2,2026-05-12,9512,388,1581.35,27,2252.46
140,8,2,2026-05-16,7154,307,689.36,38,8315.62
140,8,2,2026-05-19,15582,209,725.23,24,3405.26
140,8,2,2026-05-26,27192,2063,4660.27,207,47673.93
140,8,2,2026-06-01,10774,817,3513.19,26,8243.45
140,8,2,2026-06-05,13662,1091,4351.33,86,13186.55
140,8,2,2026-06-06,43234,1809,7955.32,54,4750.72
140,8,2,2026-06-07,18914,412,902.1,11,3704.8
140,8,2,2026-06-09,19002,759,1630.56,79,24985.69
140,8,2,2026-06-15,1296,80,226.09,5,1210.31
140,8,2,2026-06-20,33667,2469,4485.34,140,25413.71
140,8,2,2026-06-22,41241,701,3220.79,53,19920.33
140,8,2,2026-06-25,18802,705,1377.38,38,4705.74
140,8,2,2026-07-01,21023,657,3188.13,55,18579.11
140,8,2,2026-07-04,9444,410,512.79,9,3498.59
140,8,2,2026-07-05,7972,112,426.84,9,3407.1
140,8,2,2026-07-12,22935,990,714.67,106,20915.46
140,8,2,2026-07-17,39178,1447,3129.35,138,21064.08
140,8,2,2026-07-22,3221,93,101.87,3,613.54
140,8,2,2026-07-23,42536,2355,8493.68,175,48704.27
140,8,2,2026-07-27,4367,124,120.22,15,5290.15
140,8,2,2026-07-28,48238,1637,2160.25,30,10718.69
140,8,2,2026-08-08,18472,888,2498.05,100,16471.51
140,8,2,2026-08-11,2298,71,85.07,9,1892.57
140,8,2,2026-08-16,11865,842,2682.68,25,6785.73
140,8,2,2026-08-18,14433,876,1970.47,60,4033.91
141,8,3,2025-08-21,13436,277,591.66,37,4862.44
141,8,3,2025-08-25,8870,300,1389.62,41,14892.0
141,8,3,2025-08-28,45477,1611,6849.39,229,36691.86
141,8,3,2025-08-31,40512,625,630.9,38,7521.18
141,8,3,2025-09-01,43545,1386,3126.81,134,8926.76
141,8,3,2025-09-10,31688,775,3145.47,22,1427.43
141,8,3,2025-09-12,1121,34,139.54,3,1029.07
141,8,3,2025-09-13,13197,532,1559.31,51,10415.79
141,8,3,2025-09-20,12449,821,1640.28,83,11953.27
141,8,3,2025-09-24,6740,371,1139.81,41,12988.94
141,8,3,2025-09-27,4014,158,296.26,16,1609.8
141,8,3,2025-10-01,19544,412,1313.43,11,860.87
141,8,3,2025-10-02,49502,2652,9519.11,331,114887.66
141,8,3,2025-10-03,48028,3245,5701.9,128,25403.56
141,8,3,2025-10-10,14627,557,761.35,76,20020.3
141,8,3,2025-10-18,11665,834,799.89,57,15112.32
141,8,3,2025-10-21,44826,949,4134.6,52,7253.56
141,8,3,2025-10-27,39260,631,797.94,51,19738.67
141,8,3,2025-10-29,9773,460,1424.13,58,10234.81
141,8,3,2025-10-31,26990,2064,10122.08,304,61693.72
141,8,3,2025-11-03,40208,2151,2313.59,302,17285.15
141,8,3,2025-11-04,46331,3269,3655.0,376,76864.27
141,8,3,2025-11-06,4810,252,381.17,17,5961.12
141,8,3,2025-11-08,2600,48,100.04,1,188.73
141,8,3,2025-11-15,26190,1064,4389.89,63,7712.96
141,8,3,2025-11-18,29960,904,2963.55,16,5881.05
141,8,3,2025-11-23,40067,2776,3618.43,155,51701.49
141,8,3,2025-11-24,44501,857,1353.75,83,24769.87
141,8,3,2025-11-28,6772,294,1360.12,3,1159.61
141,8,3,2025-12-12,19740,1131,3449.64,97,36241.43
141,8,3,2025-12-14,34968,2136,2522.25,225,39362.74
141,8,3,2025-12-18,32976,1197,4000.93,163,21831.51
141,8,3,2025-12-20,1510,76,340.57,5,959.0
141,8,3,2025-12-22,38475,1987,5686.58,241,69574.11
141,8,3,2026-01-02,26788,655,2974.78,45,2682.85
141,8,3,2026-01-05,44561,1497,2465.53,169,9373.9
141,8,3,2026-01-11,32463,1030,2066.82,129,14583.68
141,8,3,2026-01-14,16765,401,1107.78,40,10497.68
141,8,3,2026-01-18,43199,2702,11852.91,157,11266.77
141,8,3,2026-01-20,33546,345,577.54,40,13490.22
141,8,3,2026-01-23,45602,601,985.68,72,27758.24
141,8,3,2026-01-24,40524,631,1098.74,15,3180.96
141,8,3,2026-01-25,7577,294,525.13,5,1906.16
141,8,3,2026-01-26,19885,259,407.28,13,4834.11
141,8,3,2026-01-31,27275,1158,4324.57,64,4411.9
141,8,3,2026-02-02,37888,1578,6186.0,96,29323.43
141,8,3,2026-02-06,5302,254,766.62,33,3378.95
141,8,3,2026-02-07,31380,578,1886.4,44,14762.88
141,8,3,2026-02-11,9367,460,644.94,23,5430.65
141,8,3,2026-02-16,9538,483,1528.18,53,15701.55
141,8,3,2026-02-19,44405,892,3796.63,81,30477.55
141,8,3,2026-02-20,43208,1950,7751.56,245,19403.29
141,8,3,2026-02-24,6932,243,175.99,9,2577.33
141,8,3,2026-02-27,10421,700,1874.57,104,24723.37
141,8,3,2026-02-28,25830,1935,8157.12,36,4344.69
141,8,3,2026-03-01,8373,128,258.03,2,403.78
141,8,3,2026-03-02,17258,209,818.38,10,3102.93
141,8,3,2026-03-06,44959,3003,14661.19,110,24793.12
141,8,3,2026-03-09,39874,2385,11259.18,265,87837.81
141,8,3,2026-03-12,22647,1707,1469.28,106,28501.76
141,8,3,2026-03-13,24033,1735,2894.42,149,42620.21
141,8,3,2026-03-14,1250,94,211.45,13,2039.36
141,8,3,2026-03-19,8130,244,537.08,12,4725.41
141,8,3,2026-03-22,1616,38,97.84,2,654.93
141,8,3,2026-03-27,18509,1436,2667.44,152,25440.91
141,8,3,2026-03-31,13046,763,1417.23,49,18272.97
141,8,3,2026-04-05,22554,668,3219.37,83,14178.79
141,8,3,2026-04-08,3103,93,114.26,1,77.65
141,8,3,2026-04-12,2812,216,530.18,29,9350.02
141,8,3,2026-04-19,22559,1232,4139.92,57,2964.98
141,8,3,2026-04-29,35681,2587,2447.82,139,17379.83
141,8,3,2026-05-06,15282,660,1685.16,59,22261.77
141,8,3,2026-05-08,37963,565,1199.18,12,3754.05
141,8,3,2026-05-09,3609,247,151.24,17,1550.2
141,8,3,2026-05-11,25829,2001,5116.87,230,57071.08
141,8,3,2026-05-16,43480,1795,6200.41,173,19938.04
141,8,3,2026-05-17,31242,622,2353.71,91,20531.48
141,8,3,2026-05-18,29608,2368,1641.98,274,38290.68
141,8,3,2026-05-20,7793,558,2196.66,71,12810.05
141,8,3,2026-05-21,23206,1770,6630.21,52,4076.13
141,8,3,2026-05-23,43802,3091,10431.87,247,73653.86
141,8,3,2026-05-26,31954,1734,1283.49,24,9029.86
141,8,3,2026-05-27,46703,3657,9925.2,311,80534.22
141,8,3,2026-06-02,38210,1737,7112.91,60,20139.32
141,8,3,2026-06-14,19276,475,580.28,63,14865.94
141,8,3,2026-06-16,10083,275,1169.64,21,5203.33
141,8,3,2026-06-21,27557,458,556.25,22,3012.08
141,8,3,2026-06-23,32615,1233,4100.06,96,27515.09
141,8,3,2026-06-24,37514,1407,4165.45,206,18088.34
141,8,3,2026-06-26,8021,278,739.83,26,4560.72
141,8,3,2026-07-01,11963,181,415.34,9,3033.14
141,8,3,2026-07-10,7380,587,2630.12,63,17995.4
141,8,3,2026-07-13,15593,1028,5113.63,115,6498.98
141,8,3,2026-07-18,1465,43,39.24,5,1957.57
141,8,3,2026-07-28,22012,944,4506.67,128,36759.43
141,8,3,2026-07-29,15862,340,1011.34,40,14006.76
141,8,3,2026-08-06,25293,1054,2220.28,130,17079.04
141,8,3,2026-08-07,10230,679,2690.94,83,10914.09
141,8,3,2026-08-09,2942,40,101.56,1,231.68
141,8,3,2026-08-11,49671,1193,1028.21,44,12807.79
141,8,3,2026-08-14,30639,2310,8762.84,277,83570.94
141,8,3,2026-08-16,21351,232,1034.36,6,578.56
141,8,3,2026-08-17,36039,931,1681.66,66,9888.34
142,12,1,2025-08-31,34619,525,1876.74,12,1912.33
142,12,1,2025-09-06,47825,3650,2885.68,359,127882.73
142,12,1,2025-09-10,43310,2921,11345.26,174,62415.86
142,12,1,2025-09-11,19680,727,3306.54,90,33130.99
142,12,1,2025-09-15,8256,367,1235.87,12,3158.56
142,12,1,2025-09-20,2658,59,111.94,5,858.29
142,12,1,2025-09-22,14093,573,2266.19,66,11000.63
142,12,1,2025-09-23,14547,533,547.97,66,6107.84
142,12,1,2025-09-30,1346,18,79.32,1,278.25
142,12,1,2025-10-03,21845,849,1028.65,87,17378.64
142,12,1,2025-10-06,20170,1367,3687.49,188,42662.29
142,12,1,2025-10-23,44799,3310,14601.39,310,40384.48
142,12,1,2025-10-26,11170,176,637.3,20,4016.76
142,12,1,2025-10-28,14370,773,1985.36,52,14007.19
142,12,1,2025-11-02,16045,1219,3678.75,92,12237.85
142,12,1,2025-11-03,21044,543,2665.39,32,2476.26
142,12,1,2025-11-06,3095,165,583.86,15,2150.73
142,12,1,2025-11-10,28722,901,1928.13,68,21536.42
142,12,1,2025-11-11,41118,2685,10951.25,28,9908.91
142,12,1,2025-11-12,2272,31,85.31,1,296.75
142,12,1,2025-11-13,24418,1731,8015.89,127,32597.37
142,12,1,2025-11-17,11762,124,479.1,16,3908.99
142,12,1,2025-11-19,28419,1816,7761.38,38,6935.23
142,12,1,2025-11-20,48900,1017,5052.47,12,2054.64
142,12,1,2025-11-24,49117,924,3618.5,55,8355.73
142,12,1,2025-11-28,12565,776,859.61,15,3549.19
142,12,1,2025-11-30,5823,352,1023.77,47,14736.93
142,12,1,2025-12-01,12215,431,1581.01,56,19668.74
142,12,1,2025-12-02,1202,50,180.42,6,712.99
142,12,1,2025-12-08,7438,114,288.45,7,2611.98
142,12,1,2025-12-09,24482,270,1052.96,6,1966.71
142,12,1,2025-12-11,12167,796,683.13,29,3137.58
142,12,1,2025-12-14,49946,945,651.97,130,16273.71
142,12,1,2025-12-28,10782,236,193.34,14,4633.49
142,12,1,2026-01-04,12104,128,547.7,7,622.2
142,12,1,2026-01-07,5159,156,503.49,4,740.7
142,12,1,2026-01-15,32653,2242,3674.25,116,44798.66
142,12,1,2026-01-20,13797,210,119.99,2,169.93
142,12,1,2026-01-22,37058,983,4835.54,48,7675.96
142,12,1,2026-01-23,32207,2519,6030.18,339,120226.55
142,12,1,2026-01-28,40667,813,1720.33,15,5046.5
142,12,1,2026-01-31,46530,3599,15855.51,532,104801.79
142,12,1,2026-02-02,38107,2836,13451.7,45,8866.79
142,12,1,2026-02-09,19861,703,499.58,36,3291.22
142,12,1,2026-02-19,2304,110,227.62,10,2731.65
142,12,1,2026-03-02,10958,236,704.39,29,10185.97
142,12,1,2026-03-15,45762,830,3044.76,46,2711.93
142,12,1,2026-03-16,24457,553,1084.93,21,4210.26
142,12,1,2026-03-18,23820,1149,4699.26,111,37550.73
142,12,1,2026-03-19,30778,2301,8009.7,155,27423.59
142,12,1,2026-03-23,29183,1194,4925.3,41,8588.43
142,12,1,2026-03-24,46504,2124,1832.87,267,18629.12
142,12,1,2026-03-31,36624,1648,4576.79,75,7519.64
142,12,1,2026-04-06,31746,2418,9878.88,230,42092.15
142,12,1,2026-04-07,9493,628,1521.33,57,13748.46
142,12,1,2026-04-08,23988,840,1510.54,19,1480.19
142,12,1,2026-04-18,6403,164,158.36,18,4331.57
142,12,1,2026-04-20,43861,727,3613.38,56,21217.32
142,12,1,2026-04-27,33052,1246,6069.01,25,5915.31
142,12,1,2026-05-04,16779,732,1075.44,56,20616.36
142,12,1,2026-05-07,49919,3860,18632.38,239,28962.96
142,12,1,2026-05-09,13960,991,2448.27,50,17479.1
142,12,1,2026-05-11,19911,1078,3030.14,94,16188.45
142,12,1,2026-05-20,45573,864,2810.98,67,20814.57
142,12,1,2026-05-31,44341,715,725.39,71,12524.62
142,12,1,2026-06-01,14726,497,1158.81,44,12085.18
142,12,1,2026-06-02,20179,1349,2313.23,175,20388.42
142,12,1,2026-06-03,43266,936,1991.49,78,28175.83
142,12,1,2026-06-08,8543,570,2531.05,35,6199.17
142,12,1,2026-06-13,33315,2494,1398.74,263,39143.95
142,12,1,2026-06-21,17262,514,1940.13,7,534.57
142,12,1,2026-06-22,21503,1163,4212.04,120,35196.29
142,12,1,2026-06-23,21940,1471,2551.15,101,34827.57
142,12,1,2026-06-26,22326,615,530.24,52,15071.81
142,12,1,2026-06-29,40324,1996,6766.49,230,25897.13
142,12,1,2026-07-02,7578,136,236.51,12,4476.74
142,12,1,2026-07-09,44052,540,2073.09,9,635.54
142,12,1,2026-07-15,24845,1145,2629.08,108,26702.04
142,12,1,2026-07-18,14951,894,2682.52,107,27700.47
142,12,1,2026-07-21,42223,638,2374.0,71,25397.96
142,12,1,2026-07-28,17331,198,827.36,18,3823.36
142,12,1,2026-08-07,36384,2021,4743.94,261,18641.09
142,12,1,2026-08-11,6647,422,620.94,26,4478.69
142,12,1,2026-08-17,14983,488,920.94,9,1507.84
143,12,2,2025-08-19,8644,458,732.4,21,3186.81
143,12,2,2025-08-20,33692,658,1147.96,97,18088.22
143,12,2,2025-08-27,1206,77,120.14,3,896.53
143,12,2,2025-08-30,15030,580,713.21,81,15579.2
143,12,2,2025-08-31,14877,409,1434.87,13,3724.5
143,12,2,2025-09-18,19791,1248,4240.83,118,25031.03
143,12,2,2025-09-20,31557,1019,998.37,77,21073.63
143,12,2,2025-09-23,6615,210,411.3,23,2561.89
143,12,2,2025-09-25,49133,577,2863.57,72,20697.21
143,12,2,2025-09-27,6248,82,393.83,4,1597.94
143,12,2,2025-09-30,13033,369,691.61,47,9942.73
143,12,2,2025-10-05,21435,1337,2877.86,170,50230.03
143,12,2,2025-10-06,24289,1413,3395.2,197,53987.46
143,12,2,2025-10-15,38254,1405,2388.54,21,7246.14
143,12,2,2025-10-25,13042,977,1144.05,29,7605.2
143,12,2,2025-10-28,28136,1165,4351.77,137,38540.4
143,12,2,2025-10-29,11805,912,848.03,56,18674.43
143,12,2,2025-11-03,16065,407,861.72,11,2756.6
143,12,2,2025-11-05,40568,2188,2974.26,145,47104.95
143,12,2,2025-11-09,3443,133,71.25,17,3096.9
143,12,2,2025-11-12,20704,448,722.46,56,9343.1
143,12,2,2025-11-23,24130,432,294.05,53,3419.95
143,12,2,2025-11-26,32033,2356,11274.11,261,81357.39
143,12,2,2025-12-04,36563,1339,4097.43,79,10667.17
143,12,2,2025-12-05,29726,2238,3859.88,162,59550.4
143,12,2,2025-12-07,43337,738,1722.39,46,12258.62
143,12,2,2025-12-08,29579,2046,4210.01,265,55650.03
143,12,2,2025-12-15,19496,325,289.7,45,8926.23
143,12,2,2025-12-17,36629,2728,4247.12,195,15576.27
143,12,2,2025-12-22,2745,173,234.33,20,4416.97
143,12,2,2026-01-04,46082,1536,6128.83,44,13329.27
143,12,2,2026-01-07,36527,2900,7389.63,307,112855.71
143,12,2,2026-01-11,27513,359,1781.68,28,4010.76
143,12,2,2026-01-17,44643,883,2166.64,95,5243.85
143,12,2,2026-01-20,5602,160,577.05,9,1548.19
143,12,2,2026-01-22,10967,312,982.35,10,3055.03
143,12,2,2026-01-26,7027,326,935.96,4,766.63
143,12,2,2026-01-29,48392,3330,9250.2,309,106568.05
143,12,2,2026-01-31,34124,790,2402.41,72,6943.67
143,12,2,2026-02-02,22500,423,482.79,40,14022.27
143,12,2,2026-02-06,43264,1574,3998.72,66,15995.94
143,12,2,2026-02-09,44813,2661,3062.21,365,83187.24
143,12,2,2026-02-12,46158,3019,5552.85,280,34045.28
143,12,2,2026-02-13,29165,1137,928.56,109,37965.48
143,12,2,2026-02-20,22235,1100,936.33,72,23196.47
143,12,2,2026-02-22,6645,264,305.7,14,4289.0
143,12,2,2026-02-24,31251,1675,3343.27,89,8768.93
143,12,2,2026-02-27,43803,2255,2560.51,97,9440.87
143,12,2,2026-03-01,4266,76,167.46,2,475.98
143,12,2,2026-03-04,34158,908,1710.31,65,20872.97
143,12,2,2026-03-09,43924,1289,3884.85,109,39163.02
143,12,2,2026-03-10,23456,527,482.29,76,17066.79
143,12,2,2026-03-15,27187,404,1166.26,30,3456.86
143,12,2,2026-03-16,39110,1911,5772.37,170,24605.11
143,12,2,2026-03-21,48180,2033,8985.93,54,12202.71
143,12,2,2026-03-22,15679,938,1852.48,112,15443.35
143,12,2,2026-03-24,1239,36,128.9,4,1107.23
143,12,2,2026-03-26,42012,674,844.11,69,16204.68
143,12,2,2026-03-31,13492,767,1983.66,37,7649.97
143,12,2,2026-04-14,30679,489,1084.15,45,4711.05
143,12,2,2026-04-23,15507,1083,1711.0,20,3504.01
143,12,2,2026-04-28,6081,471,2029.82,43,13630.3
143,12,2,2026-05-17,16583,436,782.33,62,8934.31
143,12,2,2026-05-20,43270,944,1761.95,58,12326.86
143,12,2,2026-05-29,4932,340,1683.41,7,1054.3
143,12,2,2026-05-30,13841,269,1189.97,37,12506.54
143,12,2,2026-06-03,21912,1231,1290.56,32,8164.82
143,12,2,2026-06-07,27279,1321,3489.8,140,45859.32
143,12,2,2026-06-18,16032,683,3057.15,92,9426.08
143,12,2,2026-06-25,18600,1026,3579.14,97,11835.52
143,12,2,2026-06-28,27983,1485,3361.55,145,10560.1
143,12,2,2026-06-29,35994,435,1289.58,7,558.75
143,12,2,2026-07-02,20116,1565,7066.32,171,10459.82
143,12,2,2026-07-09,14237,324,679.42,15,2447.06
143,12,2,2026-07-10,49111,2232,6230.54,52,13620.79
143,12,2,2026-07-13,39469,1819,7889.78,224,37758.51
143,12,2,2026-07-16,35572,1426,1164.89,138,43833.64
143,12,2,2026-07-22,28447,1526,958.15,23,2856.5
143,12,2,2026-07-23,24225,1624,7083.07,161,63518.3
143,12,2,2026-07-24,35597,464,2015.8,55,18433.22
143,12,2,2026-07-26,19720,1075,2193.76,115,29012.57
143,12,2,2026-08-01,31256,446,1861.68,9,3502.6
143,12,2,2026-08-12,29764,1123,2376.61,159,50181.49
143,12,2,2026-08-18,7066,505,1118.25,42,5905.82
144,12,3,2025-08-22,20411,1519,779.69,136,36112.76
144,12,3,2025-08-23,43124,2574,7783.72,169,46661.75
144,12,3,2025-08-24,28058,1906,5908.3,179,19914.8
144,12,3,2025-08-26,13140,475,1247.14,19,1347.26
144,12,3,2025-08-28,1605,33,132.63,1,249.76
144,12,3,2025-09-01,13420,909,4054.22,89,19021.05
144,12,3,2025-09-02,20594,470,1007.97,54,16474.93
144,12,3,2025-09-05,11116,614,1667.25,67,26351.11
144,12,3,2025-09-06,24982,638,1300.07,31,2802.69
144,12,3,2025-09-07,11699,887,1100.02,109,26490.27
144,12,3,2025-09-16,42535,1099,772.62,87,13947.63
144,12,3,2025-09-22,29507,1383,2476.2,196,66439.37
144,12,3,2025-09-25,46022,3640,14432.89,476,160554.13
144,12,3,2025-09-27,13527,193,590.94,11,3333.98
144,12,3,2025-10-07,22176,1471,1110.57,79,29360.73
144,12,3,2025-10-12,45678,1541,2449.3,196,71567.53
144,12,3,2025-10-13,7473,358,1009.78,35,11031.45
144,12,3,2025-10-17,31048,1271,3801.25,71,5155.71
144,12,3,2025-10-27,4385,121,366.1,17,3185.06
144,12,3,2025-10-29,39721,2434,10777.23,287,26805.43
144,12,3,2025-11-13,40778,905,478.37,91,12003.39
144,12,3,2025-11-14,21648,1214,647.72,38,2009.88
144,12,3,2025-11-18,42810,2103,5516.38,256,65727.97
144,12,3,2025-11-19,4045,230,640.37,8,720.2
144,12,3,2025-11-23,28017,490,2429.02,19,3261.66
144,12,3,2025-11-24,18397,344,829.79,48,10350.92
144,12,3,2025-11-26,45523,3638,12481.31,526,196807.08
144,12,3,2025-11-28,14344,735,2627.5,64,16110.57
144,12,3,2025-11-29,14627,834,445.69,70,3816.84
144,12,3,2025-11-30,28122,1695,4480.24,62,16886.99
144,12,3,2025-12-03,19452,966,3440.83,47,5706.18
144,12,3,2025-12-05,13879,568,827.16,63,20452.26
144,12,3,2025-12-09,7277,408,776.54,48,8519.39
144,12,3,2025-12-10,28720,354,369.84,5,928.37
144,12,3,2025-12-14,15368,184,437.81,21,2109.25
144,12,3,2025-12-19,10581,368,1713.61,35,8618.52
144,12,3,2025-12-30,32023,862,1649.56,117,32784.03
144,12,3,2026-01-10,11135,559,2179.76,72,7410.82
144,12,3,2026-01-12,27001,667,1028.43,82,5913.07
144,12,3,2026-01-27,35774,1506,4611.67,59,14417.26
144,12,3,2026-01-29,20726,1195,1837.17,67,20732.99
144,12,3,2026-02-03,21861,391,1391.61,24,1263.59
144,12,3,2026-02-10,31407,336,247.23,40,5860.01
144,12,3,2026-02-21,26928,1817,2914.94,91,15155.49
144,12,3,2026-02-24,27277,1785,1371.71,134,32105.93
144,12,3,2026-03-03,28255,1300,1769.56,117,28939.43
144,12,3,2026-03-08,38755,1323,2021.58,130,28778.97
144,12,3,2026-03-09,36444,2650,10658.61,62,12576.68
144,12,3,2026-03-16,26591,1478,1471.63,168,27987.86
144,12,3,2026-03-17,10683,421,1247.5,59,3644.13
144,12,3,2026-03-19,31344,2452,5355.74,97,18638.2
144,12,3,2026-03-20,10802,467,1622.38,28,3944.17
144,12,3,2026-03-21,13094,647,929.28,67,9098.0
144,12,3,2026-03-22,9945,443,1282.05,52,11323.06
144,12,3,2026-03-23,47725,3457,7130.21,381,38113.57
144,12,3,2026-03-27,36624,2638,8340.25,271,46476.89
144,12,3,2026-03-28,41913,834,4072.09,17,5691.88
144,12,3,2026-04-07,23374,976,4463.45,97,15482.37
144,12,3,2026-04-08,40504,2731,3608.44,94,31783.56
144,12,3,2026-04-17,39479,590,2814.26,87,12294.28
144,12,3,2026-04-19,23812,550,2604.12,55,17478.98
144,12,3,2026-04-23,22942,1157,2682.95,29,1463.54
144,12,3,2026-04-27,44696,1968,9395.23,49,16780.15
144,12,3,2026-04-30,22013,1247,4363.35,90,33198.95
144,12,3,2026-05-11,41131,2793,13817.44,271,45262.59
144,12,3,2026-05-20,43817,1896,8647.52,276,29106.04
144,12,3,2026-05-21,18668,1250,5631.24,52,14439.46
144,12,3,2026-05-23,25197,690,3397.04,57,14832.18
144,12,3,2026-05-28,41935,782,3484.11,10,3049.3
144,12,3,2026-05-30,41603,1398,6117.99,47,5471.97
144,12,3,2026-06-07,5745,381,931.68,11,4088.8
144,12,3,2026-06-20,10759,219,244.75,20,1670.89
144,12,3,2026-06-24,47873,2643,5121.62,184,25623.05
144,12,3,2026-06-26,25957,1275,2181.33,185,19448.68
144,12,3,2026-06-28,43187,2299,7103.46,222,67020.95
144,12,3,2026-06-29,48665,1738,7073.51,130,37838.13
144,12,3,2026-07-01,39828,725,1947.51,50,13760.36
144,12,3,2026-07-03,4876,265,1180.96,9,3038.29
144,12,3,2026-07-04,32946,1096,2025.3,112,8281.88
144,12,3,2026-07-06,47754,3766,3526.8,226,87516.8
144,12,3,2026-07-08,42967,3310,3881.57,272,38678.2
144,12,3,2026-07-12,24448,665,1358.36,22,3858.23
144,12,3,2026-07-15,1382,36,70.67,3,1188.69
144,12,3,2026-07-19,3168,152,414.6,18,6593.19
144,12,3,2026-07-21,23267,740,2565.9,89,14230.57
144,12,3,2026-07-22,44277,2219,7171.52,235,75251.15
144,12,3,2026-07-25,35301,2547,9595.04,331,96782.37
144,12,3,2026-08-11,37304,2025,4005.13,33,7293.79
145,85,1,2025-08-26,29643,2221,10467.51,50,19691.02
145,85,1,2025-08-28,15010,769,3564.13,108,6676.71
145,85,1,2025-09-01,38606,1100,4619.56,18,5122.98
145,85,1,2025-09-07,17758,1245,6115.69,30,2271.73
145,85,1,2025-09-09,17183,983,4641.39,64,15015.2
145,85,1,2025-09-11,49446,3923,5714.7,307,39868.34
145,85,1,2025-09-13,37375,1769,6189.8,110,38751.13
145,85,1,2025-09-19,45506,3000,9356.3,375,96158.54
145,85,1,2025-09-24,25825,1371,736.79,20,2531.13
145,85,1,2025-09-26,38649,494,777.4,29,10916.0
145,85,1,2025-09-27,35103,808,1363.69,96,34817.55
145,85,1,2025-09-30,29511,924,3780.25,44,17071.74
145,85,1,2025-10-04,13786,907,2575.35,97,19453.02
145,85,1,2025-10-12,21053,413,1014.05,6,1391.6
145,85,1,2025-10-16,32967,2496,2706.41,334,55276.89
145,85,1,2025-10-17,44377,1610,6450.68,163,19177.33
145,85,1,2025-10-22,30860,1169,5639.21,164,40042.69
145,85,1,2025-10-29,11710,925,2669.53,75,17835.12
145,85,1,2025-11-04,32452,556,998.54,14,2843.73
145,85,1,2025-11-18,40712,2628,2990.19,392,138300.54
145,85,1,2025-11-20,30040,2386,3170.01,191,12538.27
145,85,1,2025-11-23,15044,871,2919.07,33,7041.27
145,85,1,2025-11-29,17674,1173,3690.45,56,3869.39
145,85,1,2025-12-09,49893,1413,2343.12,18,3991.49
145,85,1,2025-12-11,31149,1198,5492.02,32,2426.85
145,85,1,2025-12-12,30195,1067,885.58,158,53871.75
145,85,1,2025-12-13,6237,230,595.9,4,638.86
145,85,1,2025-12-20,24258,698,1945.26,92,4879.15
145,85,1,2025-12-25,2608,107,167.28,1,396.9
145,85,1,2025-12-30,46551,1819,7714.61,195,76029.36
145,85,1,2026-01-02,49917,2334,4686.96,124,17945.91
145,85,1,2026-01-10,18630,761,2370.83,24,6471.08
145,85,1,2026-01-12,25912,1425,6370.78,77,10996.4
145,85,1,2026-01-14,46242,1860,1550.46,25,9996.02
145,85,1,2026-01-15,31481,1621,4586.98,98,5596.66
145,85,1,2026-01-21,23000,321,1409.97,14,2425.37
145,85,1,2026-01-25,21005,916,3777.62,28,8292.79
145,85,1,2026-02-01,17536,1022,1616.36,94,22011.58
145,85,1,2026-02-04,25895,620,493.15,28,9582.1
145,85,1,2026-02-10,47709,3401,10080.55,248,25526.15
145,85,1,2026-02-18,22220,1060,4581.36,112,13075.77
145,85,1,2026-02-22,41892,2393,11432.86,180,49499.09
145,85,1,2026-02-24,31760,1047,2545.82,84,25293.95
145,85,1,2026-02-25,14339,916,1460.93,95,34537.12
145,85,1,2026-03-02,6811,275,701.75,24,4851.99
145,85,1,2026-03-07,31052,1885,1023.06,45,16950.87
145,85,1,2026-03-09,8059,158,681.42,15,1314.63
145,85,1,2026-03-19,20320,780,775.39,59,4741.65
145,85,1,2026-03-20,29880,1355,6448.18,79,12451.88
145,85,1,2026-03-22,46610,1722,967.01,236,38252.21
145,85,1,2026-03-31,22548,1496,2609.91,41,5469.21
145,85,1,2026-04-04,20539,279,650.51,10,1410.81
145,85,1,2026-04-07,3725,234,873.08,31,7715.02
145,85,1,2026-04-09,44617,1044,4264.93,141,32154.22
145,85,1,2026-04-11,26843,2054,3145.31,256,96035.94
145,85,1,2026-04-13,6933,159,732.43,6,954.24
145,85,1,2026-04-15,44613,2497,2823.36,193,58503.52
145,85,1,2026-04-25,16606,1096,2983.98,124,12922.87
145,85,1,2026-04-27,6739,167,207.56,11,2609.11
145,85,1,2026-04-28,18070,913,832.01,49,6930.47
145,85,1,2026-04-30,27255,1274,1469.63,133,14406.48
145,85,1,2026-05-02,41889,2446,7658.45,94,36709.96
145,85,1,2026-05-11,32048,2210,5560.6,275,37968.89
145,85,1,2026-05-12,46792,2112,7183.45,98,38724.91
145,85,1,2026-05-13,40677,1758,4802.32,89,25682.81
145,85,1,2026-05-16,35741,681,3147.96,13,1249.52
145,85,1,2026-05-17,17932,1171,3985.74,66,16867.85
145,85,1,2026-05-21,40728,570,2564.86,14,3990.06
145,85,1,2026-05-23,34559,1379,4535.04,150,36504.29
145,85,1,2026-05-28,32941,1020,687.9,87,13531.25
145,85,1,2026-05-29,14584,711,1909.16,13,4677.23
145,85,1,2026-06-02,29521,1042,842.41,143,17966.53
145,85,1,2026-06-05,12985,868,908.28,40,5600.86
145,85,1,2026-06-06,35801,1755,2619.68,156,53059.83
145,85,1,2026-06-07,22576,1185,3189.04,85,29130.73
145,85,1,2026-06-08,30473,307,1095.12,5,620.99
145,85,1,2026-06-17,3844,207,559.68,15,1904.94
145,85,1,2026-06-28,6837,417,546.97,54,12402.66
145,85,1,2026-06-30,5394,351,669.95,27,3021.18
145,85,1,2026-07-07,38343,1881,3815.17,210,20753.89
145,85,1,2026-07-14,34647,2275,10580.71,169,24983.8
145,85,1,2026-07-16,23148,1463,5420.33,181,66726.67
145,85,1,2026-07-17,3107,167,543.21,2,117.88
145,85,1,2026-07-19,5064,169,454.23,8,1992.09
145,85,1,2026-07-20,39283,2783,7680.83,322,83724.65
145,85,1,2026-07-22,4522,63,63.58,0,0.0
145,85,1,2026-07-25,32307,1713,2331.39,199,73798.76
145,85,1,2026-07-28,12506,179,98.81,24,2616.58
145,85,1,2026-08-05,7329,526,559.99,22,4006.74
145,85,1,2026-08-06,8997,185,179.74,12,3475.03
145,85,1,2026-08-13,35109,1821,5178.55,90,29582.92
145,85,1,2026-08-17,32359,2115,1893.51,44,8601.15
146,85,2,2025-08-29,2452,85,179.51,4,1274.62
146,85,2,2025-09-01,28512,953,3528.62,135,32441.42
146,85,2,2025-09-04,31053,1098,1341.7,27,8573.08
146,85,2,2025-09-10,39424,1312,1449.93,64,12991.13
146,85,2,2025-09-13,19554,1501,1076.54,192,18057.72
146,85,2,2025-09-15,30287,2420,3913.32,314,107388.49
146,85,2,2025-09-18,9573,329,608.68,9,2392.73
146,85,2,2025-09-24,8228,326,1302.2,15,3527.61
146,85,2,2025-09-27,45238,3113,2127.28,250,54388.31
146,85,2,2025-09-28,32399,1074,2903.58,29,5973.3
146,85,2,2025-10-03,3060,147,90.56,11,2947.41
146,85,2,2025-10-04,13809,405,1088.67,30,10737.59
146,85,2,2025-10-08,6780,230,174.05,17,6636.63
146,85,2,2025-10-09,6395,330,1456.9,6,2359.2
146,85,2,2025-10-19,40564,1921,1930.25,66,15298.07
146,85,2,2025-10-23,36282,1096,4605.6,163,37803.19
146,85,2,2025-10-24,20524,1095,611.16,57,21804.06
146,85,2,2025-10-26,40231,2652,4685.53,238,76009.58
146,85,2,2025-10-27,22722,987,2666.67,122,24064.06
146,85,2,2025-11-01,30609,1198,1791.73,146,57198.66
146,85,2,2025-11-10,40826,659,343.2,65,4446.15
146,85,2,2025-11-17,1530,91,428.67,4,1244.88
146,85,2,2025-11-25,21656,1487,1605.87,91,22309.16
146,85,2,2025-12-03,2235,68,125.51,7,1589.74
146,85,2,2025-12-09,20050,634,1447.53,70,24111.86
146,85,2,2025-12-11,10283,768,3128.93,23,7808.46
146,85,2,2025-12-15,6775,345,1419.73,18,7132.66
146,85,2,2025-12-16,12029,409,756.98,51,11672.57
146,85,2,2025-12-24,25015,1602,3509.35,89,9330.37
146,85,2,2025-12-31,38840,2645,8943.19,262,81279.97
146,85,2,2026-01-01,40005,2404,2441.08,285,70049.07
146,85,2,2026-01-03,5304,207,641.16,12,4181.59
146,85,2,2026-01-09,37699,1561,3817.68,37,5466.46
146,85,2,2026-01-10,31887,1143,4101.66,98,16294.96
146,85,2,2026-01-11,5108,215,1031.36,28,8325.5
146,85,2,2026-01-20,29662,1114,3137.89,153,27490.38
146,85,2,2026-01-24,33757,1872,5741.55,264,85971.37
146,85,2,2026-01-27,10009,734,1940.61,43,15369.18
146,85,2,2026-01-31,27402,1623,3230.14,131,7551.95
146,85,2,2026-02-01,13279,935,2726.93,22,2239.6
146,85,2,2026-02-15,7681,284,603.86,30,7352.96
146,85,2,2026-02-19,45002,3563,4792.12,130,26241.17
146,85,2,2026-02-21,12593,293,318.29,6,1732.33
146,85,2,2026-02-22,21451,1421,3835.29,179,44847.7
146,85,2,2026-02-26,25732,1854,5409.81,52,3515.52
146,85,2,2026-03-01,39534,2242,7571.89,147,25926.61
146,85,2,2026-03-15,13682,692,1637.16,20,4167.13
146,85,2,2026-03-17,38993,1997,9830.87,173,49467.7
146,85,2,2026-03-25,10674,271,374.44,37,8707.51
146,85,2,2026-03-26,34129,582,759.21,82,17241.69
146,85,2,2026-03-28,19289,1189,4379.58,62,24789.45
146,85,2,2026-03-29,46194,2767,11328.75,215,78042.15
146,85,2,2026-04-03,35716,1692,6033.16,146,49778.32
146,85,2,2026-04-16,14189,544,1157.22,31,9913.83
146,85,2,2026-04-23,46379,3544,12025.81,243,62450.67
146,85,2,2026-04-30,18785,682,2214.8,69,15506.28
146,85,2,2026-05-01,4167,89,360.8,9,3210.2
146,85,2,2026-05-03,2465,118,111.57,10,3057.45
146,85,2,2026-05-06,8502,294,852.6,5,1308.03
146,85,2,2026-05-14,17522,449,1310.17,33,13007.42
146,85,2,2026-05-18,41573,2744,7093.96,314,22026.89
146,85,2,2026-05-21,33189,654,814.09,67,8678.89
146,85,2,2026-05-24,31098,1578,4445.53,136,39662.43
146,85,2,2026-05-28,33107,2262,10333.37,320,104264.0
146,85,2,2026-05-30,21011,1235,5488.72,177,20310.15
146,85,2,2026-06-06,22935,417,314.37,30,10461.72
146,85,2,2026-06-08,7584,449,856.78,37,6464.24
146,85,2,2026-06-09,19631,1371,771.17,135,37206.95
146,85,2,2026-06-11,19565,1231,4381.01,94,10660.29
146,85,2,2026-06-15,25511,672,881.9,24,7352.52
146,85,2,2026-06-16,28590,377,580.28,18,1037.76
146,85,2,2026-06-17,42884,1528,5500.95,130,33220.35
146,85,2,2026-06-26,46206,1119,3690.54,155,38691.8
146,85,2,2026-06-28,27755,1549,1979.01,110,23149.25
146,85,2,2026-07-14,3536,83,146.4,8,1208.13
146,85,2,2026-07-15,48805,1281,3398.6,34,3302.54
146,85,2,2026-07-22,39190,2545,3899.46,371,67712.86
146,85,2,2026-07-27,37259,2525,12131.69,247,40647.79
146,85,2,2026-07-28,39545,2951,4506.33,226,37877.37
146,85,2,2026-07-29,39969,2143,4723.02,288,102875.87
146,85,2,2026-07-31,20632,365,1150.26,11,2490.33
146,85,2,2026-08-07,24924,1484,1944.6,134,30793.35
146,85,2,2026-08-16,19415,531,1576.99,14,1471.65
147,85,3,2025-08-23,42698,992,3634.08,85,7767.47
147,85,3,2025-08-29,27481,1636,8032.09,55,10234.78
147,85,3,2025-09-01,17119,1057,1401.75,122,46749.49
147,85,3,2025-09-02,13110,262,435.05,21,1899.78
147,85,3,2025-09-04,7099,363,1681.7,18,6058.13
147,85,3,2025-09-05,49321,3116,14766.14,203,78881.34
147,85,3,2025-09-07,8502,322,1222.1,10,621.02
147,85,3,2025-09-08,26755,1154,4977.23,92,26755.67
147,85,3,2025-09-09,14317,585,1758.48,38,4925.77
147,85,3,2025-09-24,12467,414,679.88,30,8617.42
147,85,3,2025-09-25,17327,1041,2698.14,99,32334.85
147,85,3,2025-09-27,45447,1974,7021.05,195,30334.34
147,85,3,2025-09-30,12548,476,2105.7,32,4877.64
147,85,3,2025-10-01,35195,749,944.47,66,22299.96
147,85,3,2025-10-06,44821,2385,6972.2,238,31968.88
147,85,3,2025-10-07,23188,1463,930.81,26,2446.11
147,85,3,2025-10-08,29971,1013,1914.2,40,4143.18
147,85,3,2025-10-14,17126,745,823.26,14,5593.62
147,85,3,2025-10-17,37305,661,2406.97,67,21837.83
147,85,3,2025-10-20,45860,2876,3000.74,232,40963.23
147,85,3,2025-10-23,2267,77,362.05,9,2026.75
147,85,3,2025-10-26,1361,93,137.75,13,3008.13
147,85,3,2025-11-03,35084,930,4053.67,58,5155.48
147,85,3,2025-11-06,13768,312,910.96,35,4279.79
147,85,3,2025-11-08,41348,2376,2405.59,320,72488.3
147,85,3,2025-11-09,8558,277,958.63,21,4300.39
147,85,3,2025-11-17,31706,783,739.2,21,7639.06
147,85,3,2025-11-25,23706,1260,5523.73,60,4642.39
147,85,3,2025-12-03,12847,308,911.69,28,6149.93
147,85,3,2025-12-04,23786,1626,2483.89,147,16942.66
147,85,3,2025-12-06,18917,375,1628.32,5,1397.3
147,85,3,2025-12-11,36834,2592,1401.27,330,44860.63
147,85,3,2025-12-12,37077,607,981.77,57,2893.32
147,85,3,2025-12-13,37083,2483,9419.69,209,56380.6
147,85,3,2025-12-16,20169,330,503.0,21,5550.45
147,85,3,2025-12-20,15136,624,921.81,72,7351.68
147,85,3,2025-12-21,44139,1847,2686.92,87,20669.69
147,85,3,2025-12-25,39142,2115,2096.11,115,36509.56
147,85,3,2025-12-30,27619,1212,4473.94,79,26706.4
147,85,3,2026-01-01,19773,789,618.84,8,1437.78
147,85,3,2026-01-03,40829,715,3388.97,85,12205.33
147,85,3,2026-01-04,36159,1096,683.7,144,32107.89
147,85,3,2026-01-07,14736,1102,1793.37,49,17913.64
147,85,3,2026-01-13,11146,123,602.19,5,820.01
147,85,3,2026-01-22,17413,368,1775.19,12,2518.55
147,85,3,2026-01-26,47995,2927,3064.69,83,25267.68
147,85,3,2026-02-01,37861,583,2164.2,11,555.14
147,85,3,2026-02-02,18192,1415,3332.02,157,20935.42
147,85,3,2026-02-05,18605,661,3251.94,25,3152.94
147,85,3,2026-02-06,38997,1782,3128.03,169,36878.17
147,85,3,2026-02-11,23569,1641,6712.4,72,24443.66
147,85,3,2026-02-27,6654,351,512.49,42,14322.73
147,85,3,2026-03-09,33541,676,692.54,39,2930.42
147,85,3,2026-03-11,46097,3429,11977.59,74,5047.8
147,85,3,2026-03-13,35022,1855,1713.21,103,18937.52
147,85,3,2026-03-14,28091,863,2450.69,65,21488.53
147,85,3,2026-03-20,28318,785,1832.22,96,25512.42
147,85,3,2026-03-23,34075,2022,5609.37,177,12322.84
147,85,3,2026-03-28,36931,1081,2000.01,155,16308.87
147,85,3,2026-03-29,39763,2558,8177.72,256,90952.7
147,85,3,2026-04-01,12428,699,3424.67,30,4896.55
147,85,3,2026-04-02,9008,165,368.43,6,1830.66
147,85,3,2026-04-03,19665,258,186.56,6,876.55
147,85,3,2026-04-06,30655,614,872.89,7,966.33
147,85,3,2026-04-10,13322,229,633.17,6,1926.92
147,85,3,2026-04-13,6466,412,719.12,28,4299.22
147,85,3,2026-04-16,5387,169,551.17,7,2250.78
147,85,3,2026-04-19,32194,2090,1443.72,287,85076.11
147,85,3,2026-04-30,47488,3762,16718.0,239,87713.45
147,85,3,2026-05-01,34905,2187,1593.2,26,9921.0
147,85,3,2026-05-02,48072,3601,16897.86,348,28251.1
147,85,3,2026-05-21,16013,854,1609.13,82,21834.18
147,85,3,2026-05-25,15462,384,1267.53,38,8884.93
147,85,3,2026-05-26,7186,246,350.75,27,6628.19
147,85,3,2026-06-03,38247,1359,5104.15,156,11742.91
147,85,3,2026-06-04,25575,1581,2588.9,48,8593.54
147,85,3,2026-06-07,16451,608,1130.74,57,8706.24
147,85,3,2026-06-09,34729,612,1701.31,82,30394.42
147,85,3,2026-06-11,5211,157,770.42,3,1156.39
147,85,3,2026-06-20,5475,189,292.81,5,427.47
147,85,3,2026-06-25,30929,1937,3399.86,154,58449.38
147,85,3,2026-06-29,27934,1435,4055.77,103,5322.62
147,85,3,2026-06-30,23793,918,1377.24,93,20914.95
147,85,3,2026-07-07,9298,712,2089.17,53,8875.34
147,85,3,2026-07-08,4164,321,1549.86,11,787.27
147,85,3,2026-07-14,6046,308,642.11,23,1178.01
147,85,3,2026-07-17,22795,1665,1998.63,37,14488.22
147,85,3,2026-07-22,18826,716,3441.06,45,16392.25
147,85,3,2026-07-25,44061,1849,8351.95,69,18932.26
147,85,3,2026-07-28,28252,681,1163.88,55,4171.12
147,85,3,2026-08-05,47602,555,2136.6,26,8217.68
147,85,3,2026-08-07,6677,185,351.94,12,3182.46
147,85,3,2026-08-09,7899,273,1324.75,34,10720.43
147,85,3,2026-08-10,21482,610,2414.19,10,2631.77
147,85,3,2026-08-11,2649,120,414.11,6,2279.11
147,85,3,2026-08-15,7888,473,1790.78,65,16680.01
148,54,1,2025-08-21,45491,2797,3452.28,44,9437.62
148,54,1,2025-08-24,40544,1810,8332.77,126,15590.89
148,54,1,2025-08-27,21894,389,663.12,45,9361.49
148,54,1,2025-08-28,9339,203,969.71,10,3705.55
148,54,1,2025-09-01,27545,789,3616.66,33,8034.1
148,54,1,2025-09-02,25808,430,308.21,13,1618.75
148,54,1,2025-09-05,19614,303,1212.69,36,6399.75
148,54,1,2025-09-12,21038,411,982.58,28,7642.16
148,54,1,2025-09-15,19606,985,3107.29,23,3451.12
148,54,1,2025-09-17,20533,1536,4735.24,160,32048.51
148,54,1,2025-09-25,39855,3065,2289.23,219,73329.32
148,54,1,2025-09-29,14386,869,3481.58,28,8762.0
148,54,1,2025-10-06,12679,800,2457.11,23,1663.23
148,54,1,2025-10-16,5418,168,839.19,9,725.0
148,54,1,2025-10-18,47471,2169,10199.64,30,9365.84
148,54,1,2025-10-19,10543,410,1773.43,36,9914.1
148,54,1,2025-10-20,45498,3386,16636.43,66,6587.99
148,54,1,2025-10-28,42649,2031,9823.22,118,7239.89
148,54,1,2025-10-29,47674,1524,4087.05,56,3668.94
148,54,1,2025-10-31,5522,103,498.14,12,4231.91
148,54,1,2025-11-04,34979,2367,10786.48,124,9952.14
148,54,1,2025-11-07,7832,486,1683.21,58,5010.13
148,54,1,2025-11-08,34906,1103,1643.25,19,1537.3
148,54,1,2025-11-12,2951,109,470.38,1,323.47
148,54,1,2025-11-13,21834,1137,3683.85,91,25252.18
148,54,1,2025-11-17,39686,2837,3478.2,255,88892.09
148,54,1,2025-11-19,11839,366,367.53,46,10317.91
148,54,1,2025-12-03,20996,1364,2631.3,190,56924.39
148,54,1,2025-12-05,34821,2088,7616.19,161,23965.78
148,54,1,2025-12-09,24453,683,3173.3,81,15722.94
148,54,1,2025-12-11,11807,735,2134.45,20,1402.62
148,54,1,2025-12-14,24204,1347,3074.6,76,13441.95
148,54,1,2025-12-21,11771,160,427.52,21,4997.42
148,54,1,2025-12-24,35819,1739,4845.13,127,27636.4
148,54,1,2025-12-25,37996,1901,7307.43,138,15076.49
148,54,1,2025-12-26,38788,1342,3131.99,169,21389.34
148,54,1,2025-12-28,6352,221,926.05,24,7618.45
148,54,1,2025-12-29,22061,287,154.14,9,1057.09
148,54,1,2026-01-14,11098,434,1178.98,41,6391.87
148,54,1,2026-01-15,31317,2378,8213.45,271,51180.63
148,54,1,2026-01-21,2474,140,218.23,12,902.96
148,54,1,2026-01-22,48774,1357,5093.56,25,6112.83
148,54,1,2026-01-23,14278,422,284.55,6,2287.73
148,54,1,2026-01-25,32275,2015,9913.92,107,29234.5
148,54,1,2026-02-08,46755,3170,5664.74,433,60582.41
148,54,1,2026-02-13,21354,864,563.24,85,25448.54
148,54,1,2026-02-14,22963,992,4707.04,139,37764.73
148,54,1,2026-02-18,21155,1674,1378.93,225,30699.27
148,54,1,2026-02-21,22413,1505,5480.65,107,30657.52
148,54,1,2026-02-23,48323,2912,13123.08,121,44321.05
148,54,1,2026-03-03,13734,573,2864.52,53,6050.27
148,54,1,2026-03-04,19831,1458,4867.55,63,6175.62
148,54,1,2026-03-06,8769,140,678.86,1,342.38
148,54,1,2026-03-09,42639,2429,4742.98,40,7955.68
148,54,1,2026-03-16,12727,292,576.96,31,7887.03
148,54,1,2026-03-18,32253,2192,10953.43,209,24584.86
148,54,1,2026-03-21,2210,153,712.43,11,2520.89
148,54,1,2026-03-25,18394,1349,1515.35,104,5749.37
148,54,1,2026-03-30,41726,2540,11771.47,110,41317.16
148,54,1,2026-04-02,29885,1543,5799.04,126,27507.92
148,54,1,2026-04-05,30950,1801,4390.52,30,11448.07
148,54,1,2026-04-13,8167,636,1468.14,28,4107.58
148,54,1,2026-04-17,34935,1386,6861.93,165,36551.72
148,54,1,2026-04-18,18063,1304,6023.37,166,49696.38
148,54,1,2026-04-22,13324,732,3261.2,23,3890.89
148,54,1,2026-04-28,13031,663,2115.15,78,31150.69
148,54,1,2026-04-30,29681,2318,2395.62,64,10710.81
148,54,1,2026-05-12,30218,1515,2693.32,157,45665.05
148,54,1,2026-05-16,37494,1970,3462.39,99,14562.77
148,54,1,2026-05-17,7408,252,469.25,36,8122.32
148,54,1,2026-05-19,43292,1372,2107.18,43,5812.85
148,54,1,2026-05-29,34566,1718,4137.02,68,5177.76
148,54,1,2026-06-06,4014,208,191.0,16,5307.55
148,54,1,2026-06-08,3414,254,359.92,20,7790.98
148,54,1,2026-06-10,26899,312,203.72,31,8425.72
148,54,1,2026-06-24,28389,1259,4771.52,27,2321.97
148,54,1,2026-06-26,8073,213,924.07,15,4662.34
148,54,1,2026-06-30,12014,165,282.57,3,586.38
148,54,1,2026-07-06,6891,243,1067.72,34,9522.66
148,54,1,2026-07-13,10394,703,3477.29,103,36303.77
148,54,1,2026-07-22,25474,373,1297.81,24,3540.19
148,54,1,2026-08-06,29648,412,1948.85,6,2288.53
148,54,1,2026-08-09,12441,226,665.01,10,1188.99
148,54,1,2026-08-12,19847,462,2243.9,13,2511.37
148,54,1,2026-08-15,36991,1179,3664.44,147,58286.06
149,54,2,2025-08-19,40618,1879,2432.05,32,3616.47
149,54,2,2025-08-21,2479,176,509.41,7,1761.12
149,54,2,2025-08-23,31894,1304,3193.8,99,34411.9
149,54,2,2025-08-27,3603,148,353.45,18,1255.32
149,54,2,2025-08-29,4254,278,1098.84,7,552.53
149,54,2,2025-09-03,5680,241,383.87,21,1350.39
149,54,2,2025-09-05,7386,566,1449.5,71,16789.02
149,54,2,2025-09-07,46425,623,1635.97,73,18873.32
149,54,2,2025-09-10,36834,1704,6383.37,87,34706.73
149,54,2,2025-09-13,25874,1129,1986.23,77,23957.33
149,54,2,2025-09-14,37082,1356,1940.41,183,55386.39
149,54,2,2025-09-18,20970,1641,6395.09,155,23633.62
149,54,2,2025-09-19,13755,180,174.46,15,893.07
149,54,2,2025-09-24,9337,607,605.85,69,23949.11
149,54,2,2025-09-28,40971,3047,9759.76,335,53633.0
149,54,2,2025-09-29,46993,1043,2855.22,104,30963.84
149,54,2,2025-10-02,17668,909,2326.94,11,647.67
149,54,2,2025-10-04,49606,3961,9438.73,134,52562.04
149,54,2,2025-10-19,45078,2473,6780.34,261,37812.24
149,54,2,2025-10-20,16303,693,2063.84,90,16042.58
149,54,2,2025-10-24,10133,727,3343.01,69,26110.52
149,54,2,2025-10-25,45109,3116,3856.59,148,24029.21
149,54,2,2025-11-03,18696,1406,5623.95,86,16257.22
149,54,2,2025-11-04,2140,68,125.09,9,3193.88
149,54,2,2025-11-16,41133,1412,6199.54,112,26275.81
149,54,2,2025-11-20,34530,2053,7092.53,203,42089.07
149,54,2,2025-11-22,25546,1579,2926.92,220,24361.82
149,54,2,2025-11-24,49986,3315,10287.82,232,24655.14
149,54,2,2025-11-25,44965,3190,10278.76,370,72436.29
149,54,2,2025-11-28,22551,589,2478.14,54,14755.37
149,54,2,2025-12-01,5215,289,1207.09,40,4632.31
149,54,2,2025-12-04,22010,352,1222.53,11,2999.19
149,54,2,2025-12-12,42549,1628,7118.12,120,13719.47
149,54,2,2025-12-18,4358,234,946.57,18,5885.65
149,54,2,2025-12-22,18700,971,1572.57,111,32085.55
149,54,2,2025-12-24,14085,927,1351.38,9,560.32
149,54,2,2025-12-25,38987,1879,4357.06,205,63817.91
149,54,2,2025-12-30,24163,818,2295.39,43,5805.25
149,54,2,2026-01-05,16826,1279,5630.37,98,30822.88
149,54,2,2026-01-09,9892,352,1272.83,20,3586.38
149,54,2,2026-01-16,39702,758,3138.35,82,13276.32
149,54,2,2026-01-22,16476,1241,2062.1,65,24137.56
149,54,2,2026-01-24,26160,995,2950.08,131,23583.59
149,54,2,2026-01-25,38357,3050,7386.05,342,136522.81
149,54,2,2026-01-26,40199,456,1561.43,15,5686.5
149,54,2,2026-01-29,39442,2641,3431.97,170,33148.81
149,54,2,2026-01-31,43025,3363,6059.26,88,6945.62
149,54,2,2026-02-04,49385,3366,3748.7,470,137231.08
149,54,2,2026-02-07,32417,1895,7907.01,183,39846.68
149,54,2,2026-02-17,48582,3238,5454.69,472,86607.64
149,54,2,2026-02-18,6198,90,294.43,4,1550.88
149,54,2,2026-02-20,43104,2004,1795.43,97,10553.85
149,54,2,2026-02-27,40034,799,2856.82,83,16271.72
149,54,2,2026-03-02,38175,1456,2683.95,50,3817.27
149,54,2,2026-03-05,6969,332,1558.39,46,17072.66
149,54,2,2026-03-06,3688,42,106.27,3,903.26
149,54,2,2026-03-08,37938,426,1446.15,17,5724.37
149,54,2,2026-03-09,26679,282,895.58,22,6366.23
149,54,2,2026-03-13,2133,125,323.73,1,51.74
149,54,2,2026-03-15,3495,71,36.49,10,638.34
149,54,2,2026-03-17,8439,421,1204.2,11,2735.35
149,54,2,2026-03-20,32759,1975,8252.52,245,97585.64
149,54,2,2026-03-21,23943,1196,3483.42,71,7978.07
149,54,2,2026-03-23,26521,2010,3321.83,164,35583.73
149,54,2,2026-03-28,45050,2160,2954.88,50,3547.69
149,54,2,2026-04-01,19740,1285,779.96,165,9858.62
149,54,2,2026-04-07,48830,1151,976.44,78,27933.54
149,54,2,2026-04-09,11928,348,731.41,7,1345.62
149,54,2,2026-04-21,24535,1660,4750.17,168,46644.82
149,54,2,2026-04-25,9664,396,1709.57,44,10387.18
149,54,2,2026-05-06,31424,1867,8228.66,237,16834.05
149,54,2,2026-05-16,22784,665,1882.18,12,2116.58
149,54,2,2026-05-26,15991,1097,4954.59,80,5810.09
149,54,2,2026-05-27,14386,959,3741.03,72,26433.56
149,54,2,2026-06-03,24541,1070,1193.02,104,35532.21
149,54,2,2026-06-06,14978,421,1549.61,54,12100.71
149,54,2,2026-06-15,34645,2187,7512.63,102,8086.38
149,54,2,2026-06-18,1491,95,324.87,12,1583.37
149,54,2,2026-06-24,37927,2182,4845.9,204,13251.47
149,54,2,2026-07-01,34078,1852,1275.38,254,39791.74
149,54,2,2026-07-02,2150,85,165.9,11,4193.21
149,54,2,2026-07-08,36770,1672,6154.26,200,18042.92
149,54,2,2026-07-12,45853,1598,5674.42,174,31168.01
149,54,2,2026-07-17,41084,2055,7865.9,206,70238.18
149,54,2,2026-07-19,44222,1789,5767.3,223,23022.52
149,54,2,2026-07-25,24072,543,1112.64,74,7159.72
149,54,2,2026-07-27,6880,439,2194.82,40,10593.98
149,54,2,2026-07-30,8761,665,1304.37,25,5002.15
149,54,2,2026-08-05,30776,1532,964.91,75,9890.65
149,54,2,2026-08-07,23352,239,311.58,5,445.25
149,54,2,2026-08-08,20350,340,1357.53,43,6564.0
150,54,3,2025-08-24,3060,39,53.24,4,1250.38
150,54,3,2025-08-27,37217,1972,7404.01,56,7560.98
150,54,3,2025-08-29,31024,1532,6609.39,208,39470.62
150,54,3,2025-09-01,35283,1301,2684.76,48,8750.41
150,54,3,2025-09-03,35928,1299,2794.65,38,14837.2
150,54,3,2025-09-06,37290,875,1267.67,95,32216.82
150,54,3,2025-09-13,22595,571,2566.01,75,13400.83
150,54,3,2025-09-17,29748,1243,4196.72,43,9223.51
150,54,3,2025-09-20,28790,1141,3806.71,152,40708.51
150,54,3,2025-09-28,4628,163,510.07,5,907.14
150,54,3,2025-10-01,11901,904,3936.91,36,6147.77
150,54,3,2025-10-02,22954,775,3122.2,95,19945.82
150,54,3,2025-10-12,13483,158,768.44,23,7943.91
150,54,3,2025-10-14,34241,1491,1290.79,60,10342.83
150,54,3,2025-10-16,45958,2022,7207.25,63,25009.95
150,54,3,2025-10-20,17761,1110,2215.22,104,9883.02
150,54,3,2025-10-24,6117,383,1556.08,56,4081.01
150,54,3,2025-10-26,27577,1571,2706.62,50,7949.29
150,54,3,2025-10-29,8444,495,1012.7,34,13465.06
150,54,3,2025-10-31,11399,272,855.39,17,2422.07
150,54,3,2025-11-07,43716,753,2681.05,37,7160.44
150,54,3,2025-11-10,28198,2029,3755.64,208,76738.6
150,54,3,2025-11-11,34024,1663,7818.46,148,20235.64
150,54,3,2025-11-15,19239,620,2040.19,68,16307.3
150,54,3,2025-11-16,29112,1356,6452.75,104,10179.94
150,54,3,2025-11-19,41908,2276,10574.94,148,54790.86
150,54,3,2025-11-21,12481,410,645.32,17,5481.59
150,54,3,2025-11-29,21771,585,2247.21,56,7547.52
150,54,3,2025-12-06,30647,1694,3778.8,248,74172.8
150,54,3,2025-12-09,26458,476,1339.36,55,15603.95
150,54,3,2025-12-12,20913,1414,3496.21,59,4851.54
150,54,3,2025-12-16,20723,223,632.27,10,1150.21
150,54,3,2025-12-18,43743,713,1736.59,29,4405.34
150,54,3,2025-12-21,19527,857,3302.46,67,7380.04
150,54,3,2025-12-22,16603,1185,5788.3,158,50492.34
150,54,3,2026-01-14,27354,1258,5627.7,94,15269.62
150,54,3,2026-01-17,44992,1727,6958.84,75,14366.47
150,54,3,2026-01-18,44307,516,1349.75,51,18009.77
150,54,3,2026-01-31,3483,53,119.33,4,1339.25
150,54,3,2026-02-05,26711,727,3555.89,100,12428.01
150,54,3,2026-02-14,43018,768,3469.23,74,11129.5
150,54,3,2026-02-15,14454,242,1195.68,29,10605.84
150,54,3,2026-02-22,46379,1161,770.07,70,19657.9
150,54,3,2026-02-28,33091,1550,1408.6,220,41140.04
150,54,3,2026-03-02,36860,2183,2053.93,114,41621.2
150,54,3,2026-03-12,21895,687,1182.46,52,15188.66
150,54,3,2026-03-15,45594,762,1350.23,45,15706.86
150,54,3,2026-03-20,47753,3432,2674.68,267,100794.28
150,54,3,2026-03-23,2232,166,490.26,5,1555.36
150,54,3,2026-03-30,47162,1964,2429.51,286,104928.04
150,54,3,2026-04-01,34655,2519,5116.52,244,57732.53
150,54,3,2026-04-02,18506,829,2852.26,39,10133.12
150,54,3,2026-04-05,2985,64,232.53,0,0.0
150,54,3,2026-04-07,18280,445,375.99,52,3234.93
150,54,3,2026-04-13,33741,731,399.47,95,6276.88
150,54,3,2026-04-17,27358,2024,3840.24,26,7901.66
150,54,3,2026-04-19,41952,459,987.3,52,9132.03
150,54,3,2026-04-21,37981,1276,2380.17,155,57026.09
150,54,3,2026-04-29,13476,540,1678.67,46,7387.86
150,54,3,2026-05-14,23783,526,1640.21,46,4034.37
150,54,3,2026-05-16,49381,556,652.42,41,12762.6
150,54,3,2026-05-25,49742,2232,7899.09,62,11739.56
150,54,3,2026-05-27,19479,237,148.72,4,1035.57
150,54,3,2026-05-30,16122,984,1744.66,13,3418.47
150,54,3,2026-06-02,37346,2392,8892.14,29,6047.99
150,54,3,2026-06-04,41025,1750,7331.98,226,27677.61
150,54,3,2026-06-09,6682,327,376.46,3,1190.21
150,54,3,2026-06-14,30426,2016,7114.6,234,17762.31
150,54,3,2026-06-15,13001,337,308.02,20,1067.0
150,54,3,2026-06-16,41263,3149,1753.38,46,9836.92
150,54,3,2026-06-17,29181,1051,2087.53,26,4086.58
150,54,3,2026-06-20,1373,65,144.19,9,3491.23
150,54,3,2026-06-27,31155,2095,7359.35,249,87393.39
150,54,3,2026-06-29,21676,332,170.81,39,5705.08
150,54,3,2026-07-01,10405,409,1978.5,9,1014.58
150,54,3,2026-07-11,23963,1053,555.27,138,54432.41
150,54,3,2026-07-14,5482,291,203.47,23,1900.46
150,54,3,2026-07-18,32008,1284,5283.01,124,36212.66
150,54,3,2026-07-19,29752,898,3530.98,57,17075.78
150,54,3,2026-07-27,49000,724,3310.01,101,39842.24
150,54,3,2026-07-31,42833,2337,4810.21,31,9370.07
150,54,3,2026-08-01,26406,998,1718.07,123,45629.98
150,54,3,2026-08-03,6104,362,206.02,10,703.83
150,54,3,2026-08-04,37289,1622,4387.74,25,9220.12
150,54,3,2026-08-06,9219,155,427.12,7,1363.55
150,54,3,2026-08-08,26578,1447,1586.53,61,3910.9
150,54,3,2026-08-16,2131,28,90.95,3,1148.01
151,47,1,2025-08-19,22263,741,1079.31,9,2106.3
151,47,1,2025-08-20,23660,839,976.55,55,13149.32
151,47,1,2025-08-24,24354,1719,2206.85,100,14756.7
151,47,1,2025-08-25,3186,133,663.39,1,89.67
151,47,1,2025-08-26,27526,388,635.77,17,5466.44
151,47,1,2025-08-27,30491,1577,4426.59,20,6776.52
151,47,1,2025-09-02,38789,1677,6495.38,192,73555.44
151,47,1,2025-09-03,5555,443,1952.69,7,1159.14
151,47,1,2025-09-07,36010,1738,3330.15,55,12721.54
151,47,1,2025-09-09,1815,25,50.98,3,756.74
151,47,1,2025-09-12,38128,2163,3077.63,230,78720.22
151,47,1,2025-09-13,48976,1057,4044.13,76,27533.2
151,47,1,2025-09-22,48788,2200,8310.72,179,55444.62
151,47,1,2025-09-28,20483,660,2774.32,11,1802.47
151,47,1,2025-09-30,18280,1436,1121.34,22,6888.84
151,47,1,2025-10-02,14370,734,654.11,102,11184.58
151,47,1,2025-10-04,34268,2518,10726.98,167,39235.6
151,47,1,2025-10-06,9366,132,196.49,18,2086.38
151,47,1,2025-10-12,49544,2175,8762.91,72,27783.98
151,47,1,2025-10-20,29194,398,1088.13,8,2666.18
151,47,1,2025-10-28,24227,1324,3362.21,31,9807.92
151,47,1,2025-10-31,25444,1018,4752.95,150,35562.12
151,47,1,2025-11-02,21208,1347,4044.8,97,37378.18
151,47,1,2025-11-05,12719,374,1522.43,9,2058.93
151,47,1,2025-11-12,15925,1048,4116.96,45,7550.22
151,47,1,2025-11-14,29285,1470,3618.33,119,14815.36
151,47,1,2025-11-21,45478,3498,12845.05,62,17394.67
151,47,1,2025-11-23,20869,1461,4853.51,31,1868.12
151,47,1,2025-11-29,36940,1272,5543.84,159,44163.84
151,47,1,2025-12-02,18804,439,1724.9,58,16412.54
151,47,1,2025-12-17,22887,1562,6023.06,217,15578.22
151,47,1,2025-12-25,31206,1966,4481.92,107,22282.41
151,47,1,2025-12-28,26806,1194,2840.7,75,28061.69
151,47,1,2026-01-01,21874,1122,5314.64,154,34517.97
151,47,1,2026-01-03,23117,307,317.47,18,4215.9
151,47,1,2026-01-04,47101,2909,2788.43,75,12018.57
151,47,1,2026-01-05,47706,2881,14186.61,47,11862.04
151,47,1,2026-01-06,44925,3465,2486.35,484,26562.45
151,47,1,2026-01-13,5252,98,217.73,7,2132.82
151,47,1,2026-01-17,3718,133,384.35,7,2475.19
151,47,1,2026-01-24,7857,254,747.68,25,3890.37
151,47,1,2026-01-25,47123,1351,5102.24,191,25473.01
151,47,1,2026-01-27,38189,2390,7965.46,324,60807.52
151,47,1,2026-01-30,35173,1536,975.28,230,58910.27
151,47,1,2026-02-04,30083,1827,4469.59,79,9072.77
151,47,1,2026-02-06,22318,732,1142.62,84,21098.92
151,47,1,2026-02-08,15534,300,357.7,42,4892.95
151,47,1,2026-02-12,18137,700,3110.84,8,2193.26
151,47,1,2026-02-13,44531,3345,2136.62,447,122602.17
151,47,1,2026-02-17,36305,1851,2216.8,200,73474.81
151,47,1,2026-02-18,30272,682,726.14,47,15186.34
151,47,1,2026-03-05,47121,745,914.72,29,7956.27
151,47,1,2026-03-08,27461,904,3924.72,59,13748.25
151,47,1,2026-03-10,26390,1743,4487.92,195,38791.27
151,47,1,2026-03-11,13602,473,1819.5,30,6953.2
151,47,1,2026-03-14,28058,1106,2317.15,101,23238.54
151,47,1,2026-03-19,16892,669,2867.7,45,6266.8
151,47,1,2026-03-21,41492,1081,2475.21,119,7003.83
151,47,1,2026-03-26,14929,174,767.76,20,3185.68
151,47,1,2026-04-08,33998,1452,1130.19,60,6450.81
151,47,1,2026-04-11,29152,1839,3564.67,195,10301.49
151,47,1,2026-04-19,22840,560,2429.85,27,5073.91
151,47,1,2026-04-22,30124,2362,10391.12,65,15597.03
151,47,1,2026-04-23,34813,654,612.87,25,9272.79
151,47,1,2026-04-26,43350,1456,4165.98,215,35086.37
151,47,1,2026-04-27,26370,1231,1868.41,71,16852.14
151,47,1,2026-05-06,30504,1816,8194.77,175,41988.08
151,47,1,2026-05-07,10763,566,1035.28,67,12463.42
151,47,1,2026-05-08,17078,822,518.46,30,2999.82
151,47,1,2026-05-20,27394,610,2808.77,32,11286.42
151,47,1,2026-05-22,27919,1472,2046.18,190,52216.03
151,47,1,2026-05-23,26433,942,1785.18,66,24111.08
151,47,1,2026-05-28,5490,162,346.57,16,4949.29
151,47,1,2026-06-01,46117,502,2004.94,18,2976.93
151,47,1,2026-06-04,16904,952,4144.2,140,34068.28
151,47,1,2026-06-07,18426,377,1191.0,55,10097.43
151,47,1,2026-06-12,17781,612,2579.8,85,7749.38
151,47,1,2026-06-15,19673,570,1148.59,20,6986.83
151,47,1,2026-06-18,42546,1989,7189.74,270,94520.32
151,47,1,2026-06-27,23883,288,527.33,38,6202.6
151,47,1,2026-06-28,39069,1475,3916.97,211,13784.14
151,47,1,2026-06-29,10250,386,543.23,37,5824.19
151,47,1,2026-07-06,23021,1176,3145.0,88,13289.15
151,47,1,2026-07-07,30955,2255,3765.19,105,18479.48
151,47,1,2026-07-09,4356,261,887.11,9,3254.04
151,47,1,2026-07-14,14562,340,1642.06,22,8068.0
151,47,1,2026-07-16,42221,791,1429.52,8,2860.16
151,47,1,2026-07-20,33335,2350,10473.65,173,48379.1
151,47,1,2026-07-21,25618,1358,5875.27,143,15215.14
151,47,1,2026-07-27,24532,786,610.05,84,8712.27
151,47,1,2026-07-28,38488,2832,7838.86,418,48528.24
151,47,1,2026-07-30,24329,1204,2759.98,155,13667.09
151,47,1,2026-08-05,27180,697,844.68,8,1898.28
151,47,1,2026-08-07,46678,3368,15983.71,200,29378.4
151,47,1,2026-08-08,1243,70,83.38,7,1209.01
151,47,1,2026-08-09,17911,803,3338.88,32,6258.81
151,47,1,2026-08-16,43916,3062,8108.4,51,18699.8
152,47,2,2025-08-23,14986,796,3174.78,89,8036.66
152,47,2,2025-08-25,39282,1187,4478.95,169,57478.97
152,47,2,2025-09-08,35044,761,3438.74,14,4065.42
152,47,2,2025-09-19,27335,1961,8946.28,237,65583.74
152,47,2,2025-09-28,13018,391,324.26,56,21129.57
152,47,2,2025-10-01,16833,718,3265.77,57,3560.26
152,47,2,2025-10-02,43531,2539,10729.65,56,18711.25
152,47,2,2025-10-05,37808,2564,7219.81,191,53378.48
152,47,2,2025-10-08,40850,1800,6631.27,125,33248.02
152,47,2,2025-10-10,7652,215,376.25,2,679.2
152,47,2,2025-10-11,47917,3501,13348.99,65,12805.96
152,47,2,2025-10-12,30344,982,4682.61,30,5447.58
152,47,2,2025-10-14,32847,1598,6435.14,27,3932.1
152,47,2,2025-10-18,39669,1127,5544.54,66,19387.51
152,47,2,2025-10-20,3004,158,526.71,17,2108.25
152,47,2,2025-10-26,30169,1452,3016.52,199,46955.08
152,47,2,2025-10-27,16317,706,2328.56,48,3920.89
152,47,2,2025-11-10,8969,682,2202.1,59,5168.51
152,47,2,2025-11-11,6639,525,1681.95,42,11997.25
152,47,2,2025-11-19,18688,410,1524.88,14,3792.01
152,47,2,2025-11-27,15629,715,2933.21,56,22120.19
152,47,2,2025-12-05,48441,3743,18106.7,275,28813.39
152,47,2,2025-12-06,10948,521,868.16,5,488.02
152,47,2,2025-12-07,25988,2041,5526.68,48,15650.87
152,47,2,2025-12-12,44165,1117,3980.97,17,2083.39
152,47,2,2025-12-15,38528,2063,6209.52,298,31711.77
152,47,2,2025-12-17,10283,433,385.28,57,19011.83
152,47,2,2025-12-21,12042,413,1604.82,48,18018.71
152,47,2,2025-12-24,36524,1164,5324.01,71,4559.8
152,47,2,2025-12-27,42564,444,541.32,16,4656.5
152,47,2,2025-12-28,9461,489,1331.37,11,2611.03
152,47,2,2025-12-30,25446,939,1120.94,92,23797.38
152,47,2,2026-01-05,45662,3547,8254.22,92,6152.37
152,47,2,2026-01-07,14911,1108,2257.53,73,14921.49
152,47,2,2026-01-15,39424,2244,8870.25,105,39402.48
152,47,2,2026-01-25,37533,1573,7013.86,137,35652.02
152,47,2,2026-01-26,10337,595,2620.04,68,23196.99
152,47,2,2026-01-31,19562,1309,6493.01,43,10520.26
152,47,2,2026-02-04,32367,603,1375.04,38,6147.98
152,47,2,2026-02-08,42213,2775,1767.06,45,15540.21
152,47,2,2026-02-13,12217,406,1235.14,13,4237.43
152,47,2,2026-02-15,25632,1927,1132.39,72,8879.96
152,47,2,2026-02-21,24773,1691,6236.18,76,12350.52
152,47,2,2026-02-24,1056,27,103.71,2,377.65
152,47,2,2026-03-05,13489,730,3202.84,58,15532.88
152,47,2,2026-03-10,35681,2513,5500.21,146,20370.44
152,47,2,2026-03-15,44309,1704,8437.98,36,6184.89
152,47,2,2026-03-16,4288,290,1392.38,21,2907.72
152,47,2,2026-03-21,13751,939,3923.57,18,7055.38
152,47,2,2026-03-24,20461,288,1349.47,11,4309.4
152,47,2,2026-03-25,11081,567,451.85,7,986.39
152,47,2,2026-03-27,9695,141,701.01,11,1071.04
152,47,2,2026-03-29,36361,2603,11523.26,71,14920.51
152,47,2,2026-04-01,40446,3040,8941.72,398,95222.73
152,47,2,2026-04-08,2369,84,80.56,1,131.48
152,47,2,2026-04-11,25862,1220,5748.54,77,4648.86
152,47,2,2026-04-20,7514,240,465.29,29,7777.12
152,47,2,2026-04-21,6640,505,2446.33,74,25875.91
152,47,2,2026-04-24,46559,2172,6596.26,318,109098.59
152,47,2,2026-04-29,12515,783,2373.01,102,10150.34
152,47,2,2026-04-30,9897,586,2129.55,65,14636.35
152,47,2,2026-05-03,44093,3124,9094.92,112,14464.94
152,47,2,2026-05-08,35227,837,1311.4,71,15075.5
152,47,2,2026-05-09,30025,786,3487.61,19,2028.97
152,47,2,2026-05-10,41692,875,998.16,67,5274.85
152,47,2,2026-05-16,5388,239,1105.85,19,3384.69
152,47,2,2026-05-18,14519,866,3107.95,81,15127.79
152,47,2,2026-05-20,15746,1107,1638.74,142,15984.36
152,47,2,2026-05-27,35057,958,4644.59,68,9819.32
152,47,2,2026-05-28,22454,716,3294.31,7,542.57
152,47,2,2026-06-02,29779,1775,7951.12,202,11441.38
152,47,2,2026-06-07,13941,158,131.9,10,1924.28
152,47,2,2026-06-10,23959,1514,6185.41,132,48804.21
152,47,2,2026-06-12,35261,2225,9398.41,168,29942.16
152,47,2,2026-06-17,30996,1990,2640.05,296,78287.46
152,47,2,2026-06-27,28691,401,1301.36,5,327.75
152,47,2,2026-07-03,45072,2704,10814.77,44,11004.77
152,47,2,2026-07-08,42464,1625,7330.09,117,28311.07
152,47,2,2026-07-10,45010,591,2904.93,70,5817.35
152,47,2,2026-07-12,22695,1652,3778.15,182,35976.68
152,47,2,2026-07-17,33060,2297,9561.37,171,47067.68
152,47,2,2026-07-19,24611,1002,1310.58,34,6793.8
152,47,2,2026-07-20,39192,2921,12836.75,50,6092.02
152,47,2,2026-07-22,33227,1465,2369.93,176,24243.71
152,47,2,2026-07-24,11254,402,622.31,57,15968.39
152,47,2,2026-07-27,48958,580,319.69,45,4087.96
152,47,2,2026-07-29,28848,1041,4848.93,90,6337.33
152,47,2,2026-08-07,39133,1691,2266.1,194,42531.77
152,47,2,2026-08-09,44543,2024,6067.7,192,41282.98
152,47,2,2026-08-17,2120,113,131.23,15,4620.64
152,47,2,2026-08-18,35696,2757,13172.96,191,26169.58
153,47,3,2025-08-20,14872,544,2374.43,65,7526.85
153,47,3,2025-08-23,9952,643,1707.3,36,13268.81
153,47,3,2025-08-28,8361,157,305.94,4,1492.72
153,47,3,2025-08-29,47312,2332,7366.95,245,51519.86
153,47,3,2025-09-01,23669,659,631.7,82,15777.34
153,47,3,2025-09-02,11248,599,2635.49,77,26354.53
153,47,3,2025-09-08,1756,128,276.96,14,2021.44
153,47,3,2025-09-10,21247,263,489.21,6,1616.74
153,47,3,2025-09-11,15262,183,207.18,19,6013.87
153,47,3,2025-09-13,46808,3307,13386.89,145,43157.27
153,47,3,2025-09-14,17666,254,510.53,33,9959.73
153,47,3,2025-09-16,7122,266,1229.35,37,10787.97
153,47,3,2025-09-20,32155,2250,3519.68,170,26461.18
153,47,3,2025-09-22,14104,549,2062.29,42,9778.57
153,47,3,2025-09-23,16634,391,1680.64,45,2348.45
153,47,3,2025-09-25,46302,1156,3403.27,71,22103.89
153,47,3,2025-09-28,44872,3028,9084.36,324,32536.34
153,47,3,2025-10-03,21300,286,1307.82,10,1676.72
153,47,3,2025-10-12,37584,1749,7032.73,168,15287.52
153,47,3,2025-10-13,7394,114,451.47,8,2470.4
153,47,3,2025-10-15,29013,2212,2631.96,200,37218.2
153,47,3,2025-10-18,47269,1674,1730.33,215,21518.14
153,47,3,2025-10-28,7201,437,1397.48,59,14319.25
153,47,3,2025-11-02,35792,900,3601.43,129,48727.66
153,47,3,2025-11-03,10431,792,1313.74,81,15295.76
153,47,3,2025-11-04,34469,2615,3223.22,220,52581.95
153,47,3,2025-11-05,44127,2795,13172.7,321,47415.4
153,47,3,2025-11-09,45690,3587,4557.05,521,120049.68
153,47,3,2025-11-11,17134,1016,4474.01,145,25203.3
153,47,3,2025-11-15,45653,2528,5738.03,231,88785.09
153,47,3,2025-11-17,25143,1768,3510.67,56,19009.25
153,47,3,2025-11-21,30665,2133,2069.13,141,11683.16
153,47,3,2025-11-28,14089,1078,1755.05,58,9566.93
153,47,3,2025-12-02,2258,115,403.84,10,772.43
153,47,3,2025-12-11,22868,1464,6131.99,215,70273.6
153,47,3,2025-12-21,26571,1023,3624.37,27,10301.95
153,47,3,2025-12-26,10591,798,1035.6,15,5053.65
153,47,3,2025-12-31,40739,922,1598.0,91,28985.42
153,47,3,2026-01-04,29030,1179,5470.93,111,25691.27
153,47,3,2026-01-12,9787,648,487.27,71,26089.48
153,47,3,2026-01-17,11025,249,1113.08,11,991.66
153,47,3,2026-01-18,6365,73,127.21,2,141.06
153,47,3,2026-01-23,35435,1404,3767.75,147,19919.2
153,47,3,2026-01-28,13829,750,1246.42,47,8091.99
153,47,3,2026-02-13,4932,335,562.23,6,1755.56
153,47,3,2026-02-15,49143,545,1019.27,26,5684.8
153,47,3,2026-02-25,32297,2085,1440.46,161,60490.38
153,47,3,2026-02-27,35996,1150,1404.74,108,27517.32
153,47,3,2026-03-02,6514,313,1146.92,33,2569.72
153,47,3,2026-03-03,48063,2459,8201.3,182,63845.21
153,47,3,2026-03-04,27405,314,1274.14,25,7521.34
153,47,3,2026-03-15,10920,708,2129.97,49,5044.94
153,47,3,2026-03-17,35470,1970,1161.97,172,20289.6
153,47,3,2026-03-19,36194,1032,4400.62,134,7961.04
153,47,3,2026-03-21,3250,201,664.96,16,3307.16
153,47,3,2026-03-26,7614,451,1274.69,19,3758.78
153,47,3,2026-03-28,32027,674,422.36,78,28790.29
153,47,3,2026-04-01,36422,1387,2475.93,171,60805.79
153,47,3,2026-04-04,10159,365,1553.35,50,15833.78
153,47,3,2026-04-05,40463,2726,8545.62,154,44126.9
153,47,3,2026-04-06,17586,1094,4687.61,27,5363.71
153,47,3,2026-04-10,13831,741,3575.84,16,4916.23
153,47,3,2026-04-11,24543,1199,1774.08,83,13796.68
153,47,3,2026-04-13,13852,474,258.54,52,4040.96
153,47,3,2026-04-19,30420,1703,4775.32,159,56160.33
153,47,3,2026-04-25,11281,780,3624.41,71,25478.55
153,47,3,2026-04-26,29436,1128,1797.68,88,30988.42
153,47,3,2026-04-30,37424,1179,3672.33,73,20325.31
153,47,3,2026-05-13,15129,365,1683.19,9,788.64
153,47,3,2026-05-14,16911,1284,5387.8,72,7109.95
153,47,3,2026-05-16,3492,238,195.77,4,271.81
153,47,3,2026-05-24,20201,380,224.6,9,777.12
153,47,3,2026-06-02,32451,1689,7488.92,29,1705.7
153,47,3,2026-06-05,39798,3153,2872.46,349,34089.06
153,47,3,2026-06-06,12404,687,3147.71,49,5179.27
153,47,3,2026-06-09,10958,823,1354.64,48,5630.13
153,47,3,2026-06-10,4854,315,370.48,6,2383.84
153,47,3,2026-06-26,14487,253,974.35,14,1842.92
153,47,3,2026-07-02,41212,3175,14681.87,155,55931.77
153,47,3,2026-07-11,47577,2448,3809.39,244,52203.75
153,47,3,2026-07-13,25524,591,2482.19,34,11673.71
153,47,3,2026-07-14,20938,1316,3161.14,29,5819.7
153,47,3,2026-07-15,39515,2933,14474.11,180,30821.27
153,47,3,2026-07-16,8911,669,3099.98,93,20144.26
153,47,3,2026-07-17,43497,1342,1840.66,58,18070.64
153,47,3,2026-07-22,22378,715,3387.39,41,2317.81
153,47,3,2026-08-03,49334,2830,13848.88,84,20529.95
153,47,3,2026-08-13,9117,470,589.71,45,12485.09
153,47,3,2026-08-14,28502,626,1151.27,88,7352.24
154,53,1,2025-08-30,24021,1599,6705.79,123,44679.07
154,53,1,2025-09-09,20991,666,2916.47,56,16381.22
154,53,1,2025-09-11,23509,503,691.4,41,3514.17
154,53,1,2025-09-12,3696,292,178.52,3,342.92
154,53,1,2025-09-13,25087,1248,2942.99,90,13329.78
154,53,1,2025-09-23,44135,2824,5388.42,418,154011.82
154,53,1,2025-09-28,35058,1309,3877.02,93,30952.41
154,53,1,2025-10-01,40587,2449,8068.44,229,44030.7
154,53,1,2025-10-13,31755,2328,10752.45,124,43383.0
154,53,1,2025-10-14,46020,2031,2073.85,184,71177.82
154,53,1,2025-10-20,16976,926,2289.04,27,7656.49
154,53,1,2025-10-21,37793,1457,7227.41,30,1758.55
154,53,1,2025-10-24,42658,638,1048.74,92,27594.64
154,53,1,2025-10-28,16634,716,578.21,106,5434.18
154,53,1,2025-10-29,31723,1011,3008.16,88,29257.27
154,53,1,2025-10-31,30546,794,1892.09,106,18587.21
154,53,1,2025-11-08,3835,284,649.07,19,1604.36
154,53,1,2025-11-19,10555,293,270.2,27,8373.01
154,53,1,2025-11-20,3726,289,1040.1,27,1941.83
154,53,1,2025-11-28,21025,631,2280.62,86,7673.1
154,53,1,2025-12-01,17319,501,402.98,10,1232.66
154,53,1,2025-12-05,26502,745,3406.25,45,16969.43
154,53,1,2025-12-06,23150,970,4389.0,110,15571.27
154,53,1,2025-12-09,10594,209,688.79,27,5654.77
154,53,1,2025-12-11,4943,300,679.95,12,3342.22
154,53,1,2025-12-17,35075,1690,7636.35,139,54640.67
154,53,1,2025-12-23,47133,3664,15505.45,215,11907.8
154,53,1,2025-12-25,30299,1049,4479.47,139,55028.52
154,53,1,2025-12-30,30872,1493,1267.43,192,15511.67
154,53,1,2025-12-31,17284,262,1020.26,34,13130.7
154,53,1,2026-01-01,45212,1658,1293.08,122,40495.26
154,53,1,2026-01-11,21073,1204,2041.25,84,10506.74
154,53,1,2026-01-12,32986,1411,3708.26,127,48709.31
154,53,1,2026-02-02,47325,514,1936.57,7,811.34
154,53,1,2026-02-03,1841,123,280.85,9,2761.18
154,53,1,2026-02-06,28767,415,1095.78,33,12294.77
154,53,1,2026-02-08,3035,126,529.73,16,973.99
154,53,1,2026-02-13,7136,146,653.53,12,1869.22
154,53,1,2026-02-18,39418,2696,7780.59,185,72543.55
154,53,1,2026-02-22,14417,623,1292.73,12,2199.51
154,53,1,2026-03-13,42588,710,2182.65,90,11545.32
154,53,1,2026-03-15,8708,205,340.43,7,1367.56
154,53,1,2026-03-18,47842,2192,5678.68,176,62832.83
154,53,1,2026-03-19,44676,2981,7455.37,399,102116.81
154,53,1,2026-03-23,33307,2251,3697.71,202,65888.41
154,53,1,2026-04-02,11257,861,3976.62,33,11996.19
154,53,1,2026-04-03,16112,203,980.72,8,854.17
154,53,1,2026-04-04,4358,74,352.74,2,296.5
154,53,1,2026-04-09,19746,1456,1109.18,158,35374.45
154,53,1,2026-04-10,42229,1931,4480.64,258,62582.82
154,53,1,2026-04-15,12402,572,1680.41,19,2829.75
154,53,1,2026-04-19,14168,771,435.14,43,16648.76
154,53,1,2026-04-22,16857,520,390.12,52,18285.22
154,53,1,2026-04-26,48111,590,637.98,31,9983.26
154,53,1,2026-04-29,39598,2380,3518.71,232,60674.67
154,53,1,2026-05-04,37500,2858,10642.67,89,21596.84
154,53,1,2026-05-05,23550,1812,6871.74,194,41833.74
154,53,1,2026-05-07,1339,82,306.57,9,2728.58
154,53,1,2026-05-13,35329,1210,3138.61,20,2539.29
154,53,1,2026-05-16,2225,62,308.77,6,2123.17
154,53,1,2026-05-19,17200,915,3537.06,94,19398.2
154,53,1,2026-06-05,12457,535,436.68,54,4370.83
154,53,1,2026-06-09,38571,1999,3210.21,130,26250.1
154,53,1,2026-06-20,29574,2248,6972.36,263,29062.88
154,53,1,2026-06-24,29673,830,3545.79,74,23670.05
154,53,1,2026-06-28,21832,1146,3420.58,106,5820.45
154,53,1,2026-07-07,12177,706,3104.05,42,10801.82
154,53,1,2026-07-17,40157,996,1172.86,37,13998.94
154,53,1,2026-07-20,10493,779,976.01,29,8098.72
154,53,1,2026-07-23,22870,1370,5847.04,136,46689.42
154,53,1,2026-07-26,40799,1073,1689.28,118,12626.3
154,53,1,2026-07-30,36812,1035,1178.7,70,10781.85
154,53,1,2026-08-03,46937,2630,10388.3,349,122245.13
154,53,1,2026-08-04,44474,3455,14732.1,115,28853.05
154,53,1,2026-08-05,47059,3533,7409.25,234,69708.5
154,53,1,2026-08-08,16189,1269,3860.37,167,59166.78
154,53,1,2026-08-10,33337,741,1112.23,67,14117.88
155,53,2,2025-08-19,46930,3134,11748.55,201,35350.18
155,53,2,2025-08-22,21608,1474,7106.82,80,30170.21
155,53,2,2025-08-24,45025,3199,6634.37,413,111068.58
155,53,2,2025-08-25,4828,73,254.42,2,480.51
155,53,2,2025-08-27,4712,106,222.23,5,906.31
155,53,2,2025-08-28,25637,1183,2672.14,154,41804.86
155,53,2,2025-08-29,17951,921,4332.04,48,12696.38
155,53,2,2025-08-30,37276,1779,1484.22,206,35114.17
155,53,2,2025-09-01,4256,268,615.45,31,2941.31
155,53,2,2025-09-04,34033,760,1963.76,73,12942.92
155,53,2,2025-09-05,11152,626,1934.38,33,7498.71
155,53,2,2025-09-06,31842,742,2744.31,43,2950.39
155,53,2,2025-09-11,15088,1090,1229.38,74,17049.06
155,53,2,2025-09-12,23036,677,1967.71,7,1450.85
155,53,2,2025-09-16,29117,604,2496.83,34,3991.04
155,53,2,2025-10-01,4739,309,751.85,24,7707.66
155,53,2,2025-10-02,5866,359,1677.85,36,3982.48
155,53,2,2025-10-04,2965,56,128.45,5,511.07
155,53,2,2025-10-08,46238,2550,11112.71,349,44443.56
155,53,2,2025-10-09,40257,3013,8789.34,256,86448.8
155,53,2,2025-10-12,27560,958,1916.93,106,23352.91
155,53,2,2025-10-13,30302,618,625.6,89,6016.63
155,53,2,2025-10-21,6365,386,279.34,33,6931.39
155,53,2,2025-10-22,48368,1688,7054.83,63,24863.92
155,53,2,2025-10-26,34112,1316,2872.81,179,38258.29
155,53,2,2025-10-30,46374,3632,13327.93,272,36011.75
155,53,2,2025-11-01,23070,966,3618.67,135,12004.83
155,53,2,2025-11-07,1950,134,318.08,2,417.96
155,53,2,2025-11-10,13624,663,718.51,52,18718.92
155,53,2,2025-11-15,8188,488,542.43,39,2368.49
155,53,2,2025-11-17,2520,28,33.72,2,750.34
155,53,2,2025-11-18,3990,77,260.27,10,3669.79
155,53,2,2025-11-23,17071,495,1011.11,66,25339.83
155,53,2,2025-11-24,9011,718,629.4,87,14431.36
155,53,2,2025-11-25,46730,3724,15135.9,388,128676.38
155,53,2,2025-11-26,29398,1366,5245.95,162,56944.44
155,53,2,2025-11-30,1348,74,250.72,9,1580.89
155,53,2,2025-12-03,33738,2603,9276.14,295,54405.75
155,53,2,2025-12-07,34276,2408,10757.23,257,101941.68
155,53,2,2025-12-14,2911,54,157.75,6,1694.84
155,53,2,2025-12-21,33013,865,2520.84,71,12313.53
155,53,2,2025-12-22,12294,781,1000.39,108,16098.95
155,53,2,2025-12-25,30480,663,1548.23,55,12402.22
155,53,2,2025-12-27,17474,819,2170.43,49,11771.4
155,53,2,2025-12-28,28921,964,1323.33,103,36934.96
155,53,2,2025-12-29,4175,151,723.22,8,2933.24
155,53,2,2025-12-31,39576,1905,2125.05,269,67231.19
155,53,2,2026-01-09,16212,964,3363.75,52,10521.72
155,53,2,2026-01-10,18628,615,2118.2,26,9538.25
155,53,2,2026-01-12,35365,590,586.08,25,7650.14
155,53,2,2026-01-14,38624,1483,2601.74,212,14485.35
155,53,2,2026-01-18,40115,1769,2127.22,257,47042.31
155,53,2,2026-01-20,37917,2718,1857.21,338,97125.71
155,53,2,2026-01-21,17165,1206,1151.1,173,61566.81
155,53,2,2026-01-22,39429,763,2020.42,14,4923.22
155,53,2,2026-01-24,33644,1621,5581.61,45,14061.27
155,53,2,2026-01-30,26371,603,785.96,60,23630.73
155,53,2,2026-02-01,7958,520,577.2,68,18877.35
155,53,2,2026-02-02,12444,808,3477.55,25,3625.04
155,53,2,2026-02-03,17665,390,1545.75,12,2248.09
155,53,2,2026-02-05,23236,256,387.05,15,973.58
155,53,2,2026-02-06,26418,417,1374.43,47,5807.07
155,53,2,2026-02-07,35382,2185,7013.96,102,31409.27
155,53,2,2026-02-08,33083,2610,11017.28,277,49517.52
155,53,2,2026-02-13,8477,324,660.0,27,5233.57
155,53,2,2026-02-14,7941,286,530.8,20,6115.06
155,53,2,2026-02-24,33240,1851,3405.67,94,26092.34
155,53,2,2026-03-12,41104,3219,15018.71,260,27006.69
155,53,2,2026-03-18,32369,1695,1924.23,155,16134.23
155,53,2,2026-03-29,8471,540,1548.57,28,5203.28
155,53,2,2026-04-10,16683,852,1934.31,32,11845.82
155,53,2,2026-04-12,15550,498,739.28,51,4393.91
155,53,2,2026-04-20,23941,1627,4449.29,221,39761.34
155,53,2,2026-04-28,33639,1003,3591.56,49,3797.2
155,53,2,2026-04-30,34722,432,1476.01,9,2728.08
155,53,2,2026-05-11,19897,1071,5025.91,81,32340.45
155,53,2,2026-05-12,18844,189,360.35,12,2170.15
155,53,2,2026-05-13,2883,225,771.38,17,1064.95
155,53,2,2026-05-15,2239,178,570.95,17,1925.08
155,53,2,2026-05-19,40356,2525,12102.52,71,12792.06
155,53,2,2026-05-20,45089,1348,5814.95,128,11169.89
155,53,2,2026-06-01,34512,1956,6178.08,113,17542.77
155,53,2,2026-06-02,4950,229,249.79,8,1660.49
155,53,2,2026-06-05,16291,1257,4046.09,110,30250.2
155,53,2,2026-06-14,47475,3344,11358.9,163,41091.9
155,53,2,2026-06-27,22105,1212,4622.11,13,902.63
155,53,2,2026-06-29,11559,752,2628.48,77,28616.29
155,53,2,2026-07-02,33852,859,2193.62,92,17290.05
155,53,2,2026-07-03,38515,929,4039.53,86,12724.75
155,53,2,2026-07-05,5543,337,808.72,29,9383.67
155,53,2,2026-07-15,44138,3414,7591.28,292,103194.41
155,53,2,2026-07-23,30179,1376,6459.36,91,4823.11
155,53,2,2026-07-25,46155,3068,9082.17,455,108303.26
155,53,2,2026-07-27,27338,1683,8213.68,97,36986.06
155,53,2,2026-08-01,8701,515,1759.87,24,8555.22
155,53,2,2026-08-04,15954,822,2697.72,24,3203.07
155,53,2,2026-08-06,14918,899,756.85,82,32663.48
155,53,2,2026-08-07,24087,1049,3026.63,103,19661.41
155,53,2,2026-08-08,5716,367,283.4,25,2532.06
155,53,2,2026-08-14,38168,614,2737.04,70,26417.81
155,53,2,2026-08-16,16041,841,2310.91,18,1091.19
156,53,3,2025-08-20,27458,2047,1377.09,73,8827.38
156,53,3,2025-08-23,1603,58,177.21,7,2249.35
156,53,3,2025-08-24,37335,699,2796.6,79,26401.6
156,53,3,2025-08-25,44954,2898,5092.93,38,12415.39
156,53,3,2025-08-28,41526,2016,4939.79,293,57888.6
156,53,3,2025-08-30,46065,514,1336.13,75,25652.17
156,53,3,2025-09-07,38835,1655,3454.53,54,16972.01
156,53,3,2025-09-08,46808,2584,10769.09,75,13964.64
156,53,3,2025-09-09,42307,2662,13044.03,266,23451.68
156,53,3,2025-09-15,6573,490,573.6,47,11756.11
156,53,3,2025-09-21,26587,916,1230.28,135,22196.33
156,53,3,2025-09-22,47617,831,3026.16,20,1077.33
156,53,3,2025-09-24,10907,662,2362.69,9,537.99
156,53,3,2025-09-29,36680,1045,5206.59,27,4011.07
156,53,3,2025-10-01,38434,1441,1550.03,120,37738.31
156,53,3,2025-10-08,26445,1251,3072.71,182,51195.01
156,53,3,2025-10-19,36527,537,314.96,73,11123.27
156,53,3,2025-10-22,2551,126,99.04,12,2301.62
156,53,3,2025-10-23,34795,1994,9908.82,209,63379.46
156,53,3,2025-10-24,16681,1004,2609.17,90,24143.97
156,53,3,2025-10-25,46137,2751,10073.71,285,16541.9
156,53,3,2025-10-29,15952,412,470.25,61,11652.96
156,53,3,2025-11-01,48367,1941,4644.34,114,38051.95
156,53,3,2025-11-07,9049,99,413.11,11,4338.2
156,53,3,2025-11-11,2593,91,51.92,1,101.27
156,53,3,2025-11-18,5398,341,1129.42,18,6663.49
156,53,3,2025-11-19,4322,342,603.73,30,10888.04
156,53,3,2025-11-23,7011,268,961.59,5,683.43
156,53,3,2025-12-04,35450,457,1597.27,27,7314.64
156,53,3,2025-12-06,19315,949,1762.13,39,6344.22
156,53,3,2025-12-07,10209,694,3004.14,83,13430.88
156,53,3,2025-12-08,17821,403,617.69,38,12365.9
156,53,3,2025-12-20,21562,1558,7635.66,99,11222.8
156,53,3,2025-12-25,18255,199,863.45,22,4209.34
156,53,3,2026-01-02,45605,902,1076.3,102,20200.68
156,53,3,2026-01-05,12812,675,999.11,18,3552.1
156,53,3,2026-01-07,38109,650,2571.7,70,4835.96
156,53,3,2026-01-09,12485,819,2313.94,76,25458.22
156,53,3,2026-01-10,23746,962,528.37,99,21947.74
156,53,3,2026-01-11,24123,661,2690.57,80,14659.88
156,53,3,2026-01-17,13696,578,1187.2,9,1243.64
156,53,3,2026-01-20,34988,2702,2578.64,381,38342.55
156,53,3,2026-01-21,33925,2163,1267.0,174,11220.43
156,53,3,2026-01-25,33890,1736,3979.74,213,69890.98
156,53,3,2026-01-30,19061,903,2967.9,114,37441.87
156,53,3,2026-01-31,36268,2377,2532.28,218,63596.05
156,53,3,2026-02-04,2067,33,57.87,3,186.04
156,53,3,2026-02-09,22215,1401,4839.48,103,11980.04
156,53,3,2026-02-16,36387,1228,5299.1,23,3750.31
156,53,3,2026-02-18,32223,588,2187.72,30,2533.14
156,53,3,2026-02-21,15817,525,2316.19,64,6382.84
156,53,3,2026-02-23,13066,903,3317.76,58,14304.7
156,53,3,2026-02-24,24281,1772,5174.48,226,41679.34
156,53,3,2026-03-02,2875,71,233.66,9,2272.47
156,53,3,2026-03-03,23973,1353,4682.96,79,18636.04
156,53,3,2026-03-06,42974,2736,10928.98,315,78317.42
156,53,3,2026-03-09,46059,518,756.92,58,12558.09
156,53,3,2026-03-19,13421,396,1793.1,6,2020.61
156,53,3,2026-03-22,48661,2297,8925.17,287,26158.1
156,53,3,2026-03-23,3127,133,366.6,5,1754.13
156,53,3,2026-03-24,18697,1268,6307.24,127,28821.41
156,53,3,2026-04-01,38154,2925,12364.58,139,27402.27
156,53,3,2026-04-03,12438,481,2369.06,55,4799.11
156,53,3,2026-04-09,7255,419,1665.66,25,2222.24
156,53,3,2026-04-14,5234,58,47.71,2,453.43
156,53,3,2026-04-23,37818,2220,8324.55,99,15657.81
156,53,3,2026-04-26,27801,726,1163.61,78,15448.91
156,53,3,2026-04-29,12899,850,816.04,104,29498.51
156,53,3,2026-04-30,43324,3410,4109.97,349,107142.08
156,53,3,2026-05-05,35464,1607,6257.56,222,74078.52
156,53,3,2026-05-06,38463,1248,4416.6,83,12290.33
156,53,3,2026-05-20,13195,1041,967.95,14,1624.27
156,53,3,2026-05-25,46501,761,556.4,56,20429.62
156,53,3,2026-05-29,1685,38,153.43,4,310.77
156,53,3,2026-06-01,21436,1573,4247.98,164,34043.24
156,53,3,2026-06-02,12095,149,187.12,15,2365.5
156,53,3,2026-06-05,23074,1655,7069.81,99,18380.09
156,53,3,2026-06-09,39016,2070,2322.05,112,16773.81
156,53,3,2026-06-16,37886,1568,1876.61,117,31629.37
156,53,3,2026-06-18,39900,2258,1274.02,253,27928.69
156,53,3,2026-06-21,7734,380,1469.86,32,9620.23
156,53,3,2026-06-25,27288,857,1635.16,36,6412.18
156,53,3,2026-06-28,27504,519,2120.68,28,1978.23
156,53,3,2026-07-02,14309,934,936.4,67,18280.01
156,53,3,2026-07-03,23384,466,912.32,57,17295.15
156,53,3,2026-07-05,20372,877,3560.19,110,8138.13
156,53,3,2026-07-06,35800,2145,3119.71,195,47157.27
156,53,3,2026-07-13,7734,401,652.36,50,4540.08
156,53,3,2026-07-14,2630,201,412.6,20,6088.9
156,53,3,2026-07-18,34292,879,1633.39,18,1890.05
156,53,3,2026-07-19,25240,1624,6109.57,241,87620.62
156,53,3,2026-07-21,24433,963,2774.49,124,18692.63
156,53,3,2026-07-25,17049,1022,3839.94,126,20052.48
156,53,3,2026-07-29,29799,1568,5567.33,184,49148.83
156,53,3,2026-08-06,48293,1706,2357.88,17,4545.5
156,53,3,2026-08-08,34632,924,4373.38,73,7742.74
156,53,3,2026-08-10,4464,127,328.98,9,2156.25
156,53,3,2026-08-12,28837,1897,6053.55,37,4652.15
157,82,1,2025-08-20,23113,265,1017.33,37,6740.3
157,82,1,2025-08-23,16576,176,359.99,8,3164.56
157,82,1,2025-08-25,44362,1271,2488.31,112,27615.13
157,82,1,2025-08-27,39156,892,3502.56,85,26356.5
157,82,1,2025-08-28,1761,29,36.43,2,442.03
157,82,1,2025-08-30,23997,250,811.18,17,5507.36
157,82,1,2025-09-01,6038,250,345.04,37,3321.05
157,82,1,2025-09-13,32078,2477,3922.57,321,94983.87
157,82,1,2025-09-18,30472,980,3723.74,75,14152.41
157,82,1,2025-09-20,6776,535,1421.81,15,5849.91
157,82,1,2025-09-23,37858,787,1065.12,83,15511.19
157,82,1,2025-09-26,43930,2359,6905.73,270,93032.47
157,82,1,2025-09-27,34495,2370,7487.03,26,9338.85
157,82,1,2025-10-02,35187,1604,5182.24,131,27898.69
157,82,1,2025-10-04,42163,1120,4353.49,43,9875.59
157,82,1,2025-10-05,6676,389,730.26,9,2182.06
157,82,1,2025-10-06,3921,309,526.49,5,825.04
157,82,1,2025-10-07,43682,3207,13533.09,125,9595.66
157,82,1,2025-10-11,13223,507,2303.86,65,18350.97
157,82,1,2025-10-14,12677,999,2976.55,124,18100.04
157,82,1,2025-10-17,22036,1099,1321.44,117,25847.99
157,82,1,2025-10-24,24665,1566,2374.79,165,24039.24
157,82,1,2025-10-28,15260,474,1127.86,6,1044.36
157,82,1,2025-11-04,5388,262,159.94,17,1569.51
157,82,1,2025-11-11,9959,362,1634.45,13,5050.02
157,82,1,2025-11-25,32646,566,2368.82,16,3504.49
157,82,1,2025-11-28,44620,1110,3889.6,42,2824.23
157,82,1,2025-12-08,14759,861,3988.14,126,36610.55
157,82,1,2025-12-13,33331,1063,4094.84,67,14585.43
157,82,1,2025-12-21,7282,539,1401.62,19,4254.12
157,82,1,2025-12-22,10094,595,1713.7,59,21355.95
157,82,1,2025-12-23,26796,1036,4351.53,54,9770.07
157,82,1,2025-12-24,29327,1377,5359.89,66,12558.95
157,82,1,2025-12-29,8544,173,726.61,24,7438.5
157,82,1,2026-01-01,5945,93,339.38,13,4489.17
157,82,1,2026-01-16,11717,490,723.45,62,23944.68
157,82,1,2026-01-20,27858,1762,4329.57,253,65177.32
157,82,1,2026-01-22,34710,1955,6326.17,270,83832.34
157,82,1,2026-01-30,44642,1985,6565.37,80,15679.82
157,82,1,2026-02-03,34407,1176,3886.34,130,29075.97
157,82,1,2026-02-06,24740,724,2712.31,52,6345.45
157,82,1,2026-02-11,41640,2296,5746.06,318,125186.02
157,82,1,2026-02-12,45673,3644,16042.09,487,173888.62
157,82,1,2026-02-13,29207,1038,2958.15,82,13444.21
157,82,1,2026-02-18,40814,2964,8711.31,110,21856.42
157,82,1,2026-02-22,42108,793,2331.68,118,32474.88
157,82,1,2026-03-03,16149,444,1503.95,24,3881.23
157,82,1,2026-03-05,49120,2818,7753.15,195,57062.91
157,82,1,2026-03-06,13697,866,2604.32,80,30547.16
157,82,1,2026-03-09,21097,658,1192.71,73,19748.35
157,82,1,2026-03-16,22291,457,1930.47,40,3825.91
157,82,1,2026-03-23,48331,2848,8760.76,97,20100.07
157,82,1,2026-03-25,45209,744,1658.95,48,14961.18
157,82,1,2026-03-27,28786,365,744.96,5,1972.92
157,82,1,2026-04-05,29634,2049,7924.05,137,39092.73
157,82,1,2026-04-06,15833,1051,5008.18,72,27846.96
157,82,1,2026-04-08,40154,3099,4987.01,69,10430.74
157,82,1,2026-04-16,48288,1106,4091.59,32,2803.18
157,82,1,2026-04-17,40304,2340,5930.88,238,80948.61
157,82,1,2026-04-21,16076,1167,606.03,125,24321.91
157,82,1,2026-04-22,18381,812,3851.13,46,5871.72
157,82,1,2026-04-23,41496,1437,5710.7,121,42502.04
157,82,1,2026-04-25,9092,381,1312.5,49,14850.86
157,82,1,2026-04-27,20772,1635,1776.26,94,10166.04
157,82,1,2026-05-01,19546,715,3444.8,21,7248.4
157,82,1,2026-05-06,22991,1304,1491.64,155,24724.44
157,82,1,2026-05-07,30221,797,3555.21,39,15076.55
157,82,1,2026-05-12,4251,99,118.33,13,2505.53
157,82,1,2026-05-14,21304,1156,3998.13,80,28346.68
157,82,1,2026-05-16,38472,1507,5548.99,159,33459.97
157,82,1,2026-05-17,2829,115,219.48,12,2270.48
157,82,1,2026-05-19,12477,534,617.57,74,17490.28
157,82,1,2026-05-24,25249,1613,5834.51,165,32180.1
157,82,1,2026-05-28,49882,1717,6941.54,66,9893.52
157,82,1,2026-06-02,39874,1120,4211.59,91,6784.59
157,82,1,2026-06-12,15470,260,336.04,13,2243.79
157,82,1,2026-06-24,3002,182,863.24,2,753.26
157,82,1,2026-06-26,25696,1650,5423.94,30,2545.06
157,82,1,2026-07-01,13568,286,401.09,7,2134.23
157,82,1,2026-07-06,11212,258,1088.04,19,1572.28
157,82,1,2026-07-27,45616,1542,7239.84,84,23015.15
157,82,1,2026-08-03,1182,39,76.14,5,256.49
157,82,1,2026-08-09,45598,3164,7650.06,388,97876.96
157,82,1,2026-08-10,45400,1334,2871.61,84,20066.66
157,82,1,2026-08-12,14596,890,498.74,124,22903.81
157,82,1,2026-08-13,28761,1518,7306.27,196,11688.73
157,82,1,2026-08-15,43849,2699,7734.91,132,45143.88
157,82,1,2026-08-16,30143,931,3005.76,44,7053.07
157,82,1,2026-08-17,28681,969,2069.99,20,3237.03
158,82,2,2025-08-20,38962,1247,4845.6,166,26435.4
158,82,2,2025-08-21,37291,2521,1700.88,79,7169.74
158,82,2,2025-08-25,26146,426,1456.3,34,10129.36
158,82,2,2025-08-27,18491,689,1411.87,63,24696.9
158,82,2,2025-08-28,1993,61,82.85,2,256.24
158,82,2,2025-08-31,26865,1825,4110.57,102,35027.68
158,82,2,2025-09-01,37057,1286,5336.44,34,4718.6
158,82,2,2025-09-03,29645,1267,3438.65,147,18103.93
158,82,2,2025-09-05,48762,2628,11260.98,193,33949.99
158,82,2,2025-09-07,30997,1563,2440.27,222,77923.13
158,82,2,2025-09-12,6443,199,828.22,29,6949.06
158,82,2,2025-09-15,8352,257,149.06,14,2153.74
158,82,2,2025-09-17,41225,1015,656.69,30,10353.75
158,82,2,2025-09-18,27606,640,1859.52,58,17600.25
158,82,2,2025-09-19,7261,403,1905.74,23,6171.21
158,82,2,2025-09-26,47691,2792,7028.68,324,24318.33
158,82,2,2025-09-27,45045,1183,1207.73,129,7863.16
158,82,2,2025-09-29,29301,1185,1736.33,84,28793.12
158,82,2,2025-10-02,22439,1136,2345.2,141,14565.27
158,82,2,2025-10-03,34679,2099,9273.9,300,79374.46
158,82,2,2025-10-11,14494,834,4075.28,110,28994.44
158,82,2,2025-10-13,1046,53,198.32,2,755.78
158,82,2,2025-10-17,29368,464,1667.16,29,9363.78
158,82,2,2025-10-18,24139,945,1270.7,82,19292.8
158,82,2,2025-10-27,25523,322,1568.88,8,790.17
158,82,2,2025-10-28,41724,2614,5988.39,139,44673.78
158,82,2,2025-11-03,6620,218,365.5,22,8065.55
158,82,2,2025-11-08,27815,472,2050.01,38,13744.44
158,82,2,2025-11-10,28543,1403,4879.59,163,30094.73
158,82,2,2025-11-15,23580,1856,5144.89,75,13819.84
158,82,2,2025-11-26,12737,244,1022.59,10,2468.88
158,82,2,2025-11-27,18628,1285,4680.41,21,2222.85
158,82,2,2025-12-01,13876,1067,4585.5,113,39893.47
158,82,2,2025-12-02,10124,164,426.48,18,3415.52
158,82,2,2025-12-04,6304,395,738.49,29,10594.86
158,82,2,2025-12-09,45199,1891,2948.04,30,4092.35
158,82,2,2025-12-13,36137,1967,1090.48,282,76532.3
158,82,2,2025-12-17,35478,2141,7409.84,288,114767.37
158,82,2,2025-12-19,36946,521,1759.05,47,11922.04
158,82,2,2025-12-20,21068,703,3365.83,68,19463.2
158,82,2,2025-12-24,14252,223,723.3,17,4585.01
158,82,2,2026-01-11,44329,1766,7840.28,197,26956.8
158,82,2,2026-01-14,31455,496,1046.8,48,18420.74
158,82,2,2026-01-17,9385,415,532.47,19,4632.14
158,82,2,2026-01-18,30552,1323,3394.88,67,7171.59
158,82,2,2026-01-26,48322,3628,7099.72,235,44637.99
158,82,2,2026-02-07,31663,2069,4910.86,271,59175.75
158,82,2,2026-02-11,39945,418,1243.34,30,4129.23
158,82,2,2026-02-13,46669,1478,4857.64,96,17364.72
158,82,2,2026-02-15,37992,755,902.98,86,12426.43
158,82,2,2026-02-28,15569,620,2993.27,73,19243.16
158,82,2,2026-03-03,42374,3388,6198.88,346,57106.71
158,82,2,2026-03-10,8965,248,201.26,22,4425.17
158,82,2,2026-03-13,29607,385,1901.54,33,2237.51
158,82,2,2026-03-19,27482,1146,3356.52,33,1863.27
158,82,2,2026-03-28,30913,1580,5709.15,226,35096.83
158,82,2,2026-03-30,43820,954,1713.23,66,5837.25
158,82,2,2026-03-31,35232,2144,6512.74,199,63275.91
158,82,2,2026-04-01,9395,606,2461.9,23,6905.71
158,82,2,2026-04-04,21633,1433,6364.18,158,46668.72
158,82,2,2026-04-05,14655,1154,3115.95,68,16745.38
158,82,2,2026-04-16,34254,1534,1547.8,128,25226.1
158,82,2,2026-04-21,42365,1082,809.68,51,4672.92
158,82,2,2026-04-22,34506,1104,1686.04,150,33771.33
158,82,2,2026-04-24,12978,322,465.67,4,1012.68
158,82,2,2026-05-03,25271,1297,1549.53,31,11336.31
158,82,2,2026-05-05,10845,640,2957.87,67,23617.58
158,82,2,2026-05-07,39700,1658,2417.53,73,20198.65
158,82,2,2026-05-08,3281,73,303.87,4,344.24
158,82,2,2026-05-12,48704,1756,7904.83,196,63687.27
158,82,2,2026-05-14,7119,204,571.27,12,4428.77
158,82,2,2026-05-24,15309,984,3672.04,52,6429.68
158,82,2,2026-05-28,14099,346,1198.49,15,4519.07
158,82,2,2026-05-31,2412,83,155.2,2,114.7
158,82,2,2026-06-02,12204,641,1484.84,27,8894.62
158,82,2,2026-06-06,22919,1326,4035.24,83,29746.3
158,82,2,2026-06-07,45182,2844,14189.48,108,14119.17
158,82,2,2026-06-16,38461,2071,6661.78,87,29029.42
158,82,2,2026-06-19,19770,435,2081.91,12,3142.34
158,82,2,2026-06-25,37810,1890,5298.12,43,10398.53
158,82,2,2026-06-26,1325,70,50.44,9,3233.35
158,82,2,2026-06-29,47640,1758,6728.92,184,63537.94
158,82,2,2026-07-04,42939,3041,9860.84,332,88722.33
158,82,2,2026-07-11,15847,652,1564.65,21,1943.65
158,82,2,2026-07-12,1832,124,387.06,6,632.45
158,82,2,2026-07-19,18180,1000,2799.13,60,22836.91
158,82,2,2026-07-21,2851,78,263.89,3,1127.85
158,82,2,2026-07-24,23097,275,925.7,7,2484.28
158,82,2,2026-08-02,38609,1599,2185.47,127,18512.25
158,82,2,2026-08-03,25102,1247,4260.31,132,19133.81
158,82,2,2026-08-08,7662,502,1061.62,34,12437.96
158,82,2,2026-08-10,2390,26,82.72,1,252.26
158,82,2,2026-08-18,27270,1055,4376.77,81,16199.92
159,82,3,2025-08-22,16082,770,3551.77,73,10922.22
159,82,3,2025-08-25,22395,1417,6565.42,145,49814.76
159,82,3,2025-08-27,31105,2226,6698.83,313,101078.81
159,82,3,2025-09-02,29970,2282,7421.37,301,119549.02
159,82,3,2025-09-03,20754,1598,2951.55,84,21073.88
159,82,3,2025-09-04,30682,1302,5678.62,73,24780.59
159,82,3,2025-09-07,20672,248,538.4,29,10496.91
159,82,3,2025-09-10,5820,106,418.17,9,713.82
159,82,3,2025-09-11,46281,2753,2214.4,46,13896.49
159,82,3,2025-09-18,23012,925,1263.13,105,9551.26
159,82,3,2025-09-22,42791,991,3457.27,81,13748.58
159,82,3,2025-09-26,31613,1180,1625.65,123,23823.21
159,82,3,2025-09-27,42175,1786,4602.92,267,46453.83
159,82,3,2025-09-30,46143,2922,13709.7,121,39542.75
159,82,3,2025-10-05,8863,492,817.72,12,2188.97
159,82,3,2025-10-12,9560,651,2655.38,8,1007.85
159,82,3,2025-10-13,13024,200,786.11,11,3247.91
159,82,3,2025-10-15,42180,1106,2262.05,147,49308.01
159,82,3,2025-10-17,37842,689,1947.25,13,2378.62
159,82,3,2025-10-18,26616,1405,1102.96,93,31777.39
159,82,3,2025-10-30,34824,538,1433.36,35,10757.02
159,82,3,2025-11-01,3324,109,425.29,14,2094.46
159,82,3,2025-11-07,44711,2357,1896.2,98,30658.94
159,82,3,2025-11-10,31158,2108,6932.21,115,36981.35
159,82,3,2025-11-12,2752,45,152.49,1,316.82
159,82,3,2025-11-15,12535,480,499.38,69,12924.19
159,82,3,2025-11-17,19369,1359,6142.02,74,18326.81
159,82,3,2025-11-18,36036,2775,5682.32,232,36401.04
159,82,3,2025-11-24,32092,1798,8131.72,100,29642.31
159,82,3,2025-12-01,8183,567,1744.01,27,6790.72
159,82,3,2025-12-04,29169,1762,5505.11,63,16596.27
159,82,3,2025-12-08,21423,1222,2656.69,76,28440.99
159,82,3,2025-12-09,7374,384,1510.24,37,5389.99
159,82,3,2025-12-13,40992,1127,3224.67,33,5682.07
159,82,3,2025-12-22,26487,474,1040.64,5,1792.54
159,82,3,2025-12-26,13492,256,1232.19,2,385.32
159,82,3,2025-12-28,49711,3204,14289.0,325,112784.67
159,82,3,2026-01-03,15719,1041,3761.86,132,16482.17
159,82,3,2026-01-08,17509,1281,756.49,185,47114.81
159,82,3,2026-01-13,8801,470,1630.72,9,3043.6
159,82,3,2026-01-18,17225,546,759.77,70,6656.84
159,82,3,2026-01-19,5571,410,575.72,17,6656.79
159,82,3,2026-01-24,7762,296,425.02,4,1376.82
159,82,3,2026-01-25,30480,371,795.54,8,1989.24
159,82,3,2026-02-04,20098,533,2040.2,33,6750.64
159,82,3,2026-02-06,35522,1839,3549.46,143,34951.84
159,82,3,2026-02-17,14127,943,692.64,47,12831.6
159,82,3,2026-02-18,19298,299,1219.79,22,7762.98
159,82,3,2026-02-21,46683,3646,1988.14,379,88257.15
159,82,3,2026-02-24,32613,2594,12352.42,45,14425.51
159,82,3,2026-02-27,42629,969,2757.62,53,6873.28
159,82,3,2026-03-03,36249,1356,1699.59,120,31174.71
159,82,3,2026-03-08,22904,1722,6011.07,233,58422.49
159,82,3,2026-03-11,38157,929,1051.9,126,31619.39
159,82,3,2026-03-12,42236,550,1811.46,55,7388.81
159,82,3,2026-03-14,24671,1671,1198.17,179,49357.98
159,82,3,2026-03-23,23737,476,2138.67,52,7278.2
159,82,3,2026-03-25,6407,217,1014.54,25,4504.45
159,82,3,2026-03-26,46373,2857,14100.41,386,144320.3
159,82,3,2026-03-30,4590,106,215.05,1,284.7
159,82,3,2026-04-02,29676,1381,4750.57,154,50118.33
159,82,3,2026-04-03,25960,1154,1776.98,60,21356.45
159,82,3,2026-04-04,41428,1787,2161.02,231,68076.8
159,82,3,2026-04-11,34052,599,936.12,71,5694.34
159,82,3,2026-04-12,6820,207,321.83,17,1706.43
159,82,3,2026-04-14,18823,550,2398.29,46,15632.21
159,82,3,2026-04-15,7682,396,1604.41,12,2824.28
159,82,3,2026-04-23,45779,2968,6686.08,196,69564.99
159,82,3,2026-05-03,37431,1797,6818.17,72,4016.12
159,82,3,2026-05-06,45185,1778,8011.47,131,44481.27
159,82,3,2026-05-07,26502,1705,7310.16,132,29980.14
159,82,3,2026-05-17,41731,2867,10837.75,220,74618.34
159,82,3,2026-05-18,6640,444,1687.93,8,1011.79
159,82,3,2026-05-25,8990,321,1338.26,32,3341.32
159,82,3,2026-05-29,28425,1118,3868.05,103,9376.72
159,82,3,2026-06-03,21568,801,1086.62,67,16260.43
159,82,3,2026-06-18,23199,348,572.92,33,12874.97
159,82,3,2026-06-21,38679,1698,4991.59,181,36858.91
159,82,3,2026-06-25,22856,458,2083.54,40,15493.01
159,82,3,2026-06-29,32558,467,469.91,36,13442.38
159,82,3,2026-06-30,5219,237,224.76,29,10990.36
159,82,3,2026-07-03,38255,2273,5926.81,140,47586.88
159,82,3,2026-07-04,26874,1790,4575.56,19,1822.93
159,82,3,2026-07-05,31162,1876,7223.44,105,13497.14
159,82,3,2026-07-10,3820,135,619.89,4,778.13
159,82,3,2026-07-15,45124,2662,10536.25,231,77679.49
159,82,3,2026-07-16,32049,2067,7241.56,271,44683.74
159,82,3,2026-07-18,14274,904,1788.7,42,12254.22
159,82,3,2026-07-19,8404,442,632.68,61,13241.67
159,82,3,2026-07-21,24586,396,1745.94,39,8412.35
159,82,3,2026-07-23,26658,1887,4395.02,226,47315.2
159,82,3,2026-07-24,38362,2559,5921.46,59,9618.69
159,82,3,2026-07-26,4838,139,465.51,9,485.5
159,82,3,2026-07-29,41554,921,2017.42,132,49425.67
159,82,3,2026-08-02,15953,613,2158.52,85,12680.19
159,82,3,2026-08-04,32437,811,3849.31,76,4018.57
159,82,3,2026-08-14,36048,2555,6136.02,37,12823.79
159,82,3,2026-08-15,5333,314,1476.87,21,7149.84
159,82,3,2026-08-17,43168,3156,5021.01,273,95317.73
160,98,1,2025-08-19,39667,2765,2188.73,45,7375.01
160,98,1,2025-09-03,8295,418,1930.06,36,14371.03
160,98,1,2025-09-05,4462,144,523.37,5,1828.57
160,98,1,2025-09-12,17954,335,952.05,41,7766.04
160,98,1,2025-09-14,35694,594,401.84,75,17330.11
160,98,1,2025-09-15,37668,2663,8116.09,148,20420.88
160,98,1,2025-09-21,30916,1568,2998.55,197,78649.36
160,98,1,2025-09-22,32131,481,1983.09,68,18898.12
160,98,1,2025-09-24,5176,280,1123.1,9,954.59
160,98,1,2025-09-28,47692,3507,9099.67,347,62046.17
160,98,1,2025-09-30,6556,448,632.28,36,4398.74
160,98,1,2025-10-09,3711,264,302.96,11,930.06
160,98,1,2025-10-11,4185,198,861.08,23,4793.3
160,98,1,2025-10-17,46507,3098,5824.79,137,22192.01
160,98,1,2025-10-19,45107,1824,6413.87,142,35089.9
160,98,1,2025-10-20,27308,562,719.01,10,2976.01
160,98,1,2025-10-22,16037,707,1744.72,100,28701.02
160,98,1,2025-10-23,26648,1295,888.58,81,30159.15
160,98,1,2025-10-24,39089,2390,3982.29,26,5147.58
160,98,1,2025-10-26,15728,562,1178.23,37,4468.21
160,98,1,2025-10-29,23108,450,862.1,28,10297.57
160,98,1,2025-11-03,30477,1186,5143.94,85,33567.74
160,98,1,2025-11-07,44335,2037,4026.87,135,13369.65
160,98,1,2025-11-09,47080,668,1144.52,36,9401.23
160,98,1,2025-11-11,40711,675,1025.87,13,1073.17
160,98,1,2025-11-12,36285,1124,1120.4,157,9642.35
160,98,1,2025-11-23,3792,78,78.24,1,114.6
160,98,1,2025-11-24,44389,1454,6614.75,119,20509.89
160,98,1,2025-11-29,9621,181,865.25,4,1239.73
160,98,1,2025-12-03,32735,1096,684.08,64,9792.21
160,98,1,2025-12-05,39080,3115,14964.45,414,129001.58
160,98,1,2025-12-06,39645,413,1404.94,38,5865.31
160,98,1,2025-12-08,2912,49,39.8,5,485.72
160,98,1,2025-12-10,5903,96,148.5,12,2184.35
160,98,1,2025-12-17,36474,1954,2492.35,80,9715.9
160,98,1,2025-12-18,42537,1544,4515.25,80,6582.29
160,98,1,2025-12-20,16306,783,2264.02,68,14981.72
160,98,1,2025-12-28,44151,1563,4946.5,22,2584.11
160,98,1,2026-01-02,47902,2258,4463.28,45,11107.51
160,98,1,2026-01-04,25613,1417,6582.37,147,38058.39
160,98,1,2026-01-10,39758,473,1273.95,60,4334.19
160,98,1,2026-01-13,9187,420,1851.51,16,2411.87
160,98,1,2026-01-18,6745,488,955.03,72,17100.4
160,98,1,2026-01-19,5612,246,576.72,26,4019.83
160,98,1,2026-01-21,29539,2109,1089.81,98,31047.26
160,98,1,2026-01-22,26526,1312,5418.82,30,11125.19
160,98,1,2026-01-26,26969,1175,3763.25,166,34497.22
160,98,1,2026-01-28,32324,1188,4871.6,90,34256.46
160,98,1,2026-01-29,14841,573,2775.11,7,2367.37
160,98,1,2026-02-01,45166,3175,7491.47,398,66854.74
160,98,1,2026-02-08,38348,2379,1278.5,262,32590.13
160,98,1,2026-02-12,36555,1043,3415.94,56,14169.62
160,98,1,2026-02-14,28360,1322,2144.54,102,37588.52
160,98,1,2026-02-15,30954,1364,1629.41,57,22618.13
160,98,1,2026-02-17,4430,319,301.99,35,4274.31
160,98,1,2026-02-21,16046,539,1829.25,14,2575.64
160,98,1,2026-02-23,15892,515,529.25,54,14027.66
160,98,1,2026-02-25,14727,1033,5072.09,138,48615.13
160,98,1,2026-03-01,38675,1193,3358.91,103,35311.28
160,98,1,2026-03-09,48697,1749,2555.63,148,31841.19
160,98,1,2026-03-11,22893,674,1927.79,24,9326.43
160,98,1,2026-03-16,34479,2291,8326.3,321,95590.68
160,98,1,2026-03-17,47570,3260,5373.85,324,41199.54
160,98,1,2026-03-18,7044,397,528.64,30,3909.51
160,98,1,2026-03-22,48061,1592,2524.48,93,17349.29
160,98,1,2026-03-27,23152,899,3098.78,84,29066.82
160,98,1,2026-03-29,24105,633,711.71,73,22121.82
160,98,1,2026-03-30,10207,669,1935.97,26,8489.79
160,98,1,2026-04-02,3859,217,179.99,8,1606.31
160,98,1,2026-04-09,25605,1909,5006.23,50,12968.97
160,98,1,2026-04-24,42498,1342,5042.97,147,20178.27
160,98,1,2026-04-25,15596,187,258.48,7,372.75
160,98,1,2026-05-06,37222,948,3097.67,50,16258.62
160,98,1,2026-05-10,39061,2775,3248.36,315,98718.08
160,98,1,2026-05-11,39904,2197,8690.18,225,15401.31
160,98,1,2026-05-15,29632,432,2158.46,52,20651.57
160,98,1,2026-05-17,8124,214,334.62,17,4051.45
160,98,1,2026-05-20,46152,3155,2418.76,224,34718.3
160,98,1,2026-05-21,23989,612,2419.97,41,14112.58
160,98,1,2026-05-26,20400,515,641.45,58,19478.23
160,98,1,2026-05-28,2717,173,786.49,16,5919.98
160,98,1,2026-05-30,8712,218,718.73,12,4493.74
160,98,1,2026-06-04,27003,1078,1244.29,157,62356.11
160,98,1,2026-06-05,28660,1435,2636.94,51,17461.47
160,98,1,2026-06-13,47451,973,2997.18,16,2116.89
160,98,1,2026-06-20,17896,1153,4464.88,87,18982.16
160,98,1,2026-06-25,4308,58,157.14,2,337.83
160,98,1,2026-06-27,2056,150,295.26,15,1642.13
160,98,1,2026-07-01,43107,1143,794.08,90,22443.26
160,98,1,2026-07-02,14230,1057,1829.93,55,10488.46
160,98,1,2026-07-04,39063,608,2601.3,86,8334.35
160,98,1,2026-07-10,38606,2479,2323.29,351,77094.02
160,98,1,2026-07-11,30833,527,2611.83,44,12378.44
160,98,1,2026-07-13,34624,2282,8893.88,281,16361.34
160,98,1,2026-07-22,15147,218,202.39,11,4005.54
160,98,1,2026-07-25,30850,937,1210.67,121,42209.89
160,98,1,2026-07-30,10676,273,1252.26,11,4042.93
160,98,1,2026-08-03,29337,366,1113.82,12,1524.54
160,98,1,2026-08-07,38941,683,1873.43,81,7624.73
160,98,1,2026-08-15,36138,1455,3841.3,103,5945.61
161,98,2,2025-08-25,1069,10,40.97,0,0.0
161,98,2,2025-08-27,20888,1160,3967.36,161,14491.43
161,98,2,2025-08-30,28984,633,1275.88,10,2253.23
161,98,2,2025-08-31,36928,1242,6138.83,83,18008.11
161,98,2,2025-09-01,43458,2259,7599.93,57,11246.85
161,98,2,2025-09-12,38451,1778,3146.62,129,13705.89
161,98,2,2025-09-15,7604,151,91.6,9,748.54
161,98,2,2025-09-18,30681,706,1261.33,46,10805.14
161,98,2,2025-09-20,23592,943,1892.09,101,11062.05
161,98,2,2025-09-23,3665,70,54.31,3,1041.73
161,98,2,2025-09-25,3765,69,245.33,2,410.49
161,98,2,2025-09-26,37334,1522,3919.66,26,2779.62
161,98,2,2025-09-29,15486,896,2743.29,98,29088.62
161,98,2,2025-10-01,20501,1206,4529.59,35,1853.71
161,98,2,2025-10-06,10377,580,1140.37,53,12886.04
161,98,2,2025-10-09,20366,793,1935.34,30,7210.06
161,98,2,2025-10-10,23902,1757,8037.65,148,26198.67
161,98,2,2025-10-11,30362,1820,3562.67,223,69291.39
161,98,2,2025-10-14,43163,3346,15769.41,100,18099.72
161,98,2,2025-10-16,18112,421,1589.77,54,19351.41
161,98,2,2025-10-19,8656,585,1598.53,26,10334.38
161,98,2,2025-10-23,11711,739,3212.48,14,2752.62
161,98,2,2025-10-24,6010,158,406.45,2,656.76
161,98,2,2025-10-29,31215,1397,2433.77,171,64001.22
161,98,2,2025-10-31,44934,2403,10573.54,93,8817.68
161,98,2,2025-11-02,20008,1518,4958.76,158,61505.15
161,98,2,2025-11-09,18499,728,1342.37,32,9335.22
161,98,2,2025-11-15,6447,402,1450.73,8,1617.17
161,98,2,2025-11-21,39438,3151,9086.98,131,35622.97
161,98,2,2025-11-24,39017,1753,7198.28,261,14919.44
161,98,2,2025-11-26,8219,302,248.1,36,5120.69
161,98,2,2025-11-27,36402,675,3367.91,90,31193.89
161,98,2,2025-11-29,30598,2270,4748.99,236,19441.08
161,98,2,2025-12-01,24696,876,506.16,28,7759.79
161,98,2,2025-12-03,8778,531,2588.46,22,4545.52
161,98,2,2025-12-06,37529,1049,2688.26,95,5489.18
161,98,2,2025-12-08,10000,197,822.78,25,6327.47
161,98,2,2025-12-16,39251,2600,7190.89,345,120139.5
161,98,2,2025-12-22,29088,1397,4350.51,151,43188.87
161,98,2,2025-12-24,36356,2470,2850.16,239,23531.51
161,98,2,2025-12-28,2439,32,64.16,2,330.15
161,98,2,2025-12-29,13826,1032,2196.2,39,13764.55
161,98,2,2025-12-30,30073,1084,3953.49,69,18481.57
161,98,2,2026-01-04,34841,1589,2523.71,65,10555.62
161,98,2,2026-01-06,30575,2198,9861.88,242,51884.9
161,98,2,2026-01-07,11108,815,3444.15,79,27760.82
161,98,2,2026-01-08,32311,1264,4634.59,50,14025.04
161,98,2,2026-01-13,26948,857,3895.4,38,12519.2
161,98,2,2026-01-15,44305,2095,3913.38,54,17733.55
161,98,2,2026-01-16,44290,3389,12974.45,300,110872.6
161,98,2,2026-01-19,6354,437,1393.51,7,1300.02
161,98,2,2026-01-23,15865,831,2501.18,62,4665.6
161,98,2,2026-01-28,1804,142,230.87,8,1318.24
161,98,2,2026-01-29,25954,1166,5443.92,119,21652.84
161,98,2,2026-01-31,33373,2009,4146.79,179,32230.04
161,98,2,2026-02-07,32796,1622,1526.12,173,40693.85
161,98,2,2026-02-09,21097,727,1265.9,28,11158.06
161,98,2,2026-02-11,28163,1326,2658.01,173,48607.05
161,98,2,2026-02-13,5223,403,623.23,19,2855.17
161,98,2,2026-02-16,23361,1169,1007.48,170,28396.88
161,98,2,2026-02-19,4143,127,314.97,2,235.81
161,98,2,2026-02-20,44639,3055,12422.52,446,26846.99
161,98,2,2026-02-22,30852,389,1809.62,20,5672.72
161,98,2,2026-02-27,24570,649,1226.85,21,5558.33
161,98,2,2026-03-20,48698,1488,4895.57,152,27301.88
161,98,2,2026-03-26,9671,177,290.62,3,571.89
161,98,2,2026-03-27,26603,1327,3730.9,177,64165.27
161,98,2,2026-04-01,37733,1445,5686.22,121,22760.26
161,98,2,2026-04-07,39240,2412,2977.85,259,16216.07
161,98,2,2026-04-08,33029,2563,7681.67,207,81440.91
161,98,2,2026-04-09,30379,2145,8062.31,166,47248.3
161,98,2,2026-04-11,14886,1152,5174.81,166,49986.68
161,98,2,2026-04-12,17588,720,3329.33,31,10072.89
161,98,2,2026-04-13,5833,326,718.01,46,16225.62
161,98,2,2026-04-18,42621,2527,1699.77,359,142842.8
161,98,2,2026-04-21,46193,2438,2087.66,130,7312.7
161,98,2,2026-04-25,39022,2895,5198.88,66,23538.17
161,98,2,2026-05-06,33205,1193,1849.56,38,13790.66
161,98,2,2026-05-09,28597,1223,2541.38,145,55842.08
161,98,2,2026-05-10,19586,259,649.6,4,1299.92
161,98,2,2026-05-11,33234,2367,4920.78,316,117157.08
161,98,2,2026-05-13,6504,411,215.89,40,8662.67
161,98,2,2026-05-15,3250,200,511.77,2,534.06
161,98,2,2026-05-18,38840,2707,2469.36,103,37795.47
161,98,2,2026-05-28,12526,139,464.84,4,271.76
161,98,2,2026-05-29,5745,129,177.01,13,1893.16
161,98,2,2026-06-07,17298,1322,4740.01,115,18944.05
161,98,2,2026-06-10,20857,1177,3429.38,159,23841.71
161,98,2,2026-06-14,16632,430,1977.2,34,9721.02
161,98,2,2026-06-15,30232,2176,6009.8,310,72703.87
161,98,2,2026-06-29,30772,1907,7176.7,213,29264.77
161,98,2,2026-07-04,16111,775,2264.44,92,21130.79
161,98,2,2026-07-06,16123,1097,1378.86,146,25685.6
161,98,2,2026-07-07,33443,1845,7820.28,271,58489.58
161,98,2,2026-07-11,22183,735,1498.92,62,3167.39
161,98,2,2026-07-15,12236,563,967.84,81,8028.22
161,98,2,2026-07-20,48156,1446,3911.19,138,16693.34
161,98,2,2026-07-25,40283,3080,8176.83,63,3575.45
161,98,2,2026-07-26,12221,946,4459.92,97,30210.29
161,98,2,2026-07-31,25922,1503,2464.21,80,17835.34
161,98,2,2026-08-02,33394,1144,1161.21,97,22591.4
161,98,2,2026-08-04,49844,625,1762.13,53,16221.62
161,98,2,2026-08-05,1810,18,25.18,1,251.27
161,98,2,2026-08-07,47445,2407,2345.06,54,11015.51
161,98,2,2026-08-10,39111,1778,1529.6,187,39808.2
161,98,2,2026-08-13,16130,870,2905.02,46,16671.15
161,98,2,2026-08-18,46996,2559,10528.76,184,33497.62
162,98,3,2025-08-23,36714,1415,1526.09,210,34911.81
162,98,3,2025-09-01,31264,730,949.1,109,25454.17
162,98,3,2025-09-10,47400,1791,8420.09,92,19598.98
162,98,3,2025-09-12,43532,2433,2319.94,121,23660.66
162,98,3,2025-09-13,39789,1051,3374.98,47,17150.29
162,98,3,2025-09-18,21743,680,1046.22,77,4197.85
162,98,3,2025-09-27,27827,2035,9951.67,53,14867.08
162,98,3,2025-09-30,27426,1545,840.2,138,9984.07
162,98,3,2025-10-03,37455,1325,6478.31,169,14501.25
162,98,3,2025-10-07,9063,330,1204.92,21,6416.47
162,98,3,2025-10-09,16974,307,1404.7,8,1556.67
162,98,3,2025-10-12,1623,90,258.8,12,3330.89
162,98,3,2025-10-13,30412,1790,7985.35,109,23930.65
162,98,3,2025-10-14,24468,1611,4122.8,41,5868.2
162,98,3,2025-10-15,22015,841,1368.54,92,11732.56
162,98,3,2025-10-20,47940,2082,9135.4,292,86926.14
162,98,3,2025-10-21,26954,1680,5513.93,48,10842.18
162,98,3,2025-10-23,18541,357,475.65,35,5882.33
162,98,3,2025-10-24,7593,391,1900.77,30,5709.22
162,98,3,2025-10-26,20286,1424,851.47,147,24847.91
162,98,3,2025-10-31,46382,1507,5387.42,192,45202.5
162,98,3,2025-11-02,46974,3146,7719.59,439,171559.49
162,98,3,2025-11-04,35034,1337,2138.22,34,2913.25
162,98,3,2025-11-09,21228,924,1114.23,15,4177.67
162,98,3,2025-11-10,36239,853,2951.68,51,7178.8
162,98,3,2025-11-13,38737,2160,3088.87,119,12931.46
162,98,3,2025-11-15,2479,48,150.53,6,1314.01
162,98,3,2025-11-24,33375,2239,10380.54,274,97136.74
162,98,3,2025-11-27,26140,1009,1241.8,64,23718.89
162,98,3,2025-11-28,24502,375,1499.8,52,16761.86
162,98,3,2025-12-02,41559,507,1485.83,28,10339.31
162,98,3,2025-12-03,9309,668,1593.48,90,33200.31
162,98,3,2025-12-07,10366,548,2218.49,53,7363.22
162,98,3,2025-12-09,13747,393,466.71,36,9027.59
162,98,3,2025-12-10,45398,2057,9279.96,130,8514.86
162,98,3,2025-12-14,32355,1564,2201.57,194,11355.57
162,98,3,2025-12-18,29077,2163,3363.58,78,23168.27
162,98,3,2025-12-21,25129,1510,2386.8,146,32015.67
162,98,3,2025-12-24,4589,224,426.77,20,2936.86
162,98,3,2025-12-26,8717,617,2464.24,87,32627.44
162,98,3,2026-01-03,39817,2320,5856.06,188,33656.8
162,98,3,2026-01-05,12665,508,2502.76,47,18052.6
162,98,3,2026-01-07,25349,1480,6655.4,157,44558.78
162,98,3,2026-01-10,34495,1473,2203.65,117,46741.54
162,98,3,2026-01-13,33043,582,422.1,41,12365.65
162,98,3,2026-01-15,32412,2024,2560.69,23,3069.62
162,98,3,2026-01-16,24931,1137,2670.99,110,41452.99
162,98,3,2026-01-18,33240,1116,2194.64,70,20694.42
162,98,3,2026-01-19,48216,2271,8734.42,147,54061.75
162,98,3,2026-01-29,33563,2470,3402.64,109,9583.3
162,98,3,2026-01-30,16268,381,1806.21,33,11010.37
162,98,3,2026-02-01,17977,981,1887.84,48,15652.84
162,98,3,2026-02-03,38978,1694,3118.54,184,22649.52
162,98,3,2026-02-08,6466,154,455.42,13,860.74
162,98,3,2026-02-13,47294,1551,3308.84,44,12340.55
162,98,3,2026-02-14,45223,1638,5231.83,142,52252.46
162,98,3,2026-02-15,25865,311,1094.41,33,2548.34
162,98,3,2026-02-21,29569,413,461.93,21,6943.55
162,98,3,2026-02-27,6456,187,514.34,8,2870.47
162,98,3,2026-03-02,14473,1036,813.86,129,33047.41
162,98,3,2026-03-07,49707,872,2748.6,89,35368.14
162,98,3,2026-03-08,37727,1171,2957.8,153,53710.55
162,98,3,2026-03-10,3406,113,269.04,11,1714.77
162,98,3,2026-03-11,16830,1243,5776.05,58,23193.1
162,98,3,2026-03-16,5776,334,1338.59,16,1486.86
162,98,3,2026-03-17,12622,890,2127.27,14,2291.53
162,98,3,2026-03-26,32076,542,1319.36,44,8063.14
162,98,3,2026-03-31,9068,156,330.3,9,2110.49
162,98,3,2026-04-02,3574,173,692.6,3,912.86
162,98,3,2026-04-05,18121,984,643.32,104,26869.8
162,98,3,2026-04-07,16578,990,2797.1,37,7062.58
162,98,3,2026-04-12,9986,398,886.86,32,4185.56
162,98,3,2026-04-13,8463,184,586.91,2,688.79
162,98,3,2026-04-16,46664,1765,996.93,242,82540.18
162,98,3,2026-04-19,6437,393,519.5,24,3807.45
162,98,3,2026-04-20,9482,547,605.63,65,18239.22
162,98,3,2026-04-25,15409,585,1045.57,58,8135.48
162,98,3,2026-05-04,32243,1976,2738.91,258,18983.75
162,98,3,2026-05-07,18555,1388,5428.68,181,30286.8
162,98,3,2026-05-09,14052,534,1011.96,72,28666.54
162,98,3,2026-05-16,25454,882,3829.53,73,6469.16
162,98,3,2026-05-19,1860,147,164.5,6,705.01
162,98,3,2026-05-22,12883,478,968.71,35,4952.2
162,98,3,2026-06-01,42936,2020,7801.19,163,63137.72
162,98,3,2026-06-03,11903,367,436.49,31,5596.33
162,98,3,2026-06-04,30835,2068,2494.46,304,85854.31
162,98,3,2026-06-10,44455,1275,2684.38,69,11726.94
162,98,3,2026-06-12,2228,112,472.98,4,922.98
162,98,3,2026-06-16,35498,382,191.1,17,5527.34
162,98,3,2026-06-17,4631,225,844.08,6,799.03
162,98,3,2026-06-21,10212,499,311.04,42,14345.1
162,98,3,2026-06-23,48614,3595,11976.46,303,48407.72
162,98,3,2026-06-24,32234,1376,2689.21,155,36805.44
162,98,3,2026-06-28,29230,548,752.77,7,1476.62
162,98,3,2026-07-03,8144,221,734.55,29,9689.68
162,98,3,2026-07-05,16894,587,2879.53,19,4606.56
162,98,3,2026-07-06,16869,1062,1410.14,18,4258.24
162,98,3,2026-07-13,28064,415,361.66,51,16864.99
162,98,3,2026-07-18,32375,1962,6561.8,273,15301.84
162,98,3,2026-07-23,24975,1659,3959.65,71,25898.8
162,98,3,2026-07-24,6481,182,774.54,20,1429.14
162,98,3,2026-07-27,45153,915,3622.35,66,23980.99
162,98,3,2026-07-29,6265,203,582.81,13,3024.84
162,98,3,2026-08-01,3868,274,141.19,17,1179.26
162,98,3,2026-08-05,11061,245,148.06,34,10799.51
162,98,3,2026-08-09,28213,1779,8250.29,152,13685.04
162,98,3,2026-08-13,19732,1298,5037.29,114,30923.5
162,98,3,2026-08-16,1805,80,120.88,11,3604.32
163,24,1,2025-08-18,14653,1058,4826.42,131,52167.55
163,24,1,2025-08-19,36749,2385,7599.57,226,34130.67
163,24,1,2025-08-22,24149,879,2520.94,130,39532.09
163,24,1,2025-08-26,2671,53,113.91,1,237.2
163,24,1,2025-08-31,14264,1139,1831.52,157,11881.78
163,24,1,2025-09-08,28946,458,2107.18,66,4675.96
163,24,1,2025-09-10,26443,1360,2226.03,132,21991.32
163,24,1,2025-09-13,2521,161,784.5,9,3401.13
163,24,1,2025-09-20,9500,685,988.49,88,11161.71
163,24,1,2025-09-26,27243,1505,5402.35,147,50439.52
163,24,1,2025-09-30,33346,2567,4215.62,117,43197.12
163,24,1,2025-10-04,39041,905,1416.62,113,37146.25
163,24,1,2025-10-08,30381,1493,6414.54,118,27502.03
163,24,1,2025-10-14,23309,1230,5333.0,16,1625.42
163,24,1,2025-10-15,48249,2273,2157.3,187,74490.07
163,24,1,2025-10-16,22103,789,716.94,67,25788.9
163,24,1,2025-10-19,1394,51,192.23,6,2132.77
163,24,1,2025-10-22,12020,409,388.51,9,2758.93
163,24,1,2025-10-24,36377,2518,3744.93,220,36098.45
163,24,1,2025-10-26,25909,892,3798.34,42,8080.85
163,24,1,2025-10-28,14561,550,2490.7,53,17897.38
163,24,1,2025-10-30,42639,2739,8988.53,35,2148.45
163,24,1,2025-10-31,21213,1683,7500.16,68,5436.58
163,24,1,2025-11-10,1565,32,34.99,0,0.0
163,24,1,2025-11-11,36386,2441,11556.84,138,19799.81
163,24,1,2025-11-16,16165,1089,1685.11,145,32045.29
163,24,1,2025-11-29,16961,590,2803.51,50,19936.09
163,24,1,2025-12-03,9867,557,480.11,76,10818.18
163,24,1,2025-12-04,30554,815,2836.92,12,3190.3
163,24,1,2025-12-06,19417,1539,1021.38,194,63110.55
163,24,1,2025-12-07,27391,2188,7085.9,41,2127.68
163,24,1,2025-12-17,24943,1268,3370.42,37,7012.93
163,24,1,2025-12-19,21511,1546,2446.55,172,30165.06
163,24,1,2025-12-25,11429,637,2823.41,89,17095.82
163,24,1,2025-12-26,39100,3087,9781.88,393,111578.09
163,24,1,2025-12-28,41712,766,1465.76,46,16576.85
163,24,1,2025-12-31,33961,969,4613.77,78,25482.63
163,24,1,2026-01-02,17018,419,1551.13,25,6991.98
163,24,1,2026-01-03,25380,840,3564.39,119,28184.6
163,24,1,2026-01-09,21422,1291,3918.77,19,7024.31
163,24,1,2026-01-13,9745,567,1792.03,77,4066.2
163,24,1,2026-01-17,39437,1638,7719.53,174,29128.84
163,24,1,2026-01-20,15468,512,2333.29,76,18517.09
163,24,1,2026-01-21,12529,737,1655.99,89,35049.74
163,24,1,2026-02-01,23676,1622,1281.09,45,10390.85
163,24,1,2026-02-02,34021,1748,8268.28,83,26658.89
163,24,1,2026-02-03,48662,606,748.35,88,21410.15
163,24,1,2026-02-07,10457,738,1756.47,15,4785.76
163,24,1,2026-02-08,31388,1158,3499.5,170,25874.28
163,24,1,2026-02-11,20758,554,2392.44,60,18698.56
163,24,1,2026-02-18,44440,2449,3293.44,353,127545.11
163,24,1,2026-02-21,3995,170,286.65,21,7463.86
163,24,1,2026-02-24,44842,996,1609.88,97,5951.66
163,24,1,2026-03-04,7120,503,1717.19,22,6906.07
163,24,1,2026-03-15,31147,370,367.63,19,2122.46
163,24,1,2026-03-28,45500,2977,12290.56,276,16860.49
163,24,1,2026-04-13,12597,249,562.8,20,6292.92
163,24,1,2026-04-19,30802,1079,4569.5,47,14905.48
163,24,1,2026-04-24,46386,3390,8796.66,134,15536.38
163,24,1,2026-04-25,44446,1304,3955.75,71,10391.68
163,24,1,2026-05-02,7657,571,1029.16,44,5506.1
163,24,1,2026-05-04,21608,1501,2046.92,92,28486.87
163,24,1,2026-05-07,7090,338,990.4,28,5179.46
163,24,1,2026-05-08,14205,485,527.06,27,8806.38
163,24,1,2026-05-09,31841,2299,7732.08,33,8934.55
163,24,1,2026-05-14,20652,1363,4596.04,112,27253.4
163,24,1,2026-05-19,40911,1548,6379.38,174,64480.67
163,24,1,2026-05-21,34816,1380,1820.89,76,4904.64
163,24,1,2026-05-23,42265,2980,6024.05,367,130064.05
163,24,1,2026-05-29,44992,1165,1279.98,122,12270.97
163,24,1,2026-06-05,34040,1057,4031.75,147,19907.01
163,24,1,2026-06-07,9861,184,895.74,23,5571.56
163,24,1,2026-06-12,31659,2049,2084.73,223,40484.92
163,24,1,2026-06-17,48055,1989,4197.9,50,14178.52
163,24,1,2026-06-18,2875,40,199.07,4,277.2
163,24,1,2026-06-24,36250,973,3710.29,63,12991.35
163,24,1,2026-06-30,25615,625,2863.91,38,7773.79
163,24,1,2026-07-01,2575,62,128.79,3,1025.21
163,24,1,2026-07-02,29816,1180,680.18,68,12478.76
163,24,1,2026-07-03,21829,966,2738.67,80,9094.34
163,24,1,2026-07-12,34579,1684,7326.51,79,11388.09
163,24,1,2026-07-13,46150,544,2204.77,66,11378.41
163,24,1,2026-07-15,47116,3523,2480.0,245,27106.32
163,24,1,2026-07-16,43464,2481,11346.73,36,11959.65
163,24,1,2026-07-17,5537,80,226.68,8,2375.1
163,24,1,2026-07-18,28828,655,1638.27,6,1358.27
163,24,1,2026-07-23,10054,764,903.37,113,41533.34
163,24,1,2026-08-07,6017,161,268.88,6,772.32
163,24,1,2026-08-11,17293,1079,1561.21,73,18283.61
164,24,2,2025-08-20,47101,1990,3664.3,160,38825.73
164,24,2,2025-08-26,32996,2487,12252.75,44,7122.82
164,24,2,2025-09-01,35516,459,1009.1,48,4127.48
164,24,2,2025-09-03,6557,234,1075.93,5,1542.02
164,24,2,2025-09-08,10941,737,2844.46,98,36147.02
164,24,2,2025-09-10,28989,1896,1173.88,214,35911.34
164,24,2,2025-09-14,44537,1404,1381.06,151,15933.71
164,24,2,2025-09-27,16611,696,2797.69,95,26090.38
164,24,2,2025-10-05,43985,3017,13159.94,412,151241.05
164,24,2,2025-10-07,15339,653,3184.85,26,1814.02
164,24,2,2025-10-10,10970,648,466.53,42,11083.38
164,24,2,2025-10-12,43515,1224,3719.27,127,6678.25
164,24,2,2025-10-13,39791,944,3925.69,103,35634.03
164,24,2,2025-10-21,12571,490,1403.36,51,2746.21
164,24,2,2025-10-22,41120,1033,1401.27,119,16222.87
164,24,2,2025-10-24,49651,2653,12982.93,70,20785.49
164,24,2,2025-10-26,6336,492,1864.87,31,3934.3
164,24,2,2025-11-01,48383,3049,12414.16,195,14480.15
164,24,2,2025-11-04,42660,491,2230.55,43,4101.2
164,24,2,2025-11-07,12818,715,2958.48,78,5782.51
164,24,2,2025-11-15,2913,101,210.78,12,755.94
164,24,2,2025-11-17,36078,549,2263.25,22,7690.83
164,24,2,2025-12-03,4994,82,385.86,5,1503.0
164,24,2,2025-12-04,25558,1521,6945.4,80,31644.63
164,24,2,2025-12-05,29509,2312,6975.46,131,41245.44
164,24,2,2025-12-08,29842,2045,3447.62,67,4754.18
164,24,2,2025-12-13,29061,2254,11222.8,195,66222.92
164,24,2,2025-12-14,18493,880,1969.38,54,18025.3
164,24,2,2025-12-21,25765,1001,3230.63,82,14722.8
164,24,2,2026-01-04,16582,1105,1096.57,70,9069.39
164,24,2,2026-01-06,24764,1854,8791.71,164,49196.32
164,24,2,2026-01-07,13964,683,869.9,70,20860.1
164,24,2,2026-01-09,43427,521,1606.56,45,8138.29
164,24,2,2026-01-17,8639,223,897.56,20,4058.87
164,24,2,2026-01-18,18593,747,1325.69,22,5953.0
164,24,2,2026-01-29,19380,935,3835.51,39,10143.79
164,24,2,2026-01-30,41593,1975,7605.82,147,49776.92
164,24,2,2026-02-01,27863,307,680.77,29,4410.23
164,24,2,2026-02-05,28209,1017,1999.33,94,29014.06
164,24,2,2026-02-10,24972,1343,1400.93,55,16092.21
164,24,2,2026-02-11,49951,1683,7741.64,239,12173.63
164,24,2,2026-02-19,6217,131,211.9,4,402.71
164,24,2,2026-02-20,4707,152,216.21,11,3767.9
164,24,2,2026-02-23,32485,1704,1091.41,234,75978.56
164,24,2,2026-02-27,8988,675,711.22,19,5559.3
164,24,2,2026-03-03,29265,1848,1686.2,25,4106.83
164,24,2,2026-03-06,40059,921,1998.94,72,19303.44
164,24,2,2026-03-09,29294,421,1879.29,17,5263.61
164,24,2,2026-03-12,2772,99,359.66,12,3442.64
164,24,2,2026-03-16,49383,3084,8409.34,100,5161.42
164,24,2,2026-03-20,14698,820,3861.82,57,21548.44
164,24,2,2026-03-26,38882,3018,8575.67,388,122131.5
164,24,2,2026-03-30,9138,726,3247.49,92,9368.45
164,24,2,2026-04-01,10290,705,2889.75,62,18993.98
164,24,2,2026-04-02,3837,77,184.47,7,1305.2
164,24,2,2026-04-05,18634,672,3224.91,50,11017.84
164,24,2,2026-04-07,23201,1495,5153.95,144,14384.88
164,24,2,2026-04-08,26701,1568,7169.94,84,20693.81
164,24,2,2026-04-09,39985,2444,9502.67,348,25385.05
164,24,2,2026-04-13,26142,913,2765.08,68,21943.62
164,24,2,2026-04-15,15756,421,1183.42,21,1920.69
164,24,2,2026-04-16,7211,104,348.83,5,1639.28
164,24,2,2026-04-19,9977,334,1660.37,47,6005.65
164,24,2,2026-04-28,22671,362,593.45,34,2823.1
164,24,2,2026-05-01,33907,1749,7661.29,186,64383.96
164,24,2,2026-05-04,31852,1207,5746.27,154,24737.35
164,24,2,2026-05-05,1005,79,162.0,3,547.1
164,24,2,2026-05-12,29339,1115,2899.61,147,30379.87
164,24,2,2026-05-13,17697,854,2079.59,99,36785.7
164,24,2,2026-05-14,16614,379,1272.59,44,11731.59
164,24,2,2026-05-19,32873,2604,9895.61,330,70644.54
164,24,2,2026-05-22,15703,982,1262.48,145,45552.34
164,24,2,2026-05-28,26178,1306,4147.29,152,36464.12
164,24,2,2026-06-06,14603,319,759.94,7,731.52
164,24,2,2026-06-09,29233,726,1879.32,45,10372.81
164,24,2,2026-06-11,14684,215,784.53,29,8559.14
164,24,2,2026-06-13,49812,3785,11192.51,177,16374.19
164,24,2,2026-06-15,41327,1154,3936.8,168,9063.52
164,24,2,2026-06-24,17826,519,801.1,33,9602.08
164,24,2,2026-06-26,12963,915,2040.77,11,4334.46
164,24,2,2026-06-30,4073,324,1260.1,28,8836.71
164,24,2,2026-07-14,15643,1034,2323.96,93,16682.26
164,24,2,2026-07-30,44014,3173,5772.07,246,67429.38
164,24,2,2026-08-07,19153,467,1699.38,68,17855.59
164,24,2,2026-08-11,15149,790,3360.44,37,13645.43
164,24,2,2026-08-14,21604,1318,4362.86,94,26670.84
164,24,2,2026-08-17,33272,2110,4535.75,140,15830.27
165,24,3,2025-08-26,18020,953,855.57,131,16439.93
165,24,3,2025-08-27,12042,834,1894.75,117,34753.53
165,24,3,2025-09-01,28979,1969,1415.03,92,23926.75
165,24,3,2025-09-05,36732,1440,3866.15,137,12543.28
165,24,3,2025-09-11,3528,111,169.6,13,1218.95
165,24,3,2025-09-13,33132,1123,5213.11,13,4367.11
165,24,3,2025-09-14,26054,971,1998.3,97,36275.11
165,24,3,2025-09-15,45798,608,2489.4,69,21949.22
165,24,3,2025-09-17,28402,945,3990.28,71,7813.17
165,24,3,2025-09-20,46711,3255,5312.57,109,6739.2
165,24,3,2025-09-22,21109,665,718.1,9,499.32
165,24,3,2025-09-30,8561,522,2204.03,12,4434.78
165,24,3,2025-10-02,26829,993,4621.74,126,47088.63
165,24,3,2025-10-09,16719,725,2061.3,32,8694.11
165,24,3,2025-10-10,38877,2808,8309.49,292,104914.53
165,24,3,2025-10-19,18510,1002,978.07,73,22786.67
165,24,3,2025-10-26,42917,2805,13099.01,160,46165.18
165,24,3,2025-10-28,7004,278,176.09,35,11373.45
165,24,3,2025-10-31,37513,2012,1717.52,270,49567.94
165,24,3,2025-11-01,46718,2444,1923.96,268,32042.7
165,24,3,2025-11-02,12284,968,697.77,44,15581.0
165,24,3,2025-11-05,17003,792,1774.2,107,14786.75
165,24,3,2025-11-08,2929,148,638.98,21,6444.03
165,24,3,2025-11-16,8333,664,1882.44,69,23514.6
165,24,3,2025-11-17,35342,1986,6457.4,201,66414.33
165,24,3,2025-11-22,15144,726,3446.06,22,8379.96
165,24,3,2025-11-24,28141,1045,1844.45,153,21630.07
165,24,3,2025-11-28,39155,1891,3063.87,20,4189.45
165,24,3,2025-11-30,15006,688,962.65,26,2232.84
165,24,3,2025-12-16,45542,1327,2835.43,185,28316.28
165,24,3,2025-12-30,28133,1221,4206.43,147,22735.33
165,24,3,2026-01-01,32543,2257,8131.06,267,28337.81
165,24,3,2026-01-02,10396,815,1560.44,87,32395.86
165,24,3,2026-01-05,25594,386,641.18,10,1952.97
165,24,3,2026-01-07,5330,80,284.69,7,916.64
165,24,3,2026-01-08,34382,2212,1519.06,101,14915.12
165,24,3,2026-01-14,35679,1078,2881.84,31,4831.33
165,24,3,2026-01-15,21690,1118,1735.05,40,13988.78
165,24,3,2026-01-16,36504,645,1746.7,85,19208.41
165,24,3,2026-01-19,11389,332,1247.02,36,12381.91
165,24,3,2026-01-21,24376,1046,3912.14,154,45891.5
165,24,3,2026-01-24,2044,127,332.03,2,105.58
165,24,3,2026-01-25,47845,623,669.91,37,6804.27
165,24,3,2026-01-27,38905,1037,4015.2,82,27921.67
165,24,3,2026-01-28,33114,1817,1717.16,125,28713.68
165,24,3,2026-01-31,30133,1637,6666.51,131,38594.64
165,24,3,2026-02-01,49157,1952,6825.44,127,50427.16
165,24,3,2026-02-02,42656,476,1884.7,55,2973.14
165,24,3,2026-02-03,24938,564,887.68,68,19949.32
165,24,3,2026-02-05,40903,632,2280.64,52,9285.73
165,24,3,2026-02-14,33222,635,943.97,34,11726.11
165,24,3,2026-02-16,11490,909,2403.04,67,10372.86
165,24,3,2026-02-19,9263,314,511.82,12,4795.15
165,24,3,2026-02-21,1347,57,180.66,8,1811.49
165,24,3,2026-02-25,40911,2760,3764.78,404,115441.26
165,24,3,2026-03-04,9263,301,943.93,7,1357.48
165,24,3,2026-03-08,11133,527,2355.27,22,8490.57
165,24,3,2026-03-11,43330,2660,7810.02,231,58554.23
165,24,3,2026-03-13,31667,621,704.91,70,18714.73
165,24,3,2026-03-14,28421,321,883.7,34,5547.41
165,24,3,2026-03-15,37475,2195,9186.09,46,4175.01
165,24,3,2026-03-25,2408,147,210.94,18,1771.0
165,24,3,2026-03-26,49672,2043,4423.03,35,7340.91
165,24,3,2026-03-27,35183,552,1156.72,31,12111.68
165,24,3,2026-03-28,2709,120,324.58,17,3030.42
165,24,3,2026-03-29,5509,97,107.42,4,436.86
165,24,3,2026-03-31,14230,656,2208.44,27,7463.13
165,24,3,2026-04-08,8146,409,510.23,57,8932.8
165,24,3,2026-04-09,17384,345,1057.37,45,9549.31
165,24,3,2026-04-20,47051,2524,3971.46,212,43319.19
165,24,3,2026-04-23,13200,455,233.31,56,4597.38
165,24,3,2026-04-25,1428,40,148.9,1,384.33
165,24,3,2026-04-27,38113,2754,4153.91,323,55529.28
165,24,3,2026-04-30,17213,848,3560.59,36,10995.5
165,24,3,2026-05-08,28663,814,4044.39,41,13585.48
165,24,3,2026-05-09,30660,2069,4444.32,72,7015.37
165,24,3,2026-05-11,7582,593,469.28,36,14254.37
165,24,3,2026-05-12,2033,113,491.72,14,2338.1
165,24,3,2026-05-13,49492,2635,9756.36,394,74271.8
165,24,3,2026-05-15,44250,3129,14291.15,221,73987.11
165,24,3,2026-05-26,11978,736,3216.66,96,16894.83
165,24,3,2026-05-28,2476,135,644.84,7,2487.93
165,24,3,2026-05-31,3317,48,200.12,3,705.18
165,24,3,2026-06-09,47678,713,2571.8,80,6991.23
165,24,3,2026-06-20,27252,313,1404.7,32,10331.29
165,24,3,2026-06-23,48229,1912,2308.03,168,35222.04
165,24,3,2026-07-02,44751,702,2825.16,34,3280.19
165,24,3,2026-07-04,35777,1577,1837.29,67,9047.15
165,24,3,2026-07-05,43672,2455,6246.38,314,64214.04
165,24,3,2026-07-09,31478,1879,2949.61,209,69280.32
165,24,3,2026-07-11,16455,1304,5032.02,158,46050.83
165,24,3,2026-07-17,24891,467,1874.96,34,6281.71
165,24,3,2026-07-19,9200,294,409.92,12,4260.79
165,24,3,2026-07-26,14330,1112,3156.36,147,38957.37
165,24,3,2026-07-28,12498,589,839.08,73,21908.49
165,24,3,2026-08-02,2431,88,139.55,12,3255.19
165,24,3,2026-08-15,35160,1314,3755.52,116,29665.46
165,24,3,2026-08-18,26410,1552,3860.01,155,39174.47
166,3,1,2025-08-21,29630,2028,6059.29,98,12428.46
166,3,1,2025-08-23,14055,666,2449.13,60,4138.01
166,3,1,2025-08-30,23498,1774,6938.06,224,55729.51
166,3,1,2025-08-31,3200,112,413.01,2,635.94
166,3,1,2025-09-08,20775,403,1635.07,38,2171.3
166,3,1,2025-09-10,23414,371,806.91,12,1835.23
166,3,1,2025-09-11,17050,899,1374.51,10,1174.3
166,3,1,2025-09-16,26869,1697,6387.71,37,5332.23
166,3,1,2025-09-18,19626,1471,5716.81,64,9691.07
166,3,1,2025-09-21,11385,555,2072.84,75,13676.76
166,3,1,2025-09-22,20849,1561,1155.25,59,5359.07
166,3,1,2025-09-26,22849,496,862.97,12,2124.8
166,3,1,2025-09-30,29801,1743,1894.09,135,9147.53
166,3,1,2025-10-08,6561,478,1771.89,33,12780.0
166,3,1,2025-10-11,37915,2438,7283.62,131,12435.19
166,3,1,2025-10-12,39496,1996,8220.68,228,13639.8
166,3,1,2025-10-16,13140,371,1635.38,6,1531.61
166,3,1,2025-10-20,15880,680,839.91,91,11286.14
166,3,1,2025-10-21,1588,119,414.56,16,4226.22
166,3,1,2025-10-23,40971,1741,3978.67,228,42216.27
166,3,1,2025-11-05,34987,2127,8792.2,90,22789.11
166,3,1,2025-11-06,18912,471,1384.89,30,10982.35
166,3,1,2025-11-09,8814,575,2644.92,39,14446.27
166,3,1,2025-11-15,45881,1580,7668.06,84,22539.59
166,3,1,2025-11-16,17527,795,2060.01,10,3887.17
166,3,1,2025-11-18,16274,541,1102.31,46,2549.97
166,3,1,2025-11-19,38809,1085,4695.11,17,2568.23
166,3,1,2025-11-27,32763,1540,6519.15,205,30996.24
166,3,1,2025-11-28,31944,1677,7029.61,223,76328.19
166,3,1,2025-12-01,46685,1892,3621.12,146,43208.34
166,3,1,2025-12-10,48145,1536,7621.08,104,12039.77
166,3,1,2025-12-25,1421,83,309.04,2,144.08
166,3,1,2026-01-01,48383,1292,4533.11,173,52824.86
166,3,1,2026-01-06,13320,749,972.37,30,9824.59
166,3,1,2026-01-08,10756,780,1683.29,57,8374.16
166,3,1,2026-01-11,34966,923,2952.95,101,38327.29
166,3,1,2026-01-14,26812,1966,7594.71,57,15966.98
166,3,1,2026-01-17,6797,424,1852.61,6,2144.87
166,3,1,2026-01-20,34001,1864,3225.97,226,23385.91
166,3,1,2026-01-21,32544,908,4216.23,107,22918.92
166,3,1,2026-01-27,24197,1154,3447.19,61,4298.47
166,3,1,2026-01-29,14963,692,2410.62,75,4683.66
166,3,1,2026-01-31,6847,303,1019.41,43,13545.23
166,3,1,2026-02-05,29755,1210,3903.7,87,21415.4
166,3,1,2026-02-07,34363,1553,3065.69,50,3054.46
166,3,1,2026-02-09,15048,571,2203.37,72,28140.41
166,3,1,2026-02-13,44942,642,855.56,45,15069.21
166,3,1,2026-02-15,37554,1621,5953.44,166,33641.43
166,3,1,2026-02-16,36014,2019,1657.46,153,39225.23
166,3,1,2026-02-19,17176,363,1055.11,52,14032.39
166,3,1,2026-02-21,37658,1926,5253.3,135,13590.53
166,3,1,2026-02-27,40994,2433,8794.45,190,47404.56
166,3,1,2026-02-28,48260,1779,3457.23,259,64700.9
166,3,1,2026-03-01,13260,698,945.82,35,11977.43
166,3,1,2026-03-04,15472,616,617.37,90,27790.73
166,3,1,2026-03-05,14769,367,787.58,35,3348.74
166,3,1,2026-03-16,42025,1031,5016.0,140,33534.39
166,3,1,2026-03-18,10649,226,185.83,9,3326.38
166,3,1,2026-03-22,29703,1569,4980.03,85,6888.77
166,3,1,2026-04-03,44227,2949,3148.93,56,8422.67
166,3,1,2026-04-15,24455,781,2865.08,77,24647.77
166,3,1,2026-04-20,16836,1048,1388.68,155,45894.0
166,3,1,2026-04-29,44600,3438,5960.26,95,25804.1
166,3,1,2026-05-05,4379,191,148.34,24,2552.16
166,3,1,2026-05-10,3862,180,600.89,7,887.7
166,3,1,2026-05-14,7698,363,827.53,40,6463.34
166,3,1,2026-05-17,20147,1086,5159.27,76,28946.5
166,3,1,2026-05-19,8606,410,390.63,43,11715.49
166,3,1,2026-05-23,27020,678,1646.34,91,4810.72
166,3,1,2026-05-25,3952,219,933.85,25,1973.7
166,3,1,2026-06-06,33655,1764,5894.37,171,42724.69
166,3,1,2026-06-10,24279,333,965.02,37,8029.78
166,3,1,2026-06-12,3630,266,640.77,30,9642.59
166,3,1,2026-06-19,32771,1488,5881.51,185,10782.78
166,3,1,2026-06-22,4704,288,328.36,31,12136.54
166,3,1,2026-06-23,24238,1680,4131.64,90,27300.76
166,3,1,2026-06-27,48666,1287,2064.42,22,8518.73
166,3,1,2026-07-03,43603,1501,2541.61,202,37994.18
166,3,1,2026-07-04,25756,1214,3070.44,37,11668.8
166,3,1,2026-07-06,13530,747,2964.41,19,4776.39
166,3,1,2026-07-12,6525,302,463.08,41,5444.75
166,3,1,2026-07-13,30075,374,1363.28,21,1270.84
166,3,1,2026-07-15,39542,2587,9666.28,94,19345.8
166,3,1,2026-07-19,25256,1729,3099.99,249,83120.91
166,3,1,2026-07-25,15431,589,757.66,23,8990.98
166,3,1,2026-07-26,49139,3050,13878.7,237,78547.7
166,3,1,2026-07-27,35273,2237,5391.59,58,22707.01
166,3,1,2026-08-01,20533,756,2741.56,107,15118.36
166,3,1,2026-08-02,40479,790,1803.81,91,21945.96
166,3,1,2026-08-03,19137,310,1372.8,8,1527.67
166,3,1,2026-08-11,9575,233,326.63,18,910.1
166,3,1,2026-08-14,34813,2298,6142.41,276,68872.82
167,3,2,2025-08-19,38404,2087,9173.38,110,15894.19
167,3,2,2025-08-21,18986,315,975.23,33,10625.16
167,3,2,2025-08-25,4279,222,673.02,17,4526.11
167,3,2,2025-08-29,27459,2015,7226.46,70,15386.55
167,3,2,2025-09-08,6087,294,690.21,21,5011.51
167,3,2,2025-09-12,48729,3891,8295.18,297,46762.04
167,3,2,2025-09-16,47958,3612,4234.28,444,28643.97
167,3,2,2025-09-26,7068,381,455.09,10,994.7
167,3,2,2025-10-03,30291,1608,4955.22,111,11150.51
167,3,2,2025-10-09,28178,1513,3374.64,113,15741.78
167,3,2,2025-10-13,49117,3821,4420.33,115,43145.71
167,3,2,2025-10-15,14991,814,2560.03,108,20710.41
167,3,2,2025-10-26,42959,2064,3757.3,84,25820.41
167,3,2,2025-10-27,13083,860,2239.13,24,1240.52
167,3,2,2025-10-28,26307,1948,5515.96,65,5214.48
167,3,2,2025-11-09,47040,2053,4561.63,218,15050.4
167,3,2,2025-11-15,29563,1079,2837.68,31,1821.3
167,3,2,2025-11-25,48491,2958,9697.47,197,19018.48
167,3,2,2025-12-03,15132,1032,4835.25,98,31499.66
167,3,2,2025-12-08,35941,832,3180.2,77,8039.8
167,3,2,2025-12-16,25922,1568,1396.88,138,11878.58
167,3,2,2025-12-18,10263,282,1054.91,5,592.06
167,3,2,2025-12-20,20281,1516,5376.24,139,10175.27
167,3,2,2025-12-24,25890,1044,3063.27,149,42754.21
167,3,2,2025-12-25,8641,523,773.75,5,1864.29
167,3,2,2025-12-30,33961,2037,8944.41,103,34628.42
167,3,2,2026-01-01,38404,2921,11830.0,117,18224.3
167,3,2,2026-01-03,16922,246,393.1,15,4083.71
167,3,2,2026-01-04,11220,805,575.06,71,19696.01
167,3,2,2026-01-11,20853,1159,1259.67,26,6779.68
167,3,2,2026-01-13,15555,304,471.74,18,1747.28
167,3,2,2026-01-14,49189,3433,13302.72,124,26759.4
167,3,2,2026-01-20,48035,2639,2698.92,52,3583.09
167,3,2,2026-01-22,45491,3202,4093.43,357,103347.96
167,3,2,2026-01-23,18565,510,1596.3,27,2798.14
167,3,2,2026-01-25,27748,1830,6594.59,270,74856.71
167,3,2,2026-01-30,20666,944,2353.33,64,16367.09
167,3,2,2026-02-06,36288,1411,6450.94,191,65976.03
167,3,2,2026-02-09,12607,288,372.57,41,7133.26
167,3,2,2026-02-15,7517,565,391.07,14,1227.13
167,3,2,2026-02-21,26050,754,1739.79,68,24163.05
167,3,2,2026-02-24,10754,692,1646.17,101,26048.17
167,3,2,2026-02-25,34397,352,393.75,14,2502.69
167,3,2,2026-02-26,36577,1369,6515.69,39,8779.67
167,3,2,2026-02-28,18009,647,2539.29,43,16045.49
167,3,2,2026-03-04,35657,2197,4966.61,55,19762.09
167,3,2,2026-03-15,42516,1414,5766.41,172,50531.15
167,3,2,2026-03-17,7975,187,124.79,23,4821.8
167,3,2,2026-03-25,9003,464,1737.57,46,17277.59
167,3,2,2026-03-26,9037,677,848.75,14,1650.45
167,3,2,2026-03-27,37947,2024,9737.73,103,8276.48
167,3,2,2026-03-31,3020,66,232.67,5,1277.09
167,3,2,2026-04-03,28605,1927,4476.75,103,29628.61
167,3,2,2026-04-14,35416,2519,3105.19,304,113314.94
167,3,2,2026-04-17,27770,2146,9056.24,208,21624.99
167,3,2,2026-04-25,25300,1194,1607.48,157,43404.82
167,3,2,2026-04-26,37086,1983,7577.65,116,42383.12
167,3,2,2026-05-02,3041,83,125.44,8,2219.02
167,3,2,2026-05-04,49320,786,1678.9,58,17973.03
167,3,2,2026-05-05,4091,235,967.0,30,6945.55
167,3,2,2026-05-11,3636,168,544.25,7,1739.17
167,3,2,2026-05-15,44525,713,545.06,81,23665.75
167,3,2,2026-05-18,17766,596,941.33,28,11185.11
167,3,2,2026-05-21,2774,83,364.21,8,2345.33
167,3,2,2026-05-26,29805,1155,2191.37,31,2416.87
167,3,2,2026-06-05,7507,475,1401.55,33,12354.89
167,3,2,2026-06-09,9464,255,1046.0,3,952.44
167,3,2,2026-06-12,34731,2001,4645.25,36,9507.31
167,3,2,2026-06-14,35583,878,2461.45,108,11928.47
167,3,2,2026-06-30,17408,460,2040.41,65,17691.02
167,3,2,2026-07-01,10110,551,2452.1,38,14971.59
167,3,2,2026-07-05,26131,665,1776.68,71,4474.44
167,3,2,2026-07-07,18768,816,2363.29,12,2343.73
167,3,2,2026-07-08,33004,1450,964.02,109,15294.4
167,3,2,2026-07-09,28207,578,2886.3,70,12520.06
167,3,2,2026-07-15,3544,106,172.9,8,502.49
167,3,2,2026-07-17,35789,2466,6672.92,134,27009.82
167,3,2,2026-07-23,39751,523,1140.41,9,3359.28
167,3,2,2026-07-26,40235,1737,8606.53,48,14812.55
167,3,2,2026-07-30,47820,607,1966.72,54,15076.37
167,3,2,2026-08-02,27010,449,1626.53,48,4397.46
167,3,2,2026-08-03,30300,908,1776.08,111,35595.09
167,3,2,2026-08-04,45750,2964,4812.06,33,1785.72
167,3,2,2026-08-06,45689,3060,10151.27,364,85431.68
167,3,2,2026-08-09,11358,903,4262.84,35,13787.56
168,3,3,2025-08-19,47138,1740,3711.33,89,8030.85
168,3,3,2025-08-22,22636,1361,6385.43,201,69540.68
168,3,3,2025-08-29,9843,688,3371.94,58,16449.89
168,3,3,2025-09-09,39040,1250,4485.37,173,8773.62
168,3,3,2025-09-11,30863,546,2023.89,36,6311.44
168,3,3,2025-09-14,5569,340,1370.57,50,9858.77
168,3,3,2025-09-19,42639,747,2404.46,102,30917.37
168,3,3,2025-09-24,21397,412,867.49,33,5600.42
168,3,3,2025-10-02,47673,2302,8265.32,56,18632.62
168,3,3,2025-10-03,46897,2808,12438.99,250,35012.69
168,3,3,2025-10-07,16558,571,303.89,71,11953.96
168,3,3,2025-10-08,11891,391,1589.51,54,17852.44
168,3,3,2025-10-11,47223,2596,3366.18,46,15553.31
168,3,3,2025-10-16,39657,806,1636.04,33,3031.09
168,3,3,2025-10-18,30574,2445,11262.33,229,72370.38
168,3,3,2025-11-07,47348,1685,2495.26,226,88188.99
168,3,3,2025-11-11,39339,1571,1796.93,98,28483.13
168,3,3,2025-11-15,36182,2462,4624.52,220,60904.65
168,3,3,2025-11-16,29229,1530,5354.39,77,5448.12
168,3,3,2025-11-23,43062,2813,5515.7,278,92775.93
168,3,3,2025-11-24,34146,2271,9051.4,202,55089.61
168,3,3,2025-11-25,33008,1398,5416.61,13,4389.95
168,3,3,2025-12-03,18982,828,3832.62,72,19739.82
168,3,3,2025-12-06,28934,2180,7004.43,78,23463.53
168,3,3,2025-12-10,35805,1910,7650.23,231,74387.59
168,3,3,2025-12-11,7362,281,1017.08,34,12907.69
168,3,3,2025-12-14,6721,424,1895.92,11,2251.14
168,3,3,2025-12-22,44866,3478,15474.58,501,74869.81
168,3,3,2025-12-27,23747,1202,1669.98,145,11541.45
168,3,3,2025-12-28,1497,19,24.16,2,445.37
168,3,3,2026-01-02,17124,1042,1317.5,122,31588.84
168,3,3,2026-01-05,43885,453,1121.32,18,2164.12
168,3,3,2026-01-07,42941,1261,5556.36,164,14972.23
168,3,3,2026-01-10,21828,673,2003.73,75,29070.12
168,3,3,2026-01-11,13639,316,1545.09,33,9619.27
168,3,3,2026-01-12,12833,171,557.14,3,1011.41
168,3,3,2026-01-19,44458,1975,9013.78,135,14376.64
168,3,3,2026-01-20,37396,2700,4371.04,186,14661.81
168,3,3,2026-01-28,46921,3175,2134.0,418,51313.79
168,3,3,2026-02-03,15537,980,2943.24,28,3970.17
168,3,3,2026-02-04,11871,813,3239.04,52,16758.19
168,3,3,2026-02-05,12130,926,889.93,87,29470.8
168,3,3,2026-02-07,32074,1495,6113.36,179,32950.1
168,3,3,2026-02-08,21195,613,2868.68,24,6459.1
168,3,3,2026-02-15,17940,576,592.53,24,5209.99
168,3,3,2026-02-16,31969,838,3187.15,21,7276.27
168,3,3,2026-02-17,21364,1226,4744.89,58,3045.04
168,3,3,2026-02-18,33249,796,749.38,97,33623.75
168,3,3,2026-02-20,21567,1259,2313.73,61,11075.57
168,3,3,2026-02-26,33549,803,841.59,87,13591.51
168,3,3,2026-03-03,24085,341,1397.39,16,5870.08
168,3,3,2026-03-04,34997,2610,4217.3,276,65044.84
168,3,3,2026-03-07,16120,608,664.23,15,4640.49
168,3,3,2026-03-08,7304,105,105.53,10,995.87
168,3,3,2026-03-12,23872,851,1678.59,24,6313.55
168,3,3,2026-03-16,42543,2044,7345.62,132,45530.49
168,3,3,2026-03-19,12434,370,404.06,41,3213.8
168,3,3,2026-03-25,5514,78,61.89,5,406.31
168,3,3,2026-03-27,17609,1262,4092.25,149,38534.06
168,3,3,2026-04-01,39884,1746,7826.85,142,24941.86
168,3,3,2026-04-02,31607,771,1082.87,35,7868.53
168,3,3,2026-04-07,40078,648,2554.22,69,24490.52
168,3,3,2026-04-08,47930,2936,4165.25,63,7101.42
168,3,3,2026-04-15,33020,2438,6602.79,180,12947.27
168,3,3,2026-04-18,43525,1053,3969.24,138,32258.65
168,3,3,2026-04-22,8518,423,1407.82,23,5537.9
168,3,3,2026-04-24,25520,1747,8329.32,35,4322.89
168,3,3,2026-04-27,5537,322,1426.05,30,3866.53
168,3,3,2026-04-28,10203,445,712.89,21,2522.83
168,3,3,2026-05-04,49351,3454,11523.19,257,56220.51
168,3,3,2026-05-05,22402,740,421.53,19,2006.98
168,3,3,2026-05-07,46775,1150,1256.77,148,16448.36
168,3,3,2026-05-09,42415,2707,11845.83,298,28511.65
168,3,3,2026-05-11,17642,729,3134.34,89,33068.1
168,3,3,2026-05-13,15188,542,587.16,34,9973.15
168,3,3,2026-05-14,37992,2429,1312.17,262,89551.79
168,3,3,2026-05-18,30976,1151,2103.46,62,18380.31
168,3,3,2026-05-27,7044,255,688.6,20,7631.31
168,3,3,2026-05-29,25002,714,1392.82,19,3328.18
168,3,3,2026-06-06,6720,458,1572.57,44,17290.02
168,3,3,2026-06-15,42540,1096,3082.31,119,39511.15
168,3,3,2026-06-18,32336,2238,9347.33,234,40085.66
168,3,3,2026-06-20,8965,328,1003.02,28,9384.83
168,3,3,2026-06-22,2430,91,424.63,1,170.97
168,3,3,2026-06-23,1616,85,421.8,5,364.97
168,3,3,2026-06-25,33879,1198,5957.42,138,34048.82
168,3,3,2026-06-27,1144,67,80.78,5,1182.97
168,3,3,2026-07-02,26644,1791,3713.17,79,5977.4
168,3,3,2026-07-04,14894,943,3398.06,40,9297.97
168,3,3,2026-07-07,39926,2015,5300.17,209,80956.45
168,3,3,2026-07-18,47372,768,1431.46,96,22991.37
168,3,3,2026-07-24,4471,348,1050.85,50,17421.36
168,3,3,2026-07-25,49191,1866,7930.49,85,11558.29
168,3,3,2026-07-27,1782,99,250.81,12,760.79
168,3,3,2026-08-01,26247,300,414.7,35,11198.36
168,3,3,2026-08-07,34916,2421,8630.28,308,41204.71
168,3,3,2026-08-11,26408,1213,1389.16,139,17887.02
168,3,3,2026-08-13,4777,197,621.52,17,2311.0
168,3,3,2026-08-18,34049,2516,9966.8,335,93002.38
169,36,1,2025-08-18,24942,1580,6344.3,225,48258.87
169,36,1,2025-08-19,3295,33,92.8,0,0.0
169,36,1,2025-08-24,6765,497,1941.03,61,6000.47
169,36,1,2025-08-25,33893,2500,3720.41,317,122299.73
169,36,1,2025-08-27,8473,655,1700.25,34,3614.14
169,36,1,2025-08-28,10899,491,619.66,53,16471.33
169,36,1,2025-09-02,37057,402,683.49,56,3231.48
169,36,1,2025-09-04,34236,1222,4226.29,114,26015.77
169,36,1,2025-09-15,46252,2570,11490.56,69,10892.92
169,36,1,2025-09-18,6989,394,1725.69,53,11513.41
169,36,1,2025-09-24,16069,551,1157.19,76,16564.11
169,36,1,2025-09-28,28448,2205,10016.62,138,47728.13
169,36,1,2025-09-29,10798,581,2091.01,74,11592.61
169,36,1,2025-10-06,35262,2222,2976.54,50,7983.37
169,36,1,2025-10-10,21843,1683,6505.49,77,25040.98
169,36,1,2025-10-15,17137,1112,3986.33,77,29107.6
169,36,1,2025-10-23,4193,102,203.38,12,1148.95
169,36,1,2025-10-29,30841,1050,3611.94,149,52103.96
169,36,1,2025-10-31,39845,2081,1477.34,165,54983.04
169,36,1,2025-11-01,29165,1464,5701.96,168,18863.28
169,36,1,2025-11-05,27188,742,3205.71,31,2278.12
169,36,1,2025-11-16,5621,255,825.61,11,3557.61
169,36,1,2025-11-19,24759,1232,1932.04,101,12546.09
169,36,1,2025-11-26,14720,659,2508.45,97,38281.71
169,36,1,2025-11-28,4245,165,180.72,10,3722.21
169,36,1,2025-12-07,19499,1407,4766.81,120,45043.76
169,36,1,2025-12-16,26676,1992,3164.52,46,3730.8
169,36,1,2025-12-20,32048,2155,6912.74,304,69052.9
169,36,1,2025-12-25,33322,548,749.37,18,5564.65
169,36,1,2025-12-27,20471,422,526.53,49,3692.45
169,36,1,2025-12-29,43186,2533,2577.75,365,70244.07
169,36,1,2025-12-30,34864,2754,8141.5,265,96256.6
169,36,1,2025-12-31,6429,203,156.77,30,9240.67
169,36,1,2026-01-05,16009,1045,1725.58,88,25688.42
169,36,1,2026-01-10,23013,1450,2189.82,89,7500.06
169,36,1,2026-01-14,46245,1641,4618.09,246,41441.72
169,36,1,2026-01-17,3921,173,533.48,21,6563.07
169,36,1,2026-01-24,49532,3912,8652.34,363,128913.18
169,36,1,2026-02-05,8363,173,751.93,20,6139.59
169,36,1,2026-02-06,42924,1366,3674.8,199,16455.96
169,36,1,2026-02-09,15626,285,474.29,5,1508.8
169,36,1,2026-02-11,2387,53,253.52,6,2261.02
169,36,1,2026-02-12,32767,2256,5722.95,150,29738.64
169,36,1,2026-02-17,40798,2335,10214.95,114,34491.41
169,36,1,2026-02-19,38628,848,3123.32,108,7990.73
169,36,1,2026-02-26,2609,62,108.7,6,1218.03
169,36,1,2026-03-01,17972,1323,6480.99,58,7139.23
169,36,1,2026-03-02,30993,1278,1935.02,67,12845.47
169,36,1,2026-03-07,14435,383,1537.77,10,3265.22
169,36,1,2026-03-09,24378,473,1938.14,47,18777.85
169,36,1,2026-03-15,48496,3632,10319.75,254,86837.39
169,36,1,2026-03-26,35912,933,965.96,84,32483.93
169,36,1,2026-04-04,19489,348,1182.91,29,2591.23
169,36,1,2026-04-07,48667,3516,6272.14,183,52398.49
169,36,1,2026-04-14,36450,993,4621.94,134,49719.3
169,36,1,2026-04-15,43908,2429,8264.66,99,22554.31
169,36,1,2026-04-23,14046,977,2222.25,34,6086.83
169,36,1,2026-04-24,30623,1298,750.27,51,11930.36
169,36,1,2026-04-25,35704,1870,1378.02,180,61752.74
169,36,1,2026-04-26,13375,271,661.03,36,8206.05
169,36,1,2026-04-29,13730,731,1538.28,58,6672.68
169,36,1,2026-05-01,20489,1445,2191.57,110,42599.44
169,36,1,2026-05-07,25496,1442,4221.1,43,10215.5
169,36,1,2026-05-20,20303,1516,5675.86,66,23744.97
169,36,1,2026-06-06,1420,47,62.49,4,572.94
169,36,1,2026-06-08,47289,2356,10463.87,30,1588.6
169,36,1,2026-06-13,21513,1246,1344.05,149,51117.28
169,36,1,2026-07-09,28819,750,531.48,21,5565.88
169,36,1,2026-07-10,30254,979,2493.47,127,24176.26
169,36,1,2026-07-12,18463,1037,4926.26,95,35109.51
169,36,1,2026-07-21,24755,701,1981.04,47,4069.42
169,36,1,2026-07-23,48699,1896,1329.08,236,45090.94
169,36,1,2026-07-24,19886,1557,4141.03,213,24636.29
169,36,1,2026-07-25,17205,1134,3953.97,139,21183.37
169,36,1,2026-07-27,11479,907,2729.94,35,4319.55
169,36,1,2026-07-28,32376,1455,6157.76,206,76342.87
169,36,1,2026-07-31,46142,3356,6258.61,182,69082.53
169,36,1,2026-08-10,44262,1617,6245.4,181,57537.94
169,36,1,2026-08-14,21345,653,3255.02,87,34483.39
169,36,1,2026-08-16,6630,276,1117.64,21,2143.66
170,36,2,2025-08-18,44478,2863,6587.34,101,28889.32
170,36,2,2025-08-19,4748,306,1075.88,37,5820.54
170,36,2,2025-08-20,47685,1866,2346.36,92,4759.04
170,36,2,2025-08-24,11015,240,415.73,9,3426.88
170,36,2,2025-09-01,14053,1002,2005.45,41,2300.49
170,36,2,2025-09-03,43682,451,1192.41,54,11216.57
170,36,2,2025-09-05,43119,1302,2550.86,191,27319.72
170,36,2,2025-09-09,47156,2359,1336.01,215,22018.02
170,36,2,2025-09-10,24619,1519,5178.67,179,22682.74
170,36,2,2025-09-14,16274,475,2148.26,7,2759.46
170,36,2,2025-09-23,28902,2160,9227.6,80,12416.24
170,36,2,2025-09-27,3552,221,410.33,28,6697.73
170,36,2,2025-10-11,11979,799,3461.98,92,7095.53
170,36,2,2025-10-13,47143,3097,9076.55,57,10816.23
170,36,2,2025-10-15,37191,2584,2895.1,205,18001.2
170,36,2,2025-10-20,41129,421,961.48,16,1708.7
170,36,2,2025-10-26,20851,1458,5567.06,162,52341.77
170,36,2,2025-10-27,12870,334,939.81,46,9041.27
170,36,2,2025-11-01,15728,1251,2555.88,162,27705.03
170,36,2,2025-12-04,48574,695,1450.8,96,34801.63
170,36,2,2025-12-06,13773,428,1902.46,21,4759.58
170,36,2,2025-12-09,4856,153,558.51,13,1207.82
170,36,2,2025-12-15,39830,2873,7529.31,115,20440.14
170,36,2,2025-12-18,49076,1313,2940.42,196,27060.16
170,36,2,2025-12-20,4802,329,586.47,12,3021.54
170,36,2,2025-12-23,22601,369,611.8,30,11547.94
170,36,2,2025-12-26,42870,1025,3382.01,135,45295.96
170,36,2,2025-12-28,12837,427,1482.39,22,1282.69
170,36,2,2026-01-04,37141,976,3539.78,26,8383.05
170,36,2,2026-01-06,15659,1244,4039.3,150,14670.61
170,36,2,2026-01-10,5057,386,1619.48,43,6600.8
170,36,2,2026-01-14,28428,952,4040.69,39,5502.5
170,36,2,2026-01-15,3110,121,281.42,11,3843.1
170,36,2,2026-01-23,8296,255,1246.09,13,3520.15
170,36,2,2026-01-27,22569,1507,6716.41,131,52102.3
170,36,2,2026-02-03,2796,203,528.16,11,3697.03
170,36,2,2026-02-09,25941,1835,2343.27,174,48763.84
170,36,2,2026-02-11,10201,459,268.49,20,4667.54
170,36,2,2026-02-20,19777,285,615.31,5,1117.22
170,36,2,2026-02-21,32939,1819,2599.28,129,16661.48
170,36,2,2026-03-05,36112,368,282.07,34,12772.01
170,36,2,2026-03-11,41229,1110,4208.61,58,10053.68
170,36,2,2026-03-17,41574,1930,2635.93,74,27477.68
170,36,2,2026-03-24,29836,1512,1375.8,108,21519.93
170,36,2,2026-04-04,24510,1880,3184.13,157,59347.06
170,36,2,2026-04-05,16282,611,483.63,50,18612.24
170,36,2,2026-04-11,47763,3343,14581.06,35,5559.89
170,36,2,2026-04-15,14946,1104,2499.8,106,9274.3
170,36,2,2026-04-19,49850,1996,4900.05,247,79199.88
170,36,2,2026-04-20,37769,2262,1998.86,76,6905.8
170,36,2,2026-04-22,30888,2332,4239.73,35,9590.48
170,36,2,2026-04-25,16453,1299,5046.96,37,7361.72
170,36,2,2026-04-28,33712,1123,1695.71,52,7689.17
170,36,2,2026-05-03,24959,1239,5766.0,40,6181.21
170,36,2,2026-05-04,26995,1963,9129.32,198,37772.63
170,36,2,2026-05-06,34730,705,1393.63,60,20112.87
170,36,2,2026-05-10,38359,2226,5822.16,25,3501.05
170,36,2,2026-05-11,42952,1252,5813.1,179,22485.84
170,36,2,2026-05-17,3243,158,518.81,23,2946.32
170,36,2,2026-05-23,10646,309,551.59,23,1237.99
170,36,2,2026-05-24,27975,2159,8442.95,23,5241.88
170,36,2,2026-05-28,23545,1655,7650.15,48,11236.16
170,36,2,2026-06-12,15330,923,3249.4,30,6620.98
170,36,2,2026-06-17,22695,445,2165.32,23,5665.04
170,36,2,2026-06-23,15796,1090,5269.34,124,6770.84
170,36,2,2026-06-25,23907,739,422.32,83,9674.44
170,36,2,2026-06-29,44937,798,2011.43,112,36984.61
170,36,2,2026-07-01,42124,851,608.25,73,29186.02
170,36,2,2026-07-06,39999,959,1181.59,103,28929.77
170,36,2,2026-07-07,30834,1687,5011.62,237,43188.87
170,36,2,2026-07-09,25473,1293,4248.21,52,4936.87
170,36,2,2026-07-12,25104,1311,3332.15,161,42996.18
170,36,2,2026-07-20,46200,2135,5059.12,259,33070.5
170,36,2,2026-07-21,30560,1329,4227.82,105,16180.36
170,36,2,2026-07-23,39336,1536,2737.7,26,7768.16
170,36,2,2026-07-31,36732,1709,5361.98,212,45526.35
170,36,2,2026-08-01,4307,316,1052.9,38,11016.07
170,36,2,2026-08-03,2302,140,216.96,2,730.25
170,36,2,2026-08-04,20280,1408,5404.19,96,27304.29
171,36,3,2025-08-19,44150,850,2811.89,50,3303.53
171,36,3,2025-08-28,3478,142,292.96,2,226.92
171,36,3,2025-08-29,1895,79,133.95,6,898.87
171,36,3,2025-08-31,1839,65,203.69,3,507.89
171,36,3,2025-09-05,14440,365,1409.1,7,2033.26
171,36,3,2025-09-09,22656,778,1045.37,32,8902.2
171,36,3,2025-09-11,32230,2470,9142.12,29,2392.76
171,36,3,2025-09-15,49882,2975,8655.95,283,73998.07
171,36,3,2025-09-18,37785,1190,5022.47,23,2498.97
171,36,3,2025-09-21,45708,1164,5571.28,60,6150.94
171,36,3,2025-09-25,46369,2898,3011.85,198,48124.85
171,36,3,2025-10-09,29783,388,738.98,47,5862.24
171,36,3,2025-10-10,10021,413,1679.62,45,10262.84
171,36,3,2025-10-25,40055,2401,7662.57,350,63264.7
171,36,3,2025-10-28,40819,2072,5056.96,164,31928.79
171,36,3,2025-10-30,36315,2203,5174.46,258,70062.74
171,36,3,2025-11-06,46678,3298,13875.45,431,172084.99
171,36,3,2025-11-08,16142,784,3286.59,101,5070.49
171,36,3,2025-11-13,33866,1787,3291.6,69,23293.65
171,36,3,2025-11-17,40132,1168,3286.45,68,6696.42
171,36,3,2025-11-22,37036,1588,7135.84,154,20503.76
171,36,3,2025-11-29,36135,1148,1590.1,132,47370.16
171,36,3,2025-12-02,23233,591,1516.58,53,17917.5
171,36,3,2025-12-04,32391,629,584.01,52,2890.92
171,36,3,2025-12-06,45089,1439,3244.16,164,37673.34
171,36,3,2025-12-07,43210,1355,1909.1,105,40679.11
171,36,3,2025-12-13,8995,330,1297.5,3,672.32
171,36,3,2025-12-14,48284,651,567.47,6,757.91
171,36,3,2025-12-15,23342,1557,4943.86,175,59231.27
171,36,3,2025-12-20,6754,357,186.18,51,13255.16
171,36,3,2025-12-21,2282,66,296.15,2,754.82
171,36,3,2025-12-29,39628,3068,7662.86,359,72351.98
171,36,3,2026-01-04,12286,175,565.78,16,6010.53
171,36,3,2026-01-06,44291,1096,4729.25,146,24742.25
171,36,3,2026-01-08,37541,2902,12582.53,398,142782.09
171,36,3,2026-01-13,33151,2239,8090.15,214,24441.24
171,36,3,2026-02-01,44349,2605,4187.67,386,98413.98
171,36,3,2026-02-04,20181,1400,6536.47,170,39523.28
171,36,3,2026-02-08,47070,1016,1338.68,110,32406.91
171,36,3,2026-02-09,26234,2048,5760.65,224,61126.06
171,36,3,2026-02-11,28871,682,2837.35,39,7004.03
171,36,3,2026-02-19,30203,428,1582.61,25,7624.72
171,36,3,2026-02-26,31286,733,2067.9,43,14988.98
171,36,3,2026-02-28,46603,3358,3691.28,358,111998.65
171,36,3,2026-03-08,20051,1414,1104.49,85,19833.69
171,36,3,2026-03-10,25378,840,1501.24,26,7013.85
171,36,3,2026-03-11,49672,3955,13017.04,103,40726.47
171,36,3,2026-03-13,46563,3602,3219.17,457,115803.63
171,36,3,2026-03-18,19369,309,838.32,21,4948.56
171,36,3,2026-03-19,31038,567,1648.84,57,11032.2
171,36,3,2026-03-25,24516,1660,5331.16,29,2807.85
171,36,3,2026-03-29,12132,525,599.26,18,5798.26
171,36,3,2026-03-30,22937,1713,2658.1,57,11845.76
171,36,3,2026-04-04,26318,845,3355.35,75,13641.84
171,36,3,2026-04-07,6230,266,423.77,38,5709.56
171,36,3,2026-04-08,24562,1941,3439.17,38,10347.49
171,36,3,2026-04-17,36885,1087,1981.98,111,11549.55
171,36,3,2026-04-19,46599,2363,11597.51,300,102769.88
171,36,3,2026-05-08,14189,1022,3672.82,131,21970.28
171,36,3,2026-05-11,17795,1148,5050.9,17,3384.49
171,36,3,2026-05-14,47133,3173,1822.61,328,57655.72
171,36,3,2026-05-16,28601,1059,4990.68,79,18029.33
171,36,3,2026-05-17,5002,148,634.08,9,1611.51
171,36,3,2026-05-20,3867,217,1045.84,3,1130.12
171,36,3,2026-05-23,39367,2981,8962.3,344,21817.05
171,36,3,2026-05-24,10189,417,1377.27,58,22048.74
171,36,3,2026-06-02,48766,1936,1909.41,47,5788.14
171,36,3,2026-06-06,15254,1159,3033.74,86,26256.01
171,36,3,2026-06-13,18574,378,674.61,30,11453.99
171,36,3,2026-06-21,37270,859,1890.1,96,22038.19
171,36,3,2026-06-24,1589,30,129.56,2,542.44
171,36,3,2026-06-28,30582,530,2446.22,10,2889.79
171,36,3,2026-06-30,22033,573,981.56,63,23344.51
171,36,3,2026-07-01,39327,2657,8654.17,91,34131.64
171,36,3,2026-07-04,8581,436,1216.89,34,8326.95
171,36,3,2026-07-08,43705,2174,7845.58,174,44761.3
171,36,3,2026-07-17,32034,2049,6442.99,198,57283.69
171,36,3,2026-07-18,49958,1116,5339.74,166,24433.31
171,36,3,2026-07-20,49203,2357,11638.09,32,10157.26
171,36,3,2026-07-21,10945,874,979.04,118,12599.57
171,36,3,2026-07-27,12881,530,2475.99,73,15411.32
171,36,3,2026-07-28,41182,2993,7869.71,348,88786.96
171,36,3,2026-07-29,41961,2622,6168.13,380,123469.14
171,36,3,2026-08-04,41668,1790,8495.52,173,11677.97
171,36,3,2026-08-05,37184,1913,5804.83,114,34350.39
171,36,3,2026-08-09,48801,2868,11488.83,211,33258.91
171,36,3,2026-08-15,28526,366,1243.51,39,13259.49
172,15,1,2025-08-19,2897,141,626.24,16,4525.81
172,15,1,2025-08-20,23902,1476,5321.63,150,42365.75
172,15,1,2025-08-23,35108,2244,10481.5,254,59306.94
172,15,1,2025-08-24,19654,813,1487.43,47,9715.33
172,15,1,2025-08-29,27712,1488,1436.77,66,8894.72
172,15,1,2025-08-31,20792,1660,8188.84,228,89689.51
172,15,1,2025-09-01,26711,1000,3223.15,108,34751.77
172,15,1,2025-09-04,21957,863,2191.05,90,31569.52
172,15,1,2025-09-08,18704,365,1221.28,38,2605.19
172,15,1,2025-09-11,3919,173,835.19,22,6409.83
172,15,1,2025-09-23,12559,507,1293.98,61,10172.54
172,15,1,2025-09-24,16282,865,4100.84,114,9274.35
172,15,1,2025-10-04,29268,369,1354.1,38,7804.66
172,15,1,2025-10-09,23142,858,1061.31,92,21385.38
172,15,1,2025-10-23,10627,824,1504.04,29,5871.25
172,15,1,2025-10-28,33877,2619,2612.99,349,123870.83
172,15,1,2025-10-29,11739,207,473.34,17,5499.95
172,15,1,2025-10-30,12564,197,403.72,14,2405.63
172,15,1,2025-10-31,16580,555,661.26,63,11026.58
172,15,1,2025-11-04,17699,1350,2513.7,27,5691.11
172,15,1,2025-11-06,29922,551,2636.13,11,1611.86
172,15,1,2025-11-15,19810,1344,5779.83,162,28193.45
172,15,1,2025-11-21,16145,862,2024.93,80,19614.5
172,15,1,2025-11-25,33389,1368,5571.93,107,33951.65
172,15,1,2025-11-28,37467,2350,1356.34,24,9115.29
172,15,1,2025-11-29,22178,1686,1344.62,76,28232.49
172,15,1,2025-12-01,38913,2221,8924.58,292,103306.91
172,15,1,2025-12-09,29320,296,555.06,4,385.7
172,15,1,2025-12-10,35275,447,1997.67,6,1440.8
172,15,1,2025-12-14,14474,732,2711.73,65,6137.1
172,15,1,2025-12-17,13805,917,4435.81,10,905.44
172,15,1,2025-12-20,43238,3154,5619.49,65,16864.08
172,15,1,2025-12-21,15858,678,3113.38,95,28324.78
172,15,1,2025-12-26,23014,1225,1750.23,166,23952.6
172,15,1,2026-01-03,10781,649,1453.24,72,23226.57
172,15,1,2026-01-04,35422,774,1397.72,72,13050.86
172,15,1,2026-01-06,38736,986,1380.38,48,8358.24
172,15,1,2026-01-08,7213,93,263.74,3,664.73
172,15,1,2026-01-10,24140,741,2876.85,15,5489.51
172,15,1,2026-01-14,15320,1194,5621.7,48,13907.68
172,15,1,2026-01-29,28382,702,1228.75,28,1948.35
172,15,1,2026-02-03,14038,331,1148.47,22,8225.59
172,15,1,2026-02-07,3267,159,178.45,17,4829.69
172,15,1,2026-02-08,11151,891,3348.71,97,29837.08
172,15,1,2026-02-10,43010,3363,9497.8,280,93834.63
172,15,1,2026-02-12,1778,76,197.24,6,1712.01
172,15,1,2026-02-13,46181,3037,4498.87,221,14150.64
172,15,1,2026-02-14,12582,535,1616.24,10,2602.47
172,15,1,2026-02-15,34313,2628,5167.56,348,26348.66
172,15,1,2026-02-19,26329,600,1058.29,24,1927.91
172,15,1,2026-02-20,45718,1128,585.36,124,28727.55
172,15,1,2026-02-27,3162,93,210.05,3,1161.03
172,15,1,2026-02-28,49808,1348,2866.61,92,34072.29
172,15,1,2026-03-01,33863,401,1234.73,32,9591.8
172,15,1,2026-03-12,34773,921,3654.95,83,12631.66
172,15,1,2026-03-14,28254,691,874.25,102,28387.5
172,15,1,2026-03-28,18138,1168,3544.58,99,12608.82
172,15,1,2026-03-31,15764,371,1711.94,31,10996.79
172,15,1,2026-04-03,18722,717,3455.71,35,10806.57
172,15,1,2026-04-06,28866,1376,5268.09,53,16569.06
172,15,1,2026-04-08,25839,1365,1263.71,19,1293.01
172,15,1,2026-04-09,6053,213,376.64,31,3098.44
172,15,1,2026-04-10,39714,2567,7736.02,68,10317.99
172,15,1,2026-04-13,24374,1801,4695.22,268,23884.49
172,15,1,2026-04-15,4792,293,627.5,20,4891.78
172,15,1,2026-04-20,30890,962,2211.12,76,5228.42
172,15,1,2026-04-21,45264,840,836.7,21,7705.29
172,15,1,2026-04-24,5755,324,531.12,7,1909.29
172,15,1,2026-05-02,10689,492,1856.45,71,28197.03
172,15,1,2026-05-03,31625,407,1628.5,31,11561.31
172,15,1,2026-05-05,22830,716,3089.64,69,16171.43
172,15,1,2026-05-11,32513,2496,11128.07,120,43206.78
172,15,1,2026-05-12,47500,2552,3863.77,259,84904.76
172,15,1,2026-05-13,13590,583,2414.19,46,5333.2
172,15,1,2026-05-14,10267,450,1434.71,41,16283.91
172,15,1,2026-05-19,8237,619,1741.41,71,18721.46
172,15,1,2026-05-31,11334,235,207.17,16,1954.72
172,15,1,2026-06-04,21363,264,547.56,20,4696.7
172,15,1,2026-06-05,29553,1695,6057.53,52,7035.58
172,15,1,2026-06-06,26483,1301,6237.25,193,33427.8
172,15,1,2026-06-08,7803,243,525.46,21,4808.66
172,15,1,2026-06-09,5975,424,1414.25,47,10699.44
172,15,1,2026-06-11,17510,629,1280.5,42,10890.2
172,15,1,2026-06-12,29850,2203,6933.91,145,15756.14
172,15,1,2026-06-17,35953,2783,3441.76,138,46010.04
172,15,1,2026-06-19,2306,72,329.55,8,2960.46
172,15,1,2026-06-26,22395,1176,2671.74,54,4995.28
172,15,1,2026-06-30,46291,2508,11322.47,104,18276.69
172,15,1,2026-07-04,37496,2583,4059.52,36,12899.64
172,15,1,2026-07-05,10570,517,2105.03,43,13358.14
172,15,1,2026-07-06,42232,2818,10705.08,150,25037.46
172,15,1,2026-07-13,18483,1002,713.95,29,6420.98
172,15,1,2026-07-17,9300,701,2212.45,75,29833.17
172,15,1,2026-07-19,14160,828,2182.87,80,31161.05
172,15,1,2026-07-22,10128,676,343.18,64,20292.87
172,15,1,2026-07-25,21461,1626,2459.11,98,29595.85
172,15,1,2026-07-29,3652,275,757.42,36,13128.25
172,15,1,2026-07-30,29000,1371,4654.14,35,3232.94
172,15,1,2026-08-09,35442,1924,2952.25,76,28034.53
172,15,1,2026-08-10,7007,109,163.46,7,1599.55
172,15,1,2026-08-12,44639,3182,10678.53,312,73777.75
173,15,2,2025-08-18,37167,1824,3827.22,151,36767.98
173,15,2,2025-08-24,1980,79,363.26,9,2196.55
173,15,2,2025-08-25,49014,3054,7236.31,453,149068.13
173,15,2,2025-08-29,49482,3276,3040.08,289,61492.6
173,15,2,2025-09-04,2706,119,99.82,6,380.08
173,15,2,2025-09-08,45051,1674,6549.0,29,3884.02
173,15,2,2025-09-12,41558,1103,974.38,121,28330.86
173,15,2,2025-09-14,16688,1318,6317.19,197,47105.93
173,15,2,2025-09-17,20378,301,830.64,10,581.15
173,15,2,2025-09-18,38030,2575,4010.97,107,8447.43
173,15,2,2025-09-21,25808,1063,4766.55,106,39256.66
173,15,2,2025-09-24,42291,1393,5860.55,181,64190.11
173,15,2,2025-09-25,44626,809,2347.54,97,17811.16
173,15,2,2025-09-30,2073,164,496.7,4,633.22
173,15,2,2025-10-08,31359,1580,4497.3,163,57627.5
173,15,2,2025-10-12,48177,2815,3455.41,297,102931.46
173,15,2,2025-10-13,6132,162,778.01,7,1490.44
173,15,2,2025-10-20,32355,1943,2780.68,202,49685.45
173,15,2,2025-10-22,18498,1291,1821.63,120,6700.85
173,15,2,2025-10-27,4489,59,197.14,6,1402.81
173,15,2,2025-10-28,6684,114,60.72,7,1106.31
173,15,2,2025-11-02,38604,2713,2166.46,388,154104.86
173,15,2,2025-11-10,43168,1678,4244.55,215,41759.46
173,15,2,2025-11-17,13808,667,1412.33,98,21055.03
173,15,2,2025-11-18,21688,1544,7196.16,79,9046.86
173,15,2,2025-11-22,25455,469,334.33,27,7484.89
173,15,2,2025-11-26,5090,210,257.11,9,3221.02
173,15,2,2025-11-29,35859,521,2479.4,23,1661.9
173,15,2,2025-12-08,22429,342,1608.62,32,1809.19
173,15,2,2025-12-13,8864,601,1575.14,65,22990.92
173,15,2,2025-12-16,48789,2460,11649.76,228,47694.99
173,15,2,2025-12-20,8935,255,993.18,34,9112.56
173,15,2,2025-12-21,8975,222,365.73,7,2512.2
173,15,2,2025-12-23,12788,600,442.04,65,14038.29
173,15,2,2025-12-26,14464,942,3289.42,113,19997.16
173,15,2,2025-12-27,41934,2047,2107.95,167,42675.23
173,15,2,2025-12-28,47098,483,1371.53,52,3097.08
173,15,2,2026-01-02,11108,246,715.22,15,1904.51
173,15,2,2026-01-06,16244,736,2953.52,46,15550.59
173,15,2,2026-01-08,17472,1317,1641.09,106,7907.72
173,15,2,2026-01-11,46096,3147,11186.51,409,41801.32
173,15,2,2026-01-13,22834,1284,1549.74,40,2216.47
173,15,2,2026-01-15,8409,133,161.75,11,3185.99
173,15,2,2026-01-17,38965,1511,6765.65,84,25304.64
173,15,2,2026-01-24,43650,1452,6657.04,38,14119.09
173,15,2,2026-01-27,41697,3299,4761.03,164,52044.99
173,15,2,2026-01-31,26378,402,480.67,45,2827.91
173,15,2,2026-02-01,22119,1330,2679.12,21,5809.24
173,15,2,2026-02-05,22264,792,945.33,103,19087.57
173,15,2,2026-02-08,20071,329,415.15,22,3756.58
173,15,2,2026-02-09,49123,2581,11357.09,343,69758.29
173,15,2,2026-02-10,31360,1142,4470.96,65,13060.06
173,15,2,2026-02-11,44026,1454,7154.34,50,15048.26
173,15,2,2026-02-13,28871,334,1232.93,24,1749.19
173,15,2,2026-02-16,14769,685,1267.93,90,30087.68
173,15,2,2026-02-26,25704,780,1725.87,104,24124.86
173,15,2,2026-03-04,45846,1546,3943.58,155,44317.2
173,15,2,2026-03-12,31631,1678,7130.83,130,34390.46
173,15,2,2026-03-16,4805,256,1248.73,24,4692.2
173,15,2,2026-03-17,41747,2688,6081.65,399,131737.33
173,15,2,2026-03-23,30353,1877,3844.79,147,38412.68
173,15,2,2026-03-24,45554,3643,14504.15,237,92170.22
173,15,2,2026-03-27,17868,556,776.4,41,8651.14
173,15,2,2026-03-31,47930,2439,11187.43,48,18989.78
173,15,2,2026-04-07,11802,767,1377.71,12,4054.6
173,15,2,2026-04-21,24749,601,2166.71,41,12456.15
173,15,2,2026-04-22,24858,1264,3620.17,155,59178.23
173,15,2,2026-04-24,46352,2714,11019.61,304,62759.21
173,15,2,2026-04-30,9220,262,684.6,15,5920.3
173,15,2,2026-05-01,39647,1535,5489.89,40,5688.88
173,15,2,2026-05-04,14133,879,581.01,68,11489.42
173,15,2,2026-05-06,43709,486,2100.78,61,15728.92
173,15,2,2026-05-09,6117,171,808.89,10,1968.51
173,15,2,2026-05-10,15954,1046,3418.4,86,7257.53
173,15,2,2026-05-12,15485,573,1022.04,15,2146.38
173,15,2,2026-05-16,35740,1504,857.99,80,17472.4
173,15,2,2026-05-24,1659,84,384.92,8,2134.08
173,15,2,2026-05-29,2865,69,183.79,1,374.3
173,15,2,2026-06-02,48711,3041,8224.86,240,76528.71
173,15,2,2026-06-04,21421,1000,1035.41,119,38966.8
173,15,2,2026-06-09,8892,437,706.45,60,3445.06
173,15,2,2026-06-10,26400,1821,6053.31,206,27042.03
173,15,2,2026-06-11,41979,1404,5772.78,149,51181.48
173,15,2,2026-06-12,47650,499,1853.8,34,8727.1
173,15,2,2026-06-15,38808,569,1918.78,7,2038.18
173,15,2,2026-06-27,31543,712,3146.63,62,9238.87
173,15,2,2026-06-28,6274,436,1079.16,39,9575.63
173,15,2,2026-06-29,37743,1406,3970.88,62,16184.99
173,15,2,2026-07-06,6731,303,794.42,44,12139.77
173,15,2,2026-07-14,30649,792,2001.23,22,3259.9
173,15,2,2026-07-18,27143,1377,1519.04,115,7350.28
173,15,2,2026-07-19,42896,3238,8419.41,317,18938.73
173,15,2,2026-07-21,28398,587,886.9,18,5792.59
173,15,2,2026-07-27,47049,1498,5489.49,27,4044.7
173,15,2,2026-08-02,16345,966,4524.39,52,10484.13
173,15,2,2026-08-07,12779,474,661.38,11,869.29
173,15,2,2026-08-09,11295,439,1613.86,57,15255.1
173,15,2,2026-08-15,42646,2746,8129.7,191,72383.63
173,15,2,2026-08-16,40541,2382,5332.08,174,13252.37
173,15,2,2026-08-18,26645,417,591.67,45,13150.97
174,15,3,2025-08-27,1283,38,25.65,1,296.46
174,15,3,2025-08-29,47701,2455,1931.05,31,9522.72
174,15,3,2025-09-03,14672,845,3628.81,104,17471.55
174,15,3,2025-09-05,32332,1618,2476.23,109,42258.37
174,15,3,2025-09-08,19378,226,1081.7,31,5873.21
174,15,3,2025-09-16,16668,252,475.62,29,3352.16
174,15,3,2025-09-18,47330,782,1429.73,105,7631.94
174,15,3,2025-09-21,43564,924,2846.7,30,3583.39
174,15,3,2025-09-23,8624,325,1024.46,41,9731.6
174,15,3,2025-09-29,29440,1929,1848.41,244,85035.77
174,15,3,2025-10-01,40036,2722,12562.17,60,7733.85
174,15,3,2025-10-09,14245,906,4134.36,126,6372.13
174,15,3,2025-10-12,2599,150,553.63,17,6271.91
174,15,3,2025-10-13,11983,783,997.02,91,35540.53
174,15,3,2025-10-16,46395,2705,9877.27,71,26333.32
174,15,3,2025-10-18,35700,701,735.84,75,5872.19
174,15,3,2025-10-23,20234,1557,6820.96,161,50381.9
174,15,3,2025-10-24,46258,1166,5564.45,22,3439.91
174,15,3,2025-10-25,13069,910,1999.34,116,9719.21
174,15,3,2025-10-28,26385,1616,3208.54,196,10797.37
174,15,3,2025-11-06,1728,71,114.99,3,686.04
174,15,3,2025-11-10,48622,506,1820.42,43,7021.61
174,15,3,2025-11-15,46816,3258,4278.26,465,169202.41
174,15,3,2025-11-17,48246,1561,2743.46,202,73802.61
174,15,3,2025-11-19,41549,1957,9443.53,250,76298.18
174,15,3,2025-11-20,30025,1040,858.54,72,15456.19
174,15,3,2025-11-21,49799,2200,9935.81,277,74439.73
174,15,3,2025-11-27,12154,879,2053.02,54,19536.18
174,15,3,2025-11-30,4601,156,618.62,22,4615.07
174,15,3,2025-12-02,6840,437,1859.24,14,4990.9
174,15,3,2025-12-03,46626,1726,4943.99,218,60219.52
174,15,3,2025-12-06,20217,1476,3622.81,96,11933.85
174,15,3,2025-12-11,3645,101,181.71,1,373.69
174,15,3,2025-12-18,47005,3191,8774.36,374,19268.52
174,15,3,2025-12-20,47170,2316,4089.24,221,62314.21
174,15,3,2025-12-27,23063,1524,7061.63,47,7346.41
174,15,3,2025-12-29,5512,240,443.88,11,1553.45
174,15,3,2025-12-31,26128,1136,3477.85,146,44811.61
174,15,3,2026-01-02,36280,2183,5009.84,239,33783.8
174,15,3,2026-01-03,7693,452,2253.53,63,10382.52
174,15,3,2026-01-06,1193,28,78.32,3,1130.4
174,15,3,2026-01-12,48803,3781,17496.83,524,36137.4
174,15,3,2026-01-14,18681,299,1493.51,16,1871.6
174,15,3,2026-01-19,35146,1184,2856.24,63,20171.19
174,15,3,2026-01-20,31972,1489,6119.19,54,9327.53
174,15,3,2026-01-27,1952,44,158.38,3,256.51
174,15,3,2026-01-30,8234,293,1050.26,24,7383.45
174,15,3,2026-02-03,49742,2672,11003.78,150,52169.53
174,15,3,2026-02-06,12035,561,2588.04,59,7303.83
174,15,3,2026-02-09,46085,3624,10383.89,197,24575.26
174,15,3,2026-02-12,47581,1457,3419.23,110,31334.3
174,15,3,2026-02-17,4034,211,136.95,10,2380.04
174,15,3,2026-02-19,28678,2052,4526.71,251,62897.02
174,15,3,2026-02-20,27102,450,730.42,39,8063.12
174,15,3,2026-02-28,17844,898,2187.24,120,40067.13
174,15,3,2026-03-02,21608,300,465.02,38,5510.49
174,15,3,2026-03-04,2856,171,634.35,21,2193.88
174,15,3,2026-03-12,37395,420,1701.65,33,12334.33
174,15,3,2026-03-13,16350,801,674.14,19,6578.55
174,15,3,2026-03-23,27515,409,1446.44,53,7672.57
174,15,3,2026-03-29,27310,1033,3705.67,62,20359.62
174,15,3,2026-03-30,2724,118,310.13,9,1969.62
174,15,3,2026-04-09,1501,76,126.09,9,3376.25
174,15,3,2026-04-15,10179,326,598.21,15,5370.69
174,15,3,2026-04-19,49751,2834,5140.37,384,38951.94
174,15,3,2026-04-25,46024,803,2425.66,62,21834.67
174,15,3,2026-04-29,7306,490,268.86,69,25871.71
174,15,3,2026-05-05,3603,130,337.45,19,4075.42
174,15,3,2026-05-06,33577,1276,4480.79,14,938.53
174,15,3,2026-05-09,39733,2453,3277.21,117,42254.46
174,15,3,2026-05-11,46351,2119,7366.33,166,15103.91
174,15,3,2026-05-12,1395,77,216.74,3,773.25
174,15,3,2026-05-16,24706,537,342.08,63,21146.73
174,15,3,2026-05-22,32770,1934,4364.4,124,7798.86
174,15,3,2026-05-24,7103,564,1388.11,21,8060.77
174,15,3,2026-05-25,34077,1250,3713.62,117,33937.78
174,15,3,2026-05-26,3400,230,732.25,30,10253.13
174,15,3,2026-05-31,42929,3290,5074.33,355,59986.41
174,15,3,2026-06-06,32392,603,331.41,88,34694.27
174,15,3,2026-06-12,1893,104,393.83,15,4899.89
174,15,3,2026-06-14,35141,2630,10606.35,283,84869.78
174,15,3,2026-06-21,20294,394,714.61,48,9046.48
174,15,3,2026-06-25,17721,311,171.94,39,5980.72
174,15,3,2026-06-28,49801,2405,1534.67,157,18635.02
174,15,3,2026-06-29,4026,191,450.94,5,1073.28
174,15,3,2026-07-03,11310,230,855.01,13,2370.59
174,15,3,2026-07-06,33777,2569,1633.91,158,25897.91
174,15,3,2026-07-09,9473,324,1460.78,44,3240.55
174,15,3,2026-07-17,45828,2379,6428.62,245,60916.21
174,15,3,2026-07-23,18834,812,1290.9,77,27538.11
174,15,3,2026-07-31,5710,126,553.57,5,547.28
174,15,3,2026-08-02,37608,1863,5272.44,51,10110.03
174,15,3,2026-08-03,42072,2468,5369.32,74,22990.91
174,15,3,2026-08-07,10246,612,2223.41,68,23611.2
174,15,3,2026-08-13,46131,2841,12017.32,157,23072.77
174,15,3,2026-08-15,36862,552,1290.45,74,21095.02
175,42,1,2025-08-20,39721,810,801.74,61,18818.7
175,42,1,2025-08-21,28390,2076,2349.84,97,20809.18
175,42,1,2025-09-01,30526,712,3338.86,32,2287.67
175,42,1,2025-09-02,36283,1845,1010.52,271,32891.71
175,42,1,2025-09-13,16149,827,2348.95,83,14429.58
175,42,1,2025-09-14,33039,497,405.73,31,11282.93
175,42,1,2025-09-16,42112,1251,6049.61,144,52879.45
175,42,1,2025-09-20,13372,156,504.42,16,1310.25
175,42,1,2025-09-23,48925,890,3992.16,12,3574.1
175,42,1,2025-09-26,36483,1444,1394.48,128,26285.12
175,42,1,2025-09-28,10539,535,425.16,6,1807.74
175,42,1,2025-09-29,29023,991,3596.5,118,30795.18
175,42,1,2025-10-01,44815,1763,8655.14,122,48326.15
175,42,1,2025-10-02,27895,922,833.92,98,6911.29
175,42,1,2025-10-03,21334,734,1646.31,57,15607.81
175,42,1,2025-10-12,32095,2140,4950.96,61,5955.46
175,42,1,2025-10-13,3466,41,72.65,2,187.5
175,42,1,2025-10-20,13191,740,1821.06,10,3431.63
175,42,1,2025-10-23,26722,413,1853.31,49,19044.25
175,42,1,2025-10-24,11507,306,745.1,33,2145.75
175,42,1,2025-10-26,36107,464,988.59,16,1324.21
175,42,1,2025-11-02,32119,802,2067.53,66,15864.25
175,42,1,2025-11-12,15754,520,1297.35,12,1140.59
175,42,1,2025-11-14,30957,2152,10238.46,80,26763.14
175,42,1,2025-11-20,25284,1063,5044.26,144,9068.09
175,42,1,2025-11-21,47752,3152,10875.59,313,74937.34
175,42,1,2025-11-28,36330,909,2904.26,98,7569.94
175,42,1,2025-11-30,26745,1408,1128.24,183,51380.86
175,42,1,2025-12-01,17201,385,307.02,26,9945.62
175,42,1,2025-12-06,34688,511,2488.75,5,1177.82
175,42,1,2025-12-07,43432,1131,5237.12,68,19895.42
175,42,1,2025-12-08,41858,2140,8697.46,62,4481.92
175,42,1,2025-12-09,12861,437,1622.07,26,6141.67
175,42,1,2025-12-12,25746,1058,3957.62,99,20965.83
175,42,1,2025-12-14,31748,1747,7716.54,220,53178.17
175,42,1,2025-12-15,18463,286,1197.41,20,3992.33
175,42,1,2025-12-28,4760,301,1026.72,21,6858.88
175,42,1,2025-12-30,38212,2592,12248.94,104,32037.45
175,42,1,2026-01-03,40715,1527,6471.76,55,13804.54
175,42,1,2026-01-04,7725,470,2175.63,20,1508.4
175,42,1,2026-01-17,47979,2564,3887.12,243,67716.55
175,42,1,2026-01-19,38784,1836,4649.78,162,24324.69
175,42,1,2026-01-27,43126,1808,6843.38,262,24203.74
175,42,1,2026-02-06,47683,2680,4623.33,299,36702.03
175,42,1,2026-02-07,3437,192,491.3,15,2698.96
175,42,1,2026-02-08,34863,622,926.37,7,488.97
175,42,1,2026-02-10,23302,1465,5239.17,27,2090.54
175,42,1,2026-02-12,42079,3157,9440.07,312,109455.77
175,42,1,2026-02-18,4151,185,694.7,21,5860.25
175,42,1,2026-02-19,43041,3345,5415.08,439,164329.26
175,42,1,2026-02-21,38342,2997,14295.68,67,3768.75
175,42,1,2026-03-01,22644,1102,1373.83,42,12232.17
175,42,1,2026-03-02,8684,336,1229.14,21,5610.43
175,42,1,2026-03-03,37100,1750,7188.16,65,19227.34
175,42,1,2026-03-04,6730,485,1568.94,40,7979.48
175,42,1,2026-03-06,18905,460,869.15,38,11448.56
175,42,1,2026-03-10,4090,214,977.65,8,1771.89
175,42,1,2026-03-11,49532,2591,3416.04,334,29649.88
175,42,1,2026-03-13,30445,1873,4695.78,130,10538.79
175,42,1,2026-03-19,47875,1944,9533.15,285,106744.62
175,42,1,2026-03-24,36993,1918,2133.37,71,7525.19
175,42,1,2026-03-28,27782,2157,6774.19,181,33619.51
175,42,1,2026-03-29,15411,403,1572.43,59,7784.95
175,42,1,2026-03-31,25227,923,3751.0,121,44775.06
175,42,1,2026-04-06,6595,290,440.07,14,1383.67
175,42,1,2026-04-07,34521,2021,7104.75,39,13200.79
175,42,1,2026-04-10,39619,1603,1083.47,76,15800.98
175,42,1,2026-04-11,22970,1009,4239.25,126,21473.26
175,42,1,2026-04-14,32123,1495,1663.9,130,26209.19
175,42,1,2026-04-15,6941,427,2082.59,43,2891.08
175,42,1,2026-04-19,23906,743,1165.92,49,4064.1
175,42,1,2026-04-20,12200,285,515.77,18,2504.85
175,42,1,2026-04-25,27524,789,1503.22,101,23949.4
175,42,1,2026-04-28,3101,239,290.73,15,3018.25
175,42,1,2026-04-29,7617,424,1514.03,20,7981.23
175,42,1,2026-05-01,49354,2670,9987.75,252,99628.54
175,42,1,2026-05-02,15748,769,3408.02,57,13811.16
175,42,1,2026-05-04,26579,1547,6283.18,118,21586.3
175,42,1,2026-05-05,5281,187,235.01,26,6135.09
175,42,1,2026-05-07,7870,259,881.22,35,4543.77
175,42,1,2026-05-19,22666,337,611.52,46,2586.27
175,42,1,2026-05-24,6993,439,1511.89,14,5327.96
175,42,1,2026-05-26,2412,124,260.73,6,499.49
175,42,1,2026-05-30,45125,2238,6444.42,324,86245.38
175,42,1,2026-06-02,25265,1235,5592.74,72,27520.32
175,42,1,2026-06-07,19641,941,3033.32,36,7233.97
175,42,1,2026-06-09,11863,513,1888.81,61,23896.67
175,42,1,2026-06-10,35724,820,1668.14,17,3214.83
175,42,1,2026-06-13,43617,1642,928.62,90,9354.05
175,42,1,2026-06-19,15197,1066,4950.07,44,11133.67
175,42,1,2026-06-26,1100,82,78.45,11,2662.72
175,42,1,2026-06-29,38816,780,2523.77,45,16041.01
175,42,1,2026-06-30,48401,624,2383.92,20,7421.05
175,42,1,2026-07-06,40871,2143,6694.63,132,47099.13
175,42,1,2026-07-08,32334,1296,1126.9,18,3660.63
175,42,1,2026-07-18,15174,227,377.78,15,2715.42
175,42,1,2026-07-23,41006,2541,4534.44,38,11086.0
175,42,1,2026-07-25,34209,2603,4474.75,293,15059.24
175,42,1,2026-07-26,7319,573,402.15,48,7979.25
175,42,1,2026-08-02,35540,794,1400.57,40,6582.16
175,42,1,2026-08-08,8905,651,1336.32,35,10563.39
175,42,1,2026-08-10,22418,656,2703.29,15,4271.34
175,42,1,2026-08-11,35468,423,786.22,53,20341.24
175,42,1,2026-08-14,42038,2640,2682.57,284,78637.7
175,42,1,2026-08-16,25711,517,576.68,74,8590.44
175,42,1,2026-08-17,10466,808,868.4,115,41431.12
176,42,2,2025-08-18,17735,1412,5233.11,179,39446.93
176,42,2,2025-08-19,16635,1214,3038.23,69,18778.33
176,42,2,2025-08-29,2223,166,443.6,19,2351.3
176,42,2,2025-09-01,20324,279,430.85,37,6651.73
176,42,2,2025-09-03,12912,597,2589.26,31,4141.41
176,42,2,2025-09-06,46845,1795,6969.78,129,9747.6
176,42,2,2025-09-09,35955,2441,9778.01,164,57869.88
176,42,2,2025-09-12,21927,1318,5154.91,166,32889.47
176,42,2,2025-09-15,7823,560,998.13,41,5888.79
176,42,2,2025-09-20,49476,1876,4661.04,222,74139.6
176,42,2,2025-09-29,35539,1508,2911.25,99,37053.08
176,42,2,2025-10-02,15174,676,1356.6,8,1919.89
176,42,2,2025-10-06,28982,1556,7724.39,74,20445.06
176,42,2,2025-10-08,39277,2305,3265.6,240,42868.28
176,42,2,2025-10-09,6553,389,1927.45,16,6129.53
176,42,2,2025-10-13,13021,552,1755.18,40,15431.02
176,42,2,2025-10-16,20462,844,3258.41,84,27105.74
176,42,2,2025-10-19,31025,591,406.22,85,25434.49
176,42,2,2025-10-23,6453,371,349.79,33,12373.19
176,42,2,2025-10-28,8718,637,2715.19,14,2191.08
176,42,2,2025-10-29,12154,622,2609.76,64,13810.03
176,42,2,2025-11-03,33847,1037,2295.79,11,924.99
176,42,2,2025-11-13,41842,1227,1208.36,156,16689.14
176,42,2,2025-11-17,45826,3458,14179.7,413,131264.17
176,42,2,2025-11-21,49179,1243,5423.47,67,10651.52
176,42,2,2025-11-23,21157,1563,6075.53,96,10937.8
176,42,2,2025-11-26,42235,476,1170.55,5,1444.56
176,42,2,2025-11-30,10463,344,411.6,10,1017.19
176,42,2,2025-12-02,8718,207,410.9,7,2514.28
176,42,2,2025-12-03,48011,858,4288.71,55,8955.98
176,42,2,2025-12-06,17458,948,1959.62,59,4479.66
176,42,2,2025-12-11,46616,1117,3769.17,69,24015.34
176,42,2,2025-12-12,27797,845,711.43,41,15841.4
176,42,2,2025-12-15,29010,1685,4023.94,157,26151.94
176,42,2,2025-12-20,38414,986,595.84,117,20503.03
176,42,2,2025-12-24,28036,761,2651.15,77,21517.84
176,42,2,2025-12-28,18815,1206,3091.45,118,30127.16
176,42,2,2025-12-29,8924,367,291.04,26,2629.66
176,42,2,2026-01-04,10172,111,331.32,3,1038.73
176,42,2,2026-01-06,4451,301,979.63,5,918.91
176,42,2,2026-01-13,8562,588,1048.12,9,2998.79
176,42,2,2026-01-14,48904,2774,13329.02,367,117812.62
176,42,2,2026-01-16,8454,405,1030.76,10,3819.92
176,42,2,2026-01-17,28246,1312,2157.32,154,52810.08
176,42,2,2026-01-23,31251,1055,4305.25,128,43911.8
176,42,2,2026-01-24,8905,657,984.95,41,9275.08
176,42,2,2026-01-30,37831,2025,1208.0,266,50706.61
176,42,2,2026-02-05,18750,1037,3583.29,149,52752.89
176,42,2,2026-02-06,36444,2716,7340.58,310,118801.62
176,42,2,2026-02-11,25353,1383,3463.81,97,19198.29
176,42,2,2026-02-12,8655,432,1545.74,19,6972.36
176,42,2,2026-02-17,45251,2009,8722.96,128,22655.01
176,42,2,2026-02-18,40321,3024,9342.95,263,61187.33
176,42,2,2026-02-22,19293,1019,4855.42,115,36554.71
176,42,2,2026-02-25,9998,101,306.25,14,3795.94
176,42,2,2026-03-06,45939,2992,10473.41,58,16339.22
176,42,2,2026-03-07,27145,1833,1930.95,56,6828.38
176,42,2,2026-03-09,20890,684,2919.34,23,7039.48
176,42,2,2026-03-12,31908,1619,1334.44,203,77483.12
176,42,2,2026-03-16,47583,3727,4435.63,510,191985.4
176,42,2,2026-03-24,4092,319,294.02,42,9828.25
176,42,2,2026-03-25,45474,3197,7388.99,401,147837.31
176,42,2,2026-03-26,28968,398,265.38,7,806.84
176,42,2,2026-04-03,1353,79,130.83,4,1286.29
176,42,2,2026-04-10,34412,1360,1539.73,181,66185.73
176,42,2,2026-04-11,33657,560,2280.55,52,12210.19
176,42,2,2026-04-12,44326,3168,12332.79,234,75221.96
176,42,2,2026-04-15,47800,3552,17251.96,402,46350.53
176,42,2,2026-04-18,35853,1406,2469.71,206,66766.74
176,42,2,2026-04-21,21235,550,2371.37,39,8511.65
176,42,2,2026-04-26,6526,183,589.75,14,2639.24
176,42,2,2026-04-27,45857,2164,7674.91,237,18877.01
176,42,2,2026-04-29,42448,2581,11308.71,373,103277.09
176,42,2,2026-05-04,3658,180,737.82,16,2196.27
176,42,2,2026-05-18,47814,1161,1602.54,131,16932.42
176,42,2,2026-05-19,20966,1130,1601.62,27,3586.95
176,42,2,2026-05-22,47728,3345,10064.57,408,109669.3
176,42,2,2026-05-23,45747,1423,918.78,32,11110.6
176,42,2,2026-05-24,39550,2314,2037.54,181,49081.57
176,42,2,2026-06-01,44734,3330,13897.99,110,25523.63
176,42,2,2026-06-04,42513,734,3363.73,96,37042.54
176,42,2,2026-06-05,26902,913,1424.57,60,6026.02
176,42,2,2026-06-07,37903,1719,4772.07,170,22091.73
176,42,2,2026-06-16,37493,2771,12358.28,234,68404.45
176,42,2,2026-07-04,17004,518,2003.17,42,9662.18
176,42,2,2026-07-08,2667,65,138.99,8,1153.96
176,42,2,2026-07-25,38083,2648,7215.24,113,28083.29
176,42,2,2026-07-27,22061,1200,3398.26,85,8311.13
176,42,2,2026-07-31,21968,645,2244.11,35,10117.79
176,42,2,2026-08-04,29298,1579,3665.18,88,6131.14
176,42,2,2026-08-06,21745,1006,3164.03,135,39584.87
176,42,2,2026-08-09,4457,286,760.6,5,442.78
176,42,2,2026-08-17,48583,1621,6262.86,234,35249.89
177,42,3,2025-08-18,38555,913,3161.69,9,2992.02
177,42,3,2025-08-21,24409,323,234.22,40,9568.87
177,42,3,2025-08-22,44504,2361,9941.73,239,82891.95
177,42,3,2025-08-27,18400,1413,6248.7,67,14580.35
177,42,3,2025-09-02,29473,2300,8961.25,237,70405.89
177,42,3,2025-09-03,3121,174,355.85,18,6008.44
177,42,3,2025-09-16,33018,1446,6689.67,119,45930.53
177,42,3,2025-09-17,25869,1584,4333.73,35,11212.02
177,42,3,2025-09-22,39886,1592,1083.79,169,35598.15
177,42,3,2025-09-25,31496,1079,1879.03,139,28428.52
177,42,3,2025-09-29,40562,3131,15209.19,132,12053.56
177,42,3,2025-10-04,2375,153,525.11,19,2361.01
177,42,3,2025-10-06,7886,398,1693.22,54,20180.38
177,42,3,2025-10-19,34430,697,2026.08,43,5522.03
177,42,3,2025-10-22,47332,796,1599.3,61,9467.65
177,42,3,2025-10-24,32010,2449,7420.21,268,46746.65
177,42,3,2025-10-27,42002,1790,8817.28,266,57749.4
177,42,3,2025-10-29,43438,2680,5490.22,393,127800.13
177,42,3,2025-11-02,19384,250,974.64,20,2894.38
177,42,3,2025-11-17,2787,205,932.48,17,5936.74
177,42,3,2025-11-23,8376,474,1331.22,59,6404.69
177,42,3,2025-11-25,10164,287,1185.67,34,5596.34
177,42,3,2025-11-29,7216,100,485.41,6,903.46
177,42,3,2025-12-01,27022,1615,8027.56,63,9288.23
177,42,3,2025-12-02,48377,1592,1113.88,96,19107.52
177,42,3,2025-12-10,46842,734,1649.74,81,26471.7
177,42,3,2025-12-20,1685,45,104.12,4,951.98
177,42,3,2025-12-26,17740,676,2811.78,75,27326.52
177,42,3,2025-12-31,44858,2207,8029.56,86,26575.09
177,42,3,2026-01-08,11387,840,578.58,84,18850.47
177,42,3,2026-01-10,49920,2917,5431.11,294,60921.54
177,42,3,2026-01-11,4838,222,646.31,6,444.17
177,42,3,2026-01-13,47649,2868,11625.04,66,10197.64
177,42,3,2026-01-14,6048,146,284.44,4,1341.09
177,42,3,2026-01-17,10887,571,1371.67,72,24070.96
177,42,3,2026-01-22,13935,222,839.83,14,2465.2
177,42,3,2026-01-26,41473,1198,5073.74,163,32100.7
177,42,3,2026-01-27,14393,613,3034.08,80,12875.24
177,42,3,2026-01-29,18559,1055,1173.97,116,14392.29
177,42,3,2026-02-02,36205,2196,5806.64,94,9390.49
177,42,3,2026-02-03,7744,223,588.03,25,2611.36
177,42,3,2026-02-09,48929,2473,6867.71,290,56780.76
177,42,3,2026-02-20,30575,786,3229.79,102,24556.15
177,42,3,2026-02-24,18296,687,1484.89,37,10015.06
177,42,3,2026-02-27,27950,1527,5579.24,48,13132.86
177,42,3,2026-03-04,34058,1213,4915.2,18,5245.21
177,42,3,2026-03-09,14544,721,477.11,78,20189.34
177,42,3,2026-03-12,20998,1102,1749.45,14,3823.42
177,42,3,2026-03-14,15639,468,1111.27,25,4736.98
177,42,3,2026-03-17,5368,70,198.81,7,2196.99
177,42,3,2026-03-20,23515,1497,4586.36,113,17298.78
177,42,3,2026-03-24,46339,2052,9772.85,68,17100.28
177,42,3,2026-03-28,16869,359,879.1,49,5186.97
177,42,3,2026-04-04,23751,448,1786.57,28,2559.57
177,42,3,2026-04-11,25323,1130,1793.36,136,13631.15
177,42,3,2026-04-12,46998,2152,4465.89,86,29700.74
177,42,3,2026-04-15,12479,695,3209.34,7,2333.32
177,42,3,2026-04-17,49975,1969,4713.4,43,12428.22
177,42,3,2026-04-18,46146,1186,4395.94,159,30626.85
177,42,3,2026-04-20,31117,2478,2098.59,50,13472.99
177,42,3,2026-04-25,41780,2563,1745.89,351,81788.73
177,42,3,2026-04-26,40450,1837,5164.48,208,69257.2
177,42,3,2026-04-27,46955,2682,4015.96,40,15843.5
177,42,3,2026-04-28,44071,2136,4744.09,149,15447.23
177,42,3,2026-05-01,3606,229,177.19,4,670.32
177,42,3,2026-05-10,46778,660,1765.38,11,3516.02
177,42,3,2026-05-21,29559,603,748.32,70,12369.44
177,42,3,2026-05-30,21246,1466,1640.14,188,56300.59
177,42,3,2026-06-06,40827,1340,3702.47,58,21668.03
177,42,3,2026-06-15,25758,625,3032.26,21,7891.8
177,42,3,2026-06-27,4824,265,408.91,19,4341.7
177,42,3,2026-06-30,17699,762,1047.79,65,16872.67
177,42,3,2026-07-01,45518,3550,15835.32,442,146066.06
177,42,3,2026-07-05,22586,706,2609.69,58,13760.39
177,42,3,2026-07-10,19318,1275,5176.95,87,31933.51
177,42,3,2026-07-11,21105,641,406.06,55,10056.82
177,42,3,2026-07-12,3508,195,711.99,2,578.3
177,42,3,2026-07-13,33387,577,998.94,39,7808.72
177,42,3,2026-07-19,7924,487,2346.37,30,10111.39
177,42,3,2026-07-21,31280,887,493.63,124,42201.74
177,42,3,2026-07-24,39314,2796,8778.13,219,36450.51
177,42,3,2026-07-25,37035,373,1639.8,9,2882.78
177,42,3,2026-07-30,41965,1283,6242.51,50,8621.86
177,42,3,2026-07-31,35561,2490,2180.39,136,18280.63
177,42,3,2026-08-03,7831,512,1157.56,25,7919.06
177,42,3,2026-08-09,1970,122,95.18,7,2684.78
177,42,3,2026-08-14,44595,1195,5723.13,42,2904.43
177,42,3,2026-08-15,15581,232,1154.54,7,449.81
178,38,1,2025-08-19,38071,2196,1827.6,218,77801.1
178,38,1,2025-08-20,43763,2047,5117.79,293,46091.18
178,38,1,2025-08-21,22177,1546,2227.0,177,66883.05
178,38,1,2025-08-22,41324,1427,3546.92,85,10459.04
178,38,1,2025-08-23,16794,824,2747.51,25,7873.87
178,38,1,2025-08-27,44671,1675,893.27,242,36377.22
178,38,1,2025-09-10,30124,430,2101.99,30,8628.6
178,38,1,2025-09-12,23539,1829,6838.01,257,29126.98
178,38,1,2025-09-19,44388,1832,3125.56,243,14528.74
178,38,1,2025-10-01,13916,496,2470.68,21,7607.04
178,38,1,2025-10-08,29611,1195,5717.41,32,7206.06
178,38,1,2025-10-10,46346,2661,4265.2,80,24766.65
178,38,1,2025-10-13,26077,1518,5737.06,142,45354.84
178,38,1,2025-10-14,10029,552,386.62,54,10707.03
178,38,1,2025-10-16,29407,309,783.36,32,5665.82
178,38,1,2025-10-17,45120,2413,6800.26,57,16682.24
178,38,1,2025-10-30,8107,296,212.42,22,8716.13
178,38,1,2025-11-07,28580,1540,7614.41,210,44616.0
178,38,1,2025-11-10,29946,1675,3988.84,58,11721.94
178,38,1,2025-11-17,7536,158,423.32,17,2624.14
178,38,1,2025-11-18,3654,38,173.09,1,239.74
178,38,1,2025-11-19,31675,2264,7701.45,254,69921.46
178,38,1,2025-11-21,43787,1472,849.41,101,30084.46
178,38,1,2025-11-23,17366,1320,3459.28,174,20624.94
178,38,1,2025-11-24,12296,541,1372.41,59,18736.64
178,38,1,2025-11-28,7199,382,1212.22,22,8451.82
178,38,1,2025-12-11,35406,1050,5153.68,51,19892.73
178,38,1,2025-12-14,39546,2145,7949.28,265,55139.54
178,38,1,2025-12-16,47718,3454,12042.37,262,13728.24
178,38,1,2025-12-21,33529,362,352.59,14,2601.04
178,38,1,2025-12-23,18162,624,498.99,29,2605.16
178,38,1,2025-12-25,23117,1342,5319.71,152,31161.08
178,38,1,2026-01-04,16775,717,3169.36,46,3866.63
178,38,1,2026-01-05,7309,139,157.47,19,3026.29
178,38,1,2026-01-18,23477,1493,6302.78,220,58933.93
178,38,1,2026-01-23,28794,837,1400.43,88,28252.61
178,38,1,2026-01-31,15643,677,3000.81,53,11271.9
178,38,1,2026-02-01,5589,158,751.68,5,1216.57
178,38,1,2026-02-07,42890,2810,12021.79,203,77234.48
178,38,1,2026-02-11,23722,1084,4772.4,16,3924.9
178,38,1,2026-02-12,45514,3456,2179.48,162,61336.51
178,38,1,2026-02-17,21476,1074,2986.14,75,6930.78
178,38,1,2026-02-18,42919,897,3691.47,15,2985.9
178,38,1,2026-02-23,24994,1724,3414.08,163,42473.74
178,38,1,2026-02-26,14054,647,759.64,87,34644.1
178,38,1,2026-02-27,25288,1922,3219.71,270,28737.83
178,38,1,2026-03-03,7163,422,1957.63,42,16364.56
178,38,1,2026-03-05,34224,1666,4265.54,95,10839.08
178,38,1,2026-03-11,16059,411,1226.23,30,10458.54
178,38,1,2026-03-12,47103,1304,5418.72,114,33060.25
178,38,1,2026-03-13,1242,17,41.46,2,140.93
178,38,1,2026-03-29,24605,1338,5078.4,90,31239.27
178,38,1,2026-04-04,27776,305,380.07,19,3144.4
178,38,1,2026-04-12,28435,1427,6682.19,173,28116.87
178,38,1,2026-04-25,13036,408,674.31,22,3490.85
178,38,1,2026-04-28,13154,165,316.63,9,587.44
178,38,1,2026-04-30,8208,616,433.96,75,11406.46
178,38,1,2026-05-08,22729,284,626.11,33,12840.09
178,38,1,2026-05-09,34935,2545,5568.75,158,13552.35
178,38,1,2026-05-13,9157,158,785.21,11,1448.29
178,38,1,2026-05-14,39353,2978,8038.79,254,68073.61
178,38,1,2026-05-15,28512,1924,7285.4,260,55250.96
178,38,1,2026-05-16,42789,2941,14654.71,377,21369.09
178,38,1,2026-05-22,13410,385,1245.83,36,5251.01
178,38,1,2026-06-01,14486,1008,4440.27,46,8223.08
178,38,1,2026-06-02,45544,3123,1959.44,143,39731.77
178,38,1,2026-06-06,45924,2715,3119.24,122,34841.84
178,38,1,2026-06-10,45373,1519,4940.08,200,77237.59
178,38,1,2026-06-16,7235,236,575.92,2,261.09
178,38,1,2026-06-22,43769,1564,3504.43,54,17292.1
178,38,1,2026-06-29,19559,1337,4805.36,63,23586.24
178,38,1,2026-07-04,21543,890,2721.85,38,10022.91
178,38,1,2026-07-05,6501,105,292.76,7,893.41
178,38,1,2026-07-07,2631,55,215.25,6,2133.51
178,38,1,2026-07-11,1894,63,149.62,6,1427.67
178,38,1,2026-07-13,12880,952,659.45,20,2457.58
178,38,1,2026-07-15,28741,472,1039.1,58,18078.27
178,38,1,2026-07-23,22584,1196,4059.54,79,23525.5
178,38,1,2026-07-28,36026,892,1587.86,94,29270.95
178,38,1,2026-08-02,41608,1337,5800.24,177,46971.41
178,38,1,2026-08-04,2289,95,447.71,13,4489.48
178,38,1,2026-08-05,4805,127,78.15,9,889.28
178,38,1,2026-08-12,43744,895,743.05,61,3670.75
178,38,1,2026-08-13,10022,710,2344.89,12,4230.85
178,38,1,2026-08-15,34039,2194,5070.34,61,24134.26
178,38,1,2026-08-16,13538,585,1724.71,81,18671.68
179,38,2,2025-08-21,4504,102,318.7,7,2648.57
179,38,2,2025-08-31,33378,2074,5450.36,200,21981.58
179,38,2,2025-09-06,14881,260,1192.75,24,8435.99
179,38,2,2025-09-10,34686,1401,6356.65,208,21482.47
179,38,2,2025-09-13,21630,1334,3267.84,56,17198.06
179,38,2,2025-09-18,3810,272,1074.44,32,8746.32
179,38,2,2025-09-19,3439,214,820.13,15,2642.41
179,38,2,2025-09-24,30309,561,1384.22,75,20416.62
179,38,2,2025-09-25,29983,1307,4919.85,130,19736.43
179,38,2,2025-09-26,36126,2508,5789.2,328,72564.26
179,38,2,2025-09-28,13934,902,3596.26,16,5948.19
179,38,2,2025-10-07,1716,21,69.6,1,179.79
179,38,2,2025-10-08,41832,2641,6902.25,365,40187.76
179,38,2,2025-10-13,22918,603,2279.38,7,1633.76
179,38,2,2025-10-15,4965,246,721.71,36,4517.82
179,38,2,2025-10-18,12174,883,3930.69,16,5377.6
179,38,2,2025-10-19,14813,546,940.47,74,16217.0
179,38,2,2025-10-25,11939,857,1936.16,74,27173.12
179,38,2,2025-11-07,11287,304,905.35,3,613.96
179,38,2,2025-11-09,16013,694,1553.47,8,408.88
179,38,2,2025-11-15,35132,1488,852.55,153,39349.79
179,38,2,2025-11-26,36944,2713,4699.39,275,105425.48
179,38,2,2025-11-27,35739,2358,10620.9,255,91982.77
179,38,2,2025-11-28,39429,1437,5606.44,129,40859.38
179,38,2,2025-12-05,4225,79,56.97,10,1333.66
179,38,2,2025-12-12,48670,500,315.26,57,20535.7
179,38,2,2025-12-13,22754,1362,1061.66,91,28354.9
179,38,2,2025-12-23,13531,326,1611.26,45,17562.42
179,38,2,2025-12-25,39224,513,1622.34,65,7363.76
179,38,2,2025-12-28,21808,1388,892.94,141,52881.57
179,38,2,2025-12-30,1294,36,103.56,4,1178.4
179,38,2,2026-01-04,41898,3207,3901.54,57,11483.59
179,38,2,2026-01-05,44569,2645,11770.23,274,17058.38
179,38,2,2026-01-06,19210,533,894.34,69,24755.1
179,38,2,2026-01-07,33474,2473,5494.4,27,10606.37
179,38,2,2026-01-10,3084,58,112.57,7,2744.98
179,38,2,2026-01-14,8702,660,1119.11,7,2331.41
179,38,2,2026-01-16,12909,165,784.22,17,3295.75
179,38,2,2026-01-22,17228,1110,4679.15,70,20543.53
179,38,2,2026-01-23,25886,1053,687.06,59,5283.47
179,38,2,2026-01-27,43346,2510,4707.42,58,23067.5
179,38,2,2026-02-02,17196,1247,4637.88,109,9395.78
179,38,2,2026-02-07,41385,1072,1918.43,76,26009.87
179,38,2,2026-02-14,15334,1129,2276.65,55,7746.95
179,38,2,2026-02-18,19117,583,1751.31,53,20107.61
179,38,2,2026-02-19,1342,70,56.4,1,274.59
179,38,2,2026-02-24,38469,2291,4293.9,238,54969.06
179,38,2,2026-02-25,39274,560,1466.11,61,21854.4
179,38,2,2026-03-08,41016,1564,2339.94,201,56937.07
179,38,2,2026-03-12,17160,1243,5788.96,157,55119.93
179,38,2,2026-03-16,21320,981,3018.93,141,10322.79
179,38,2,2026-03-20,10812,403,1154.17,56,7039.1
179,38,2,2026-03-21,35717,942,1820.5,44,6165.62
179,38,2,2026-03-24,5234,303,464.38,42,14049.78
179,38,2,2026-03-26,43217,2355,3140.98,90,25201.93
179,38,2,2026-04-01,18636,611,703.73,11,2280.43
179,38,2,2026-04-15,49609,1659,7868.54,240,27202.88
179,38,2,2026-04-24,36552,1808,5384.9,143,55201.68
179,38,2,2026-04-25,18128,653,2388.23,91,29244.49
179,38,2,2026-04-29,35077,1999,9105.17,79,19179.15
179,38,2,2026-05-02,32991,448,2212.75,41,4777.14
179,38,2,2026-05-13,10181,627,660.87,84,11794.48
179,38,2,2026-05-18,34765,976,3675.4,130,31421.62
179,38,2,2026-05-20,49313,1361,5947.39,52,18917.42
179,38,2,2026-05-25,46075,966,3313.97,18,1819.76
179,38,2,2026-05-28,40732,2721,3923.07,75,15977.66
179,38,2,2026-06-02,35240,1963,7117.09,264,40432.75
179,38,2,2026-06-03,37920,2525,9116.3,198,66547.12
179,38,2,2026-06-04,28335,652,1931.49,64,17656.86
179,38,2,2026-06-07,43882,2438,11729.24,347,64012.36
179,38,2,2026-06-15,47647,1320,6508.35,121,39096.55
179,38,2,2026-06-22,16734,628,1794.4,91,35792.52
179,38,2,2026-06-24,27832,410,1389.44,6,1703.26
179,38,2,2026-07-04,39470,750,1067.05,11,2634.85
179,38,2,2026-07-05,18209,982,2545.11,114,39767.12
179,38,2,2026-07-07,5301,308,1205.56,33,8861.36
179,38,2,2026-07-08,31475,1077,3256.86,21,1575.68
179,38,2,2026-07-16,24912,1189,1808.64,36,1896.94
179,38,2,2026-07-20,10842,123,335.8,14,5451.38
179,38,2,2026-07-29,42246,644,1455.36,66,21778.62
179,38,2,2026-08-02,15453,710,873.94,40,7318.81
179,38,2,2026-08-09,44394,1187,1149.42,18,5862.87
179,38,2,2026-08-16,32380,1779,8505.75,250,61363.25
180,38,3,2025-08-22,2241,151,732.72,9,3037.53
180,38,3,2025-08-23,49861,2980,1746.2,68,8741.62
180,38,3,2025-08-25,21039,1229,4479.35,77,19864.02
180,38,3,2025-08-28,3259,259,467.98,20,6956.16
180,38,3,2025-08-30,39931,759,1351.63,45,5234.47
180,38,3,2025-09-01,14283,760,2026.79,92,14382.85
180,38,3,2025-09-04,33211,491,1929.84,37,13834.48
180,38,3,2025-09-07,4642,362,1142.24,13,1024.88
180,38,3,2025-09-10,23900,1162,4124.58,163,56015.96
180,38,3,2025-09-14,42948,1608,6736.74,139,55044.83
180,38,3,2025-09-21,41421,1657,5279.12,189,42618.18
180,38,3,2025-09-23,18409,239,225.18,18,6888.97
180,38,3,2025-09-24,2517,41,191.0,4,964.19
180,38,3,2025-09-28,44771,1831,6005.43,170,52772.93
180,38,3,2025-10-08,8001,115,427.59,15,2968.1
180,38,3,2025-10-09,47769,588,628.94,69,17548.03
180,38,3,2025-10-13,36376,793,515.89,95,16380.41
180,38,3,2025-10-22,32213,563,2520.17,34,2793.61
180,38,3,2025-10-23,33468,790,3026.18,54,15939.74
180,38,3,2025-10-24,12543,272,216.51,6,2151.71
180,38,3,2025-10-31,33423,2146,6930.9,136,35100.9
180,38,3,2025-11-01,37109,2919,5656.94,257,44879.49
180,38,3,2025-11-02,8459,601,2676.03,30,1899.65
180,38,3,2025-11-03,37775,2392,9275.34,257,71829.77
180,38,3,2025-11-04,20048,859,3484.11,17,2160.21
180,38,3,2025-11-06,30136,1130,1228.29,20,3893.92
180,38,3,2025-11-15,12508,394,733.68,13,1467.03
180,38,3,2025-11-21,25097,1178,5224.72,127,47762.91
180,38,3,2025-11-24,49016,3628,10889.17,370,21291.47
180,38,3,2025-11-28,37780,2937,10358.52,213,51924.2
180,38,3,2025-11-30,12328,893,2572.79,38,3043.31
180,38,3,2025-12-02,28542,1055,5034.44,153,38976.09
180,38,3,2025-12-11,6004,274,535.54,37,4509.76
180,38,3,2025-12-20,31752,1052,3620.33,139,23417.48
180,38,3,2025-12-22,29820,982,2273.14,118,17195.99
180,38,3,2025-12-25,28138,2097,9599.83,104,14615.86
180,38,3,2025-12-28,2682,170,437.64,13,4691.92
180,38,3,2026-01-01,32825,2155,9980.01,230,16158.75
180,38,3,2026-01-05,10960,343,1709.51,26,10055.06
180,38,3,2026-01-19,42841,3149,3646.07,122,35966.42
180,38,3,2026-01-28,5340,56,273.33,6,1950.13
180,38,3,2026-01-31,48864,2998,9969.58,164,25578.15
180,38,3,2026-02-04,30820,821,1903.8,37,13947.12
180,38,3,2026-02-06,9638,374,781.49,52,16801.88
180,38,3,2026-02-08,41047,1067,3099.1,52,17404.86
180,38,3,2026-02-12,4923,295,1333.57,12,4186.26
180,38,3,2026-02-15,49661,2776,7681.25,209,48449.8
180,38,3,2026-02-18,11710,706,2317.24,96,36860.71
180,38,3,2026-02-23,32578,795,1980.24,93,22885.93
180,38,3,2026-03-03,46461,3100,6839.15,181,64355.53
180,38,3,2026-03-12,8808,636,630.32,22,2518.32
180,38,3,2026-03-24,26568,1513,2860.05,93,16135.44
180,38,3,2026-04-04,17712,395,378.22,22,5774.75
180,38,3,2026-04-06,3951,313,440.02,18,5407.06
180,38,3,2026-04-08,41523,794,545.3,79,7951.41
180,38,3,2026-04-09,17356,631,2016.83,17,3166.67
180,38,3,2026-04-14,16285,861,2177.16,114,37668.15
180,38,3,2026-04-19,28145,1000,568.33,44,10843.68
180,38,3,2026-04-22,49660,1585,6256.66,231,34561.5
180,38,3,2026-04-23,10154,598,1421.76,35,10156.87
180,38,3,2026-04-25,23429,1697,3390.29,32,7001.45
180,38,3,2026-05-05,39675,456,1207.55,23,5021.35
180,38,3,2026-05-16,45348,3024,8992.2,278,105672.41
180,38,3,2026-05-17,1596,36,152.84,1,268.57
180,38,3,2026-05-19,37832,2521,5107.69,166,27774.62
180,38,3,2026-05-22,37079,695,1169.18,76,13458.39
180,38,3,2026-05-28,44394,898,1308.56,81,31747.27
180,38,3,2026-06-06,22973,1352,6131.86,99,33653.21
180,38,3,2026-06-12,38788,2907,10654.35,93,7976.84
180,38,3,2026-06-18,21507,583,1190.18,28,2004.52
180,38,3,2026-06-20,36348,1708,8346.65,134,39616.29
180,38,3,2026-06-28,15727,447,802.97,51,5964.69
180,38,3,2026-07-01,34513,2744,9417.16,62,21457.53
180,38,3,2026-07-02,14841,1178,4272.95,108,22449.28
180,38,3,2026-07-05,13511,164,248.39,23,7376.03
180,38,3,2026-07-08,49293,2325,6812.72,80,26215.87
180,38,3,2026-07-09,26338,822,1521.84,9,3171.72
180,38,3,2026-07-10,31337,1514,4259.55,214,24197.0
180,38,3,2026-07-14,8600,331,1453.7,40,14669.2
180,38,3,2026-07-27,14564,971,2191.07,96,30429.64
180,38,3,2026-07-29,4286,131,99.34,17,5930.18
180,38,3,2026-07-30,20274,670,3029.04,52,4855.21
180,38,3,2026-07-31,8379,285,502.12,8,2972.06
180,38,3,2026-08-03,4810,323,181.78,33,10959.15
180,38,3,2026-08-08,3488,68,166.73,4,1095.14
180,38,3,2026-08-09,38319,447,645.61,16,1444.84
180,38,3,2026-08-18,49221,3820,13335.17,163,49020.05
