OpportunityId,AccountId,RepId,ProductId,CreatedDate,CloseDate,Stage,Amount,IsWon
1,52,10,2,2024-10-14,2024-11-17,Closed Lost,6200.0,False
2,93,19,3,2025-03-28,2025-06-04,Closed Lost,13500.0,False
3,15,15,1,2025-08-17,2025-09-09,Closed Lost,8600.0,False
4,72,5,2,2025-09-11,2025-10-07,Closed Lost,7500.0,False
5,61,15,2,2024-10-17,2024-10-26,Closed Lost,6300.0,False
6,21,20,2,2024-12-18,,Qualified,1800.0,False
7,83,2,1,2025-05-02,,Qualified,10600.0,False
8,87,13,1,2025-02-18,,Qualified,4800.0,False
9,75,16,1,2025-10-11,2026-03-02,Closed Lost,4000.0,False
10,75,15,3,2025-04-14,2025-09-08,Closed Won,9200.0,True
11,88,10,3,2024-11-10,2024-11-19,Closed Won,13600.0,True
12,100,14,1,2024-09-13,2024-12-01,Closed Lost,3500.0,False
13,24,10,2,2025-12-12,,Negotiation,13400.0,False
14,3,14,3,2025-11-05,2026-02-24,Closed Lost,5200.0,False
15,22,9,1,2024-11-23,2025-03-27,Closed Lost,11200.0,False
16,53,14,2,2025-03-02,2025-08-09,Closed Lost,10800.0,False
17,2,3,3,2024-12-03,2025-01-12,Closed Lost,7300.0,False
18,88,20,2,2025-09-22,,Qualified,8200.0,False
19,30,16,2,2024-08-29,2024-11-05,Closed Won,6600.0,True
20,38,2,2,2025-04-10,2025-08-14,Closed Won,9200.0,True
21,2,10,2,2025-04-19,2025-08-18,Closed Lost,9200.0,False
22,64,3,3,2024-11-20,,Proposal,5100.0,False
23,60,11,3,2025-04-11,2025-06-25,Closed Won,4100.0,True
24,21,11,3,2025-11-22,2026-05-16,Closed Lost,13400.0,False
25,33,13,1,2025-04-12,2025-07-04,Closed Won,9000.0,True
26,76,7,3,2025-08-11,,Proposal,12500.0,False
27,58,17,2,2025-07-21,2025-10-24,Closed Lost,5800.0,False
28,22,2,3,2025-11-04,2025-12-27,Closed Won,5400.0,True
29,89,12,2,2025-09-01,,Negotiation,4900.0,False
30,49,10,1,2025-06-10,,Proposal,7400.0,False
31,91,18,2,2025-08-02,2025-09-05,Closed Lost,9100.0,False
32,59,11,2,2025-10-24,,Negotiation,6200.0,False
33,42,16,2,2024-12-30,2025-05-11,Closed Lost,17700.0,False
34,92,17,1,2025-01-10,,Qualified,5900.0,False
35,60,19,3,2025-10-11,2026-03-21,Closed Won,9200.0,True
36,80,18,3,2024-11-23,2025-04-18,Closed Lost,5200.0,False
37,15,3,1,2025-06-02,,Qualified,5800.0,False
38,62,16,2,2025-04-02,,Qualified,7800.0,False
39,62,6,3,2025-11-28,2026-02-16,Closed Won,5300.0,True
40,47,12,1,2026-02-18,,Negotiation,8500.0,False
41,62,11,3,2025-05-25,2025-10-21,Closed Lost,10100.0,False
42,51,15,1,2025-01-09,,Qualified,14000.0,False
43,55,15,2,2025-08-14,2026-01-09,Closed Won,4700.0,True
44,64,16,3,2024-09-14,2025-01-10,Closed Lost,8800.0,False
45,3,10,1,2025-05-19,2025-10-03,Closed Lost,7900.0,False
46,51,12,3,2025-07-21,2025-11-17,Closed Lost,3200.0,False
47,7,13,3,2024-11-15,2025-03-11,Closed Lost,4600.0,False
48,21,4,3,2024-09-22,2025-01-20,Closed Lost,10300.0,False
49,73,7,3,2025-04-19,2025-07-01,Closed Won,4100.0,True
50,39,2,1,2025-08-20,,Negotiation,7800.0,False
51,18,15,2,2025-09-15,2025-12-16,Closed Lost,2800.0,False
52,4,8,1,2025-06-17,2025-07-12,Closed Lost,7700.0,False
53,89,7,1,2025-08-28,2025-11-11,Closed Lost,2900.0,False
54,60,15,1,2024-11-29,2024-12-15,Closed Lost,6000.0,False
55,14,14,2,2024-10-08,2025-03-24,Closed Won,6500.0,True
56,9,8,3,2025-10-18,2026-03-14,Closed Lost,8600.0,False
57,90,12,3,2025-12-15,2026-04-28,Closed Won,7100.0,True
58,53,13,3,2024-10-23,2025-02-05,Closed Won,4400.0,True
59,2,11,2,2024-12-09,2025-01-16,Closed Lost,4400.0,False
60,84,17,3,2026-02-22,2026-06-20,Closed Won,3600.0,True
61,92,17,2,2024-12-19,,Qualified,9000.0,False
62,60,4,3,2025-09-08,2025-10-19,Closed Lost,8800.0,False
63,71,8,3,2025-09-18,,Qualified,11300.0,False
64,44,5,1,2024-10-13,2024-12-28,Closed Lost,6300.0,False
65,8,16,2,2025-06-07,,Proposal,3400.0,False
66,47,4,1,2025-07-25,2025-11-17,Closed Won,6900.0,True
67,35,15,1,2025-03-14,2025-09-08,Closed Won,8100.0,True
68,78,12,1,2025-04-17,,Qualified,4500.0,False
69,81,5,2,2025-09-08,2025-10-17,Closed Lost,4700.0,False
70,36,16,2,2025-01-05,2025-03-08,Closed Won,10200.0,True
71,50,14,3,2025-10-03,2026-03-22,Closed Won,8500.0,True
72,4,10,1,2026-01-12,,Qualified,14300.0,False
73,2,7,3,2025-08-19,2026-02-12,Closed Lost,19200.0,False
74,6,13,1,2025-09-07,2025-09-25,Closed Lost,3800.0,False
75,54,20,2,2025-05-03,,Qualified,6600.0,False
76,4,5,2,2025-12-12,2026-02-26,Closed Lost,8600.0,False
77,54,3,2,2024-12-14,,Qualified,9700.0,False
78,93,15,1,2024-09-11,2024-10-28,Closed Lost,13500.0,False
79,63,4,2,2026-02-01,,Proposal,11700.0,False
80,18,15,1,2025-01-14,2025-05-06,Closed Lost,14300.0,False
81,90,14,3,2025-03-18,2025-03-27,Closed Lost,8400.0,False
82,44,20,1,2026-02-04,2026-02-13,Closed Won,5900.0,True
83,34,19,3,2025-09-02,2025-12-01,Closed Lost,21500.0,False
84,74,13,1,2026-01-08,2026-06-19,Closed Lost,8700.0,False
85,62,10,3,2025-02-04,2025-07-11,Closed Lost,7200.0,False
86,100,5,2,2026-02-23,2026-08-18,Closed Lost,4700.0,False
87,14,20,3,2025-02-19,2025-06-12,Closed Lost,8800.0,False
88,95,20,2,2025-11-09,2026-05-02,Closed Lost,13400.0,False
89,48,6,2,2025-07-20,2025-12-07,Closed Won,6300.0,True
90,15,4,3,2026-01-07,2026-02-02,Closed Won,7600.0,True
91,72,2,1,2024-11-09,2025-04-03,Closed Lost,9200.0,False
92,78,16,1,2025-09-22,2026-01-02,Closed Lost,10300.0,False
93,87,18,1,2024-12-03,2025-04-12,Closed Lost,7100.0,False
94,62,5,1,2025-09-28,,Proposal,6700.0,False
95,40,4,1,2025-04-03,2025-04-30,Closed Lost,6300.0,False
96,85,13,2,2026-01-22,2026-05-22,Closed Lost,4700.0,False
97,80,19,1,2025-04-15,2025-05-04,Closed Lost,5500.0,False
98,82,2,2,2025-10-23,,Negotiation,5400.0,False
99,53,13,2,2024-12-16,2025-01-26,Closed Won,3700.0,True
100,24,11,2,2025-02-01,,Proposal,13300.0,False
101,26,4,3,2025-04-05,2025-09-14,Closed Lost,9700.0,False
102,89,20,3,2025-04-09,,Negotiation,8700.0,False
103,60,20,2,2025-02-20,2025-07-22,Closed Won,15600.0,True
104,41,15,3,2025-04-28,2025-10-10,Closed Won,11600.0,True
105,29,4,1,2025-07-06,2025-11-14,Closed Won,5500.0,True
106,15,9,1,2025-03-20,,Qualified,14600.0,False
107,45,7,2,2025-09-18,,Qualified,13200.0,False
108,65,19,1,2024-11-26,2024-12-23,Closed Won,4600.0,True
109,89,19,2,2024-11-16,2024-12-06,Closed Lost,12700.0,False
110,71,6,2,2025-10-11,2026-01-16,Closed Lost,6400.0,False
111,9,6,1,2025-09-20,2025-11-25,Closed Won,13300.0,True
112,88,20,3,2026-01-05,2026-05-15,Closed Lost,6800.0,False
113,1,15,1,2025-01-02,2025-01-31,Closed Won,6200.0,True
114,8,15,1,2025-07-02,,Qualified,6500.0,False
115,88,20,2,2025-03-31,2025-08-08,Closed Won,5000.0,True
116,63,9,2,2025-11-03,2026-04-15,Closed Lost,3900.0,False
117,11,4,2,2024-10-07,2024-11-12,Closed Lost,2300.0,False
118,81,18,2,2025-03-02,,Qualified,4800.0,False
119,8,18,3,2026-01-24,,Negotiation,30200.0,False
120,35,5,3,2025-09-05,2025-10-19,Closed Lost,10300.0,False
121,35,20,3,2025-07-22,,Proposal,20600.0,False
122,33,11,2,2024-09-30,,Negotiation,6900.0,False
123,5,5,2,2025-06-11,2025-09-29,Closed Won,6400.0,True
124,41,4,2,2025-01-31,2025-06-02,Closed Won,19100.0,True
125,28,12,3,2025-07-19,,Negotiation,9800.0,False
126,7,2,2,2024-12-04,2024-12-13,Closed Lost,5000.0,False
127,73,13,1,2025-01-30,2025-02-15,Closed Lost,11100.0,False
128,72,10,1,2024-10-15,2025-02-18,Closed Won,15100.0,True
129,12,9,2,2024-09-25,2025-02-23,Closed Won,4000.0,True
130,34,10,1,2025-04-21,,Qualified,10200.0,False
131,33,7,1,2024-12-13,2024-12-30,Closed Lost,4100.0,False
132,48,4,3,2025-07-06,2025-11-22,Closed Won,14700.0,True
133,23,19,2,2024-09-14,,Qualified,9100.0,False
134,62,10,2,2024-12-18,2025-02-26,Closed Lost,11100.0,False
135,88,3,3,2025-03-22,2025-04-11,Closed Won,7300.0,True
136,37,19,1,2025-10-14,,Proposal,3300.0,False
137,99,2,1,2024-12-13,2025-05-22,Closed Lost,6500.0,False
138,44,20,2,2024-10-05,2024-12-22,Closed Lost,12900.0,False
139,86,10,1,2024-12-28,2025-03-13,Closed Won,22000.0,True
140,91,2,3,2025-01-27,2025-06-17,Closed Won,9300.0,True
141,35,2,3,2025-09-20,,Negotiation,5700.0,False
142,65,17,2,2026-01-16,2026-02-07,Closed Lost,10600.0,False
143,99,16,3,2024-10-06,2024-12-29,Closed Won,12300.0,True
144,47,16,3,2024-12-08,2025-03-25,Closed Won,8700.0,True
145,78,14,2,2025-03-29,2025-05-30,Closed Lost,8400.0,False
146,3,7,3,2025-11-08,,Qualified,9000.0,False
147,1,11,3,2025-07-03,,Negotiation,8300.0,False
148,5,1,3,2025-02-15,,Qualified,9400.0,False
149,90,11,1,2025-04-07,2025-04-30,Closed Won,20200.0,True
150,14,4,2,2025-05-16,,Qualified,2900.0,False
151,27,7,2,2025-09-05,2026-02-22,Closed Won,7200.0,True
152,9,15,2,2025-12-24,,Negotiation,5100.0,False
153,79,18,1,2025-06-08,,Qualified,14600.0,False
154,15,12,1,2025-08-14,2025-11-21,Closed Lost,7600.0,False
155,90,17,2,2025-03-14,2025-04-27,Closed Lost,10700.0,False
156,42,1,1,2025-03-23,2025-07-08,Closed Lost,16500.0,False
157,77,11,2,2025-07-11,2025-09-17,Closed Won,4700.0,True
158,51,1,1,2025-02-19,,Proposal,6200.0,False
159,63,15,3,2026-01-03,2026-02-26,Closed Lost,15700.0,False
160,96,10,3,2025-07-08,2025-07-24,Closed Won,4600.0,True
161,52,7,2,2024-11-13,2024-12-25,Closed Lost,6300.0,False
162,96,2,1,2025-06-21,,Negotiation,3600.0,False
163,4,10,1,2025-05-11,2025-05-21,Closed Lost,16000.0,False
164,94,4,3,2025-03-10,2025-04-29,Closed Won,6100.0,True
165,23,12,3,2025-04-19,2025-06-20,Closed Won,9700.0,True
166,15,19,1,2025-06-13,2025-07-31,Closed Won,11400.0,True
167,43,11,1,2026-01-16,2026-05-16,Closed Won,5400.0,True
168,29,8,1,2025-09-22,,Qualified,3100.0,False
169,36,18,1,2025-01-07,2025-06-23,Closed Lost,7300.0,False
170,13,11,1,2024-12-29,2025-01-25,Closed Won,7200.0,True
171,32,11,1,2024-10-10,2025-01-03,Closed Won,7900.0,True
172,71,13,2,2025-06-11,2025-08-25,Closed Won,7900.0,True
173,59,3,1,2026-02-09,2026-04-26,Closed Lost,6300.0,False
174,86,12,3,2025-06-29,2025-09-10,Closed Won,6200.0,True
175,28,3,2,2026-02-10,2026-04-05,Closed Lost,9400.0,False
176,66,10,1,2025-04-13,2025-09-27,Closed Won,5400.0,True
177,42,17,3,2025-03-19,2025-04-30,Closed Won,7700.0,True
178,45,2,2,2024-11-24,,Qualified,6100.0,False
179,62,17,3,2025-07-15,2025-12-27,Closed Lost,9400.0,False
180,57,16,1,2025-04-04,,Negotiation,14100.0,False
181,6,2,1,2024-09-02,,Qualified,14400.0,False
182,28,20,1,2025-07-17,2025-10-03,Closed Lost,15400.0,False
183,28,6,1,2024-09-03,,Proposal,6900.0,False
184,44,10,2,2024-09-26,2025-01-06,Closed Lost,7200.0,False
185,84,10,2,2025-11-12,2026-03-26,Closed Won,4300.0,True
186,30,8,3,2025-11-17,2025-12-19,Closed Won,6800.0,True
187,62,1,1,2025-03-30,2025-06-10,Closed Won,7000.0,True
188,75,13,3,2025-11-06,2026-04-01,Closed Lost,6000.0,False
189,92,9,2,2026-02-08,2026-03-08,Closed Won,5900.0,True
190,89,10,1,2025-04-08,2025-05-01,Closed Lost,3500.0,False
191,62,15,1,2025-08-01,2025-08-14,Closed Won,4100.0,True
192,97,5,2,2024-11-10,2025-03-03,Closed Won,8300.0,True
193,1,16,2,2025-08-10,2025-10-23,Closed Lost,8400.0,False
194,27,13,2,2025-09-22,2026-02-03,Closed Lost,10300.0,False
195,62,20,2,2025-06-08,2025-07-21,Closed Lost,7100.0,False
196,77,18,2,2025-11-20,2026-01-03,Closed Lost,8200.0,False
197,3,11,1,2024-12-28,2025-04-09,Closed Lost,15100.0,False
198,70,9,2,2026-02-16,,Negotiation,7900.0,False
199,72,16,1,2025-08-16,,Proposal,5900.0,False
200,27,2,1,2026-01-31,2026-07-09,Closed Lost,4500.0,False
201,9,2,2,2025-07-01,,Qualified,12100.0,False
202,62,12,2,2024-11-05,2025-04-12,Closed Won,3500.0,True
203,37,8,1,2026-02-19,2026-04-29,Closed Lost,5300.0,False
204,97,9,2,2025-03-06,,Proposal,10000.0,False
205,51,12,2,2024-09-20,2024-10-04,Closed Lost,3100.0,False
206,44,9,2,2024-09-07,,Negotiation,6000.0,False
207,24,10,3,2025-10-19,2025-11-21,Closed Won,8600.0,True
208,79,2,1,2025-10-01,2025-11-28,Closed Lost,6700.0,False
209,59,16,3,2026-02-04,2026-07-06,Closed Lost,5000.0,False
210,32,20,2,2024-11-07,2025-02-12,Closed Won,6000.0,True
211,96,7,3,2025-04-08,2025-07-09,Closed Lost,12200.0,False
212,88,2,2,2025-06-15,2025-07-07,Closed Lost,20200.0,False
213,52,1,3,2026-01-14,,Qualified,8700.0,False
214,62,19,2,2026-02-11,2026-02-22,Closed Lost,3000.0,False
215,58,4,3,2025-07-14,2025-10-10,Closed Won,10800.0,True
216,52,2,3,2025-08-20,2026-01-04,Closed Won,6600.0,True
217,12,14,3,2025-08-16,,Qualified,4700.0,False
218,39,2,1,2025-07-12,2025-10-07,Closed Lost,5400.0,False
219,2,15,3,2025-07-14,2025-09-28,Closed Won,5500.0,True
220,3,12,1,2025-02-03,,Negotiation,4000.0,False
221,56,5,2,2025-11-20,2025-12-03,Closed Lost,7900.0,False
222,81,20,3,2025-01-22,2025-03-19,Closed Won,20200.0,True
223,59,7,2,2024-12-27,,Proposal,4700.0,False
224,2,10,2,2025-03-03,,Qualified,19900.0,False
225,2,14,3,2026-02-03,2026-05-31,Closed Lost,9000.0,False
226,92,14,1,2024-09-01,2024-10-24,Closed Won,7700.0,True
227,54,5,3,2024-11-22,,Negotiation,6900.0,False
228,87,18,2,2025-01-08,2025-06-24,Closed Lost,5400.0,False
229,96,14,2,2025-12-16,,Proposal,9400.0,False
230,97,2,3,2025-11-14,2026-02-19,Closed Won,10500.0,True
231,1,12,1,2025-07-21,2025-08-25,Closed Lost,2400.0,False
232,19,6,1,2025-07-28,2025-12-09,Closed Won,28900.0,True
233,2,4,2,2024-10-13,,Negotiation,3300.0,False
234,53,13,2,2025-12-01,,Qualified,6200.0,False
235,44,4,1,2025-12-10,2026-04-12,Closed Lost,2300.0,False
236,90,14,3,2025-09-27,,Proposal,7100.0,False
237,32,16,2,2025-11-04,2026-03-20,Closed Lost,6400.0,False
238,70,4,1,2026-01-13,2026-03-30,Closed Lost,6300.0,False
239,32,1,2,2025-01-22,,Proposal,9400.0,False
240,68,13,3,2026-01-18,,Qualified,7200.0,False
241,55,4,1,2026-01-07,,Negotiation,10600.0,False
242,75,20,2,2024-08-28,,Qualified,4400.0,False
243,56,18,3,2026-01-04,2026-04-09,Closed Lost,8400.0,False
244,17,6,2,2024-12-18,2025-05-10,Closed Lost,5900.0,False
245,38,3,3,2025-12-20,,Qualified,6700.0,False
246,24,13,3,2025-12-03,2026-05-29,Closed Lost,9300.0,False
247,69,16,1,2025-01-30,2025-05-16,Closed Won,6300.0,True
248,98,5,3,2025-05-19,2025-10-01,Closed Lost,7700.0,False
249,70,4,2,2024-10-17,2024-12-19,Closed Lost,4500.0,False
250,86,8,3,2025-04-07,,Qualified,14000.0,False
251,11,19,3,2025-01-18,2025-03-16,Closed Won,11700.0,True
252,16,14,1,2024-10-07,,Qualified,8500.0,False
253,97,7,3,2025-01-13,2025-05-03,Closed Won,7200.0,True
254,73,14,3,2025-07-28,2025-12-08,Closed Lost,7700.0,False
255,59,6,2,2025-10-09,2025-12-09,Closed Lost,13900.0,False
256,70,12,1,2026-01-24,2026-01-31,Closed Won,11300.0,True
257,80,16,1,2025-08-01,2025-11-05,Closed Won,14000.0,True
258,93,17,1,2025-09-13,2026-02-22,Closed Lost,6800.0,False
259,3,13,3,2025-12-08,2026-02-05,Closed Lost,10300.0,False
260,20,14,1,2025-05-24,2025-08-11,Closed Won,14700.0,True
261,59,7,3,2025-08-10,2025-12-02,Closed Won,5100.0,True
262,36,14,3,2024-10-27,2025-04-01,Closed Won,4900.0,True
263,19,15,2,2024-11-09,2024-11-23,Closed Lost,9300.0,False
264,90,12,2,2025-03-12,2025-04-29,Closed Won,4400.0,True
265,67,17,2,2024-12-13,,Qualified,3300.0,False
266,19,9,2,2024-11-21,2025-05-13,Closed Lost,14600.0,False
267,20,15,2,2025-01-10,,Negotiation,15900.0,False
268,96,12,3,2025-06-07,,Qualified,4500.0,False
269,71,2,3,2025-10-07,2026-01-06,Closed Lost,4000.0,False
270,52,5,1,2025-09-03,,Qualified,5800.0,False
271,33,13,3,2025-09-10,2025-10-10,Closed Lost,15200.0,False
272,40,20,3,2025-01-21,,Negotiation,6600.0,False
273,39,8,2,2025-07-07,,Negotiation,8500.0,False
274,82,14,3,2025-08-26,2025-11-06,Closed Lost,9500.0,False
275,1,15,2,2025-11-27,2026-04-24,Closed Won,8800.0,True
276,11,11,1,2024-09-03,2024-11-01,Closed Lost,17100.0,False
277,92,1,1,2025-01-25,2025-07-10,Closed Lost,5700.0,False
278,57,3,3,2025-12-12,2026-04-03,Closed Lost,7700.0,False
279,89,17,1,2025-09-27,2026-01-07,Closed Lost,9100.0,False
280,50,19,3,2025-02-15,2025-04-01,Closed Lost,7900.0,False
281,23,14,1,2025-07-29,2026-01-19,Closed Lost,4400.0,False
282,31,8,2,2024-10-18,,Negotiation,3900.0,False
283,94,13,2,2025-11-13,,Qualified,3800.0,False
284,42,20,2,2025-03-13,2025-07-01,Closed Won,11700.0,True
285,99,3,2,2025-03-12,2025-06-03,Closed Won,5400.0,True
286,7,5,3,2025-07-18,2025-08-01,Closed Lost,10200.0,False
287,16,9,1,2025-08-20,2025-09-21,Closed Lost,8500.0,False
288,90,6,3,2025-11-19,,Qualified,5000.0,False
289,60,2,2,2025-08-13,2025-10-01,Closed Won,5000.0,True
290,2,13,3,2025-03-26,2025-07-20,Closed Lost,8700.0,False
291,1,5,1,2024-09-14,,Qualified,8400.0,False
292,48,8,3,2025-01-24,,Negotiation,10400.0,False
293,12,1,1,2025-02-24,2025-04-20,Closed Lost,6400.0,False
294,69,20,3,2025-04-28,2025-08-27,Closed Won,5300.0,True
295,37,12,1,2025-01-03,2025-06-13,Closed Lost,8600.0,False
296,32,11,1,2025-07-09,2025-11-29,Closed Won,16500.0,True
297,9,7,2,2025-09-16,,Negotiation,3200.0,False
298,99,15,1,2025-10-30,2026-01-09,Closed Won,5400.0,True
299,19,11,2,2024-09-13,2024-11-29,Closed Won,10900.0,True
300,48,16,2,2024-12-25,,Qualified,9000.0,False
301,80,3,2,2024-11-09,,Qualified,11000.0,False
302,3,20,3,2024-10-12,,Qualified,6500.0,False
303,20,14,3,2025-02-14,2025-07-08,Closed Lost,3600.0,False
304,24,3,3,2025-05-02,2025-08-17,Closed Lost,18700.0,False
305,54,1,3,2025-04-25,2025-08-04,Closed Lost,13900.0,False
306,33,15,1,2024-12-06,2025-03-09,Closed Won,8000.0,True
307,24,1,1,2025-03-03,2025-06-08,Closed Won,5300.0,True
308,75,17,3,2025-07-04,2025-10-21,Closed Lost,6300.0,False
309,72,2,1,2025-06-20,2025-10-30,Closed Lost,9100.0,False
310,36,20,1,2026-02-21,,Proposal,7100.0,False
311,38,6,2,2025-05-17,2025-09-13,Closed Lost,8000.0,False
312,84,8,2,2025-02-08,,Qualified,18100.0,False
313,99,16,2,2025-11-20,2026-02-22,Closed Lost,12900.0,False
314,89,19,2,2025-06-10,,Proposal,4500.0,False
315,99,1,1,2025-01-10,2025-07-05,Closed Won,8400.0,True
316,25,3,3,2025-01-15,,Qualified,6200.0,False
317,93,3,1,2025-10-21,2026-01-26,Closed Won,9400.0,True
318,18,5,1,2025-07-02,2025-07-11,Closed Lost,7900.0,False
319,82,12,1,2025-02-22,,Negotiation,35700.0,False
320,66,12,2,2024-12-28,2025-03-25,Closed Lost,10000.0,False
321,54,20,2,2025-06-05,2025-11-17,Closed Lost,7600.0,False
322,35,13,2,2025-05-02,,Qualified,20400.0,False
323,80,20,3,2025-09-12,,Negotiation,9000.0,False
324,61,9,1,2025-04-09,2025-08-19,Closed Won,3800.0,True
325,41,7,3,2025-05-20,2025-09-16,Closed Won,7600.0,True
326,100,4,2,2025-10-11,2026-03-15,Closed Lost,11000.0,False
327,33,19,3,2025-03-08,2025-06-22,Closed Lost,10300.0,False
328,68,19,1,2025-07-11,,Qualified,13400.0,False
329,33,6,1,2024-10-17,2025-01-18,Closed Won,8800.0,True
330,14,13,2,2025-03-13,2025-06-16,Closed Won,8400.0,True
331,21,11,2,2025-01-07,,Qualified,4000.0,False
332,48,13,3,2025-10-18,2025-11-13,Closed Won,17400.0,True
333,20,13,2,2024-10-18,2025-02-14,Closed Lost,7000.0,False
334,8,20,2,2024-11-01,2024-12-26,Closed Won,5000.0,True
335,7,15,1,2025-08-29,2026-01-17,Closed Lost,30200.0,False
336,67,13,2,2026-01-18,2026-02-22,Closed Lost,18800.0,False
337,17,11,2,2024-11-14,2025-01-07,Closed Lost,6500.0,False
338,33,19,1,2024-10-04,2024-10-23,Closed Won,3200.0,True
339,48,8,1,2025-01-02,2025-01-11,Closed Won,5700.0,True
340,76,20,3,2025-09-21,2025-09-29,Closed Won,17800.0,True
341,59,8,2,2024-10-26,2024-11-17,Closed Won,8900.0,True
342,86,10,1,2025-06-08,2025-09-16,Closed Lost,4100.0,False
343,22,16,3,2025-09-02,2025-12-19,Closed Lost,12000.0,False
344,30,19,3,2025-12-02,2026-04-21,Closed Lost,7300.0,False
345,38,11,2,2025-03-23,2025-05-13,Closed Lost,5900.0,False
346,51,13,2,2025-01-17,2025-04-04,Closed Won,6100.0,True
347,54,9,3,2025-12-06,2026-04-24,Closed Won,15600.0,True
348,8,20,1,2025-01-18,,Negotiation,10700.0,False
349,27,19,3,2024-11-18,2025-03-31,Closed Won,3900.0,True
350,27,16,2,2025-07-12,,Negotiation,9700.0,False
351,98,7,1,2025-09-22,,Qualified,8600.0,False
352,21,19,1,2025-09-30,2025-10-19,Closed Lost,6600.0,False
353,30,12,3,2024-11-12,2025-04-25,Closed Won,6700.0,True
354,97,15,2,2025-06-04,,Negotiation,5300.0,False
355,28,14,3,2025-09-08,2025-11-13,Closed Lost,5800.0,False
356,64,11,3,2025-05-19,,Negotiation,9400.0,False
357,97,10,3,2025-06-10,2025-11-19,Closed Lost,7100.0,False
358,69,11,1,2025-11-18,2026-01-21,Closed Lost,10600.0,False
359,61,6,1,2024-09-15,2024-10-11,Closed Lost,5500.0,False
360,48,2,2,2025-06-29,2025-12-14,Closed Lost,11500.0,False
361,19,11,2,2025-11-26,2026-04-14,Closed Won,15600.0,True
362,4,19,3,2025-03-18,2025-09-11,Closed Lost,8100.0,False
363,35,6,3,2025-11-03,,Proposal,10500.0,False
364,64,14,3,2026-02-11,,Proposal,10700.0,False
365,49,20,2,2025-07-24,2025-11-19,Closed Lost,6300.0,False
366,17,6,1,2025-10-18,,Proposal,10700.0,False
367,44,17,1,2025-07-09,,Proposal,2600.0,False
368,92,10,3,2026-01-01,,Qualified,2100.0,False
369,30,1,3,2025-02-01,2025-05-02,Closed Lost,6900.0,False
370,93,3,3,2026-02-14,,Negotiation,11100.0,False
371,46,8,3,2025-02-03,2025-06-07,Closed Lost,7800.0,False
372,6,8,2,2025-06-13,2025-08-06,Closed Lost,11800.0,False
373,99,20,1,2024-10-03,,Qualified,4400.0,False
374,37,15,3,2025-06-03,2025-09-27,Closed Lost,12600.0,False
375,24,7,2,2025-09-13,2025-09-25,Closed Lost,18300.0,False
376,93,11,3,2025-01-07,,Qualified,5700.0,False
377,46,7,3,2025-02-25,2025-05-20,Closed Won,11900.0,True
378,53,4,1,2025-10-27,,Proposal,8200.0,False
379,95,12,3,2025-10-12,,Negotiation,10100.0,False
380,99,6,1,2025-10-22,2026-01-20,Closed Won,18300.0,True
381,60,14,1,2025-10-12,2025-10-31,Closed Lost,9500.0,False
382,97,12,1,2024-09-17,,Proposal,11900.0,False
383,63,11,2,2025-08-28,2025-10-17,Closed Won,4300.0,True
384,85,19,2,2025-09-11,,Negotiation,11700.0,False
385,32,5,1,2024-10-17,,Qualified,18100.0,False
386,87,14,3,2025-05-02,2025-10-09,Closed Lost,5100.0,False
387,33,16,1,2024-12-06,2024-12-26,Closed Lost,6900.0,False
388,67,13,3,2024-12-30,,Negotiation,11400.0,False
389,18,20,1,2025-09-02,2025-10-14,Closed Won,10100.0,True
390,25,4,3,2025-06-26,2025-07-10,Closed Lost,4100.0,False
391,95,11,2,2024-11-21,,Qualified,8800.0,False
392,54,17,3,2025-09-19,,Proposal,6900.0,False
393,58,7,1,2026-02-07,2026-03-01,Closed Lost,5000.0,False
394,67,14,2,2024-12-10,2025-03-17,Closed Lost,16000.0,False
395,46,11,3,2025-07-28,2025-12-01,Closed Won,8100.0,True
396,24,9,3,2025-08-13,,Negotiation,13200.0,False
397,32,13,3,2025-02-06,,Negotiation,4500.0,False
398,47,18,3,2025-11-17,,Negotiation,10900.0,False
399,86,11,3,2024-12-05,2025-01-11,Closed Lost,13800.0,False
400,23,15,2,2025-01-19,,Qualified,7200.0,False
401,66,19,2,2025-01-15,,Qualified,6300.0,False
402,27,1,2,2025-06-17,2025-07-26,Closed Won,4200.0,True
403,2,4,2,2025-02-05,2025-03-14,Closed Won,5200.0,True
404,90,14,1,2024-10-09,,Qualified,6500.0,False
405,17,14,2,2025-04-18,2025-05-30,Closed Lost,5000.0,False
406,33,3,3,2024-08-29,2025-01-14,Closed Lost,5500.0,False
407,9,17,3,2025-11-29,2026-02-11,Closed Won,8800.0,True
408,43,3,2,2025-11-18,2026-02-22,Closed Lost,9300.0,False
409,48,16,3,2025-08-28,2026-01-13,Closed Lost,14000.0,False
410,39,14,2,2026-02-22,2026-03-09,Closed Lost,5500.0,False
411,93,20,3,2025-12-22,,Proposal,8200.0,False
412,42,13,1,2025-03-21,,Proposal,6600.0,False
413,26,15,1,2025-02-03,,Proposal,6300.0,False
414,99,14,2,2024-12-25,2025-01-04,Closed Won,6900.0,True
415,50,19,2,2025-07-25,,Qualified,7300.0,False
416,25,6,2,2025-03-02,,Negotiation,9200.0,False
417,24,10,3,2025-03-24,2025-04-15,Closed Lost,6900.0,False
418,13,15,2,2025-07-16,2025-08-13,Closed Lost,15000.0,False
419,60,20,1,2025-09-07,2025-11-24,Closed Lost,3500.0,False
420,7,6,3,2025-04-18,,Qualified,13700.0,False
421,57,10,2,2026-02-05,2026-05-29,Closed Lost,6700.0,False
422,36,7,3,2024-11-12,,Qualified,7400.0,False
423,45,17,3,2025-08-20,2025-09-02,Closed Lost,8100.0,False
424,20,18,2,2026-01-09,2026-03-07,Closed Lost,11500.0,False
425,65,17,3,2025-03-12,,Qualified,5200.0,False
426,8,9,1,2026-01-08,2026-01-23,Closed Lost,5800.0,False
427,16,10,1,2024-09-28,2024-12-25,Closed Lost,10400.0,False
428,14,10,3,2025-09-28,,Proposal,3500.0,False
429,76,7,2,2025-02-14,,Negotiation,8000.0,False
430,87,16,3,2026-02-18,2026-07-26,Closed Lost,5400.0,False
431,15,18,1,2025-12-02,2025-12-18,Closed Lost,4900.0,False
432,92,6,3,2025-03-11,2025-05-29,Closed Won,3600.0,True
433,98,20,3,2026-02-13,,Proposal,11900.0,False
434,66,1,1,2026-02-20,2026-08-08,Closed Lost,8800.0,False
435,32,1,3,2025-09-20,2025-12-22,Closed Lost,5800.0,False
436,87,12,3,2024-10-03,2025-01-28,Closed Lost,7500.0,False
437,63,2,2,2025-09-19,,Qualified,4700.0,False
438,86,4,2,2025-11-06,,Negotiation,6200.0,False
439,51,17,1,2026-01-10,,Proposal,7300.0,False
440,25,4,1,2025-07-08,2025-10-22,Closed Lost,8400.0,False
441,58,11,1,2025-03-25,,Negotiation,9900.0,False
442,63,4,2,2024-11-01,2025-01-15,Closed Won,3300.0,True
443,62,1,1,2025-04-15,2025-06-05,Closed Lost,9900.0,False
444,22,7,1,2025-05-30,,Qualified,3400.0,False
445,58,18,1,2025-01-31,2025-03-17,Closed Won,10100.0,True
446,58,9,2,2025-03-01,2025-06-17,Closed Lost,7300.0,False
447,86,3,3,2024-08-31,,Proposal,14000.0,False
448,49,8,1,2024-10-21,2025-02-11,Closed Lost,5800.0,False
449,52,19,3,2025-04-04,2025-05-19,Closed Lost,12000.0,False
450,42,4,1,2025-06-05,2025-10-07,Closed Lost,4500.0,False
451,70,18,3,2025-02-07,2025-07-12,Closed Won,8500.0,True
452,15,20,2,2024-10-23,,Proposal,2900.0,False
453,54,11,2,2025-08-06,2025-11-02,Closed Lost,12600.0,False
454,60,14,1,2025-11-07,,Negotiation,19200.0,False
455,97,18,3,2024-09-05,2024-12-30,Closed Won,5700.0,True
456,8,16,2,2025-02-02,2025-02-20,Closed Lost,8600.0,False
457,53,3,1,2025-10-16,2026-04-05,Closed Lost,10100.0,False
458,60,15,1,2026-01-24,,Negotiation,3700.0,False
459,5,4,2,2026-02-21,2026-04-06,Closed Won,5600.0,True
460,68,5,2,2024-09-19,,Qualified,5400.0,False
461,6,17,1,2025-11-11,2025-11-24,Closed Lost,27000.0,False
462,96,7,3,2025-03-18,,Negotiation,13700.0,False
463,94,16,3,2025-12-05,,Qualified,7300.0,False
464,47,14,3,2024-12-04,,Negotiation,12000.0,False
465,99,16,1,2025-10-22,,Qualified,9000.0,False
466,55,7,2,2024-12-01,2025-01-20,Closed Lost,10900.0,False
467,40,9,1,2026-02-14,,Proposal,4800.0,False
468,52,4,2,2026-01-26,2026-07-22,Closed Won,16100.0,True
469,16,11,3,2024-12-06,2025-02-27,Closed Lost,5500.0,False
470,13,2,3,2025-05-26,2025-07-19,Closed Won,5700.0,True
471,30,12,2,2024-10-26,2025-01-22,Closed Lost,10900.0,False
472,19,12,2,2025-02-26,2025-07-09,Closed Lost,9600.0,False
473,17,4,1,2025-07-05,2025-10-03,Closed Lost,8200.0,False
474,63,18,3,2025-01-07,2025-01-23,Closed Lost,12300.0,False
475,19,7,1,2025-07-31,2025-09-04,Closed Lost,4500.0,False
476,92,1,1,2024-12-05,2025-01-28,Closed Lost,20400.0,False
477,58,13,1,2026-02-19,,Qualified,6300.0,False
478,55,6,3,2025-09-06,,Proposal,7800.0,False
479,90,6,1,2024-12-10,,Qualified,20500.0,False
480,90,12,1,2026-02-18,2026-04-12,Closed Won,5700.0,True
481,62,8,1,2025-08-11,2025-11-28,Closed Won,13500.0,True
482,23,19,1,2025-07-05,,Negotiation,7300.0,False
483,9,5,1,2025-05-15,,Proposal,5300.0,False
484,12,18,1,2024-10-26,,Negotiation,6700.0,False
485,1,5,3,2025-07-21,2025-10-12,Closed Lost,10800.0,False
486,58,10,1,2026-01-17,2026-03-08,Closed Won,13500.0,True
487,1,1,2,2025-01-02,,Negotiation,9100.0,False
488,34,10,1,2026-02-13,2026-02-21,Closed Lost,3600.0,False
489,96,5,1,2026-02-08,2026-05-26,Closed Lost,11100.0,False
490,48,12,3,2025-12-31,,Qualified,7500.0,False
491,89,7,3,2025-08-26,,Negotiation,4700.0,False
492,1,9,2,2024-11-29,2025-01-08,Closed Lost,9600.0,False
493,16,12,2,2025-07-05,2025-09-07,Closed Won,14300.0,True
494,61,1,3,2024-12-23,,Proposal,8100.0,False
495,64,11,3,2025-07-08,2025-08-18,Closed Won,12900.0,True
496,63,15,1,2025-12-30,,Negotiation,10200.0,False
497,69,2,3,2025-11-22,,Negotiation,10300.0,False
498,22,20,2,2026-01-26,,Qualified,7000.0,False
499,93,7,1,2026-01-24,,Negotiation,12200.0,False
500,67,12,2,2025-07-03,2025-09-20,Closed Lost,12800.0,False
501,76,18,1,2026-02-15,2026-05-10,Closed Lost,12000.0,False
502,26,3,3,2025-12-14,2025-12-29,Closed Lost,6900.0,False
503,16,7,2,2024-09-11,2024-11-04,Closed Won,13300.0,True
504,51,11,1,2024-12-30,2025-03-13,Closed Won,9800.0,True
505,86,18,1,2025-06-11,2025-11-28,Closed Lost,5000.0,False
506,57,12,3,2025-01-01,,Qualified,6700.0,False
507,29,6,3,2025-08-13,2026-02-07,Closed Lost,6200.0,False
508,78,5,3,2024-10-15,2025-03-03,Closed Lost,3000.0,False
509,92,1,2,2025-09-13,2026-01-16,Closed Won,13400.0,True
510,69,12,1,2025-05-14,2025-08-14,Closed Lost,38200.0,False
511,47,11,3,2025-03-25,2025-07-15,Closed Lost,14800.0,False
512,94,4,2,2025-11-25,2026-02-15,Closed Lost,8800.0,False
513,62,18,2,2025-11-23,2026-01-08,Closed Lost,6300.0,False
514,69,4,2,2024-10-04,,Negotiation,5100.0,False
515,76,17,3,2025-05-27,,Proposal,8700.0,False
516,16,2,3,2024-12-30,,Negotiation,13100.0,False
517,90,2,1,2025-08-07,2026-01-06,Closed Won,5800.0,True
518,90,12,1,2026-02-17,2026-03-25,Closed Lost,29200.0,False
519,48,6,3,2024-12-06,2025-04-17,Closed Won,4100.0,True
520,85,10,2,2024-08-23,2024-11-03,Closed Lost,9100.0,False
521,39,16,2,2025-10-28,2025-11-08,Closed Lost,8400.0,False
522,100,14,2,2025-06-24,2025-10-01,Closed Lost,8100.0,False
523,33,7,1,2026-01-31,,Proposal,6100.0,False
524,94,19,2,2024-10-14,2025-04-08,Closed Lost,8400.0,False
525,23,17,1,2026-01-24,2026-05-04,Closed Lost,6500.0,False
526,10,9,1,2025-07-18,2025-11-07,Closed Lost,15400.0,False
527,69,13,2,2025-07-13,2025-11-29,Closed Lost,18200.0,False
528,100,5,2,2024-12-14,,Negotiation,6700.0,False
529,34,5,3,2025-01-16,2025-03-21,Closed Won,3600.0,True
530,52,10,3,2025-02-04,2025-04-30,Closed Lost,9500.0,False
531,95,10,2,2025-09-05,2025-09-19,Closed Won,9300.0,True
532,10,7,1,2025-01-08,2025-06-22,Closed Lost,8500.0,False
533,19,15,1,2025-06-17,2025-07-05,Closed Lost,10600.0,False
534,58,7,1,2025-05-25,,Qualified,16200.0,False
535,96,15,1,2025-02-16,,Proposal,12300.0,False
536,1,3,1,2025-08-11,,Negotiation,10600.0,False
537,69,19,3,2025-01-23,2025-03-03,Closed Lost,11800.0,False
538,4,10,2,2025-03-11,2025-08-18,Closed Lost,9200.0,False
539,16,15,3,2024-12-15,2025-03-31,Closed Lost,5100.0,False
540,24,3,1,2024-10-29,,Proposal,16700.0,False
541,80,6,1,2025-11-10,,Qualified,8500.0,False
542,2,12,1,2025-11-10,,Negotiation,5000.0,False
543,92,15,1,2025-07-14,2025-11-26,Closed Won,4600.0,True
544,32,6,2,2025-08-16,2025-09-02,Closed Lost,5100.0,False
545,91,13,1,2025-01-14,2025-03-16,Closed Lost,4400.0,False
546,84,19,2,2025-05-24,2025-06-01,Closed Lost,11300.0,False
547,24,3,1,2026-01-13,2026-03-25,Closed Won,7400.0,True
548,12,8,2,2025-02-17,2025-08-14,Closed Won,11900.0,True
549,50,8,3,2025-12-12,,Qualified,14500.0,False
550,35,20,1,2025-10-10,2026-03-15,Closed Lost,12800.0,False
551,33,15,2,2025-01-22,2025-05-14,Closed Won,11100.0,True
552,33,4,3,2024-12-04,2025-05-05,Closed Lost,9400.0,False
553,61,19,1,2024-11-05,2024-12-11,Closed Won,7400.0,True
554,51,3,1,2024-12-28,,Negotiation,7600.0,False
555,43,13,1,2025-08-02,2025-10-09,Closed Won,10900.0,True
556,12,8,2,2026-02-04,2026-05-06,Closed Lost,5000.0,False
557,67,16,2,2025-01-28,,Negotiation,7900.0,False
558,65,13,3,2026-02-11,2026-04-25,Closed Lost,5600.0,False
559,33,3,2,2025-10-22,2025-12-08,Closed Won,14600.0,True
560,40,16,2,2024-09-14,,Qualified,11600.0,False
561,74,9,1,2024-10-08,,Negotiation,23600.0,False
562,43,14,1,2026-01-29,2026-04-03,Closed Won,5500.0,True
563,44,13,1,2025-01-13,2025-03-20,Closed Lost,5900.0,False
564,29,7,1,2025-10-15,2026-01-17,Closed Lost,8300.0,False
565,13,15,1,2024-11-15,,Negotiation,5600.0,False
566,12,7,1,2025-10-12,2025-12-25,Closed Won,10600.0,True
567,95,6,1,2025-12-17,,Qualified,7900.0,False
568,46,2,3,2025-11-21,,Qualified,6300.0,False
569,2,9,3,2025-06-15,,Proposal,14000.0,False
570,35,17,3,2024-12-12,2025-04-06,Closed Lost,3200.0,False
571,87,5,3,2025-04-09,2025-06-28,Closed Won,10600.0,True
572,81,12,1,2024-11-26,2025-02-06,Closed Won,6200.0,True
573,90,1,3,2025-09-04,,Negotiation,12200.0,False
574,8,10,1,2025-01-25,2025-02-06,Closed Lost,13700.0,False
575,93,11,3,2025-10-17,2026-02-12,Closed Lost,2600.0,False
576,26,16,2,2024-12-05,2024-12-29,Closed Lost,7300.0,False
577,74,14,3,2025-07-18,2025-10-13,Closed Lost,8300.0,False
578,90,8,3,2025-11-04,2026-02-20,Closed Lost,2500.0,False
579,34,17,1,2025-01-01,2025-04-27,Closed Won,9100.0,True
580,7,18,3,2025-09-08,2025-10-14,Closed Lost,6200.0,False
581,68,12,2,2025-01-07,2025-05-15,Closed Lost,4400.0,False
582,58,17,1,2025-05-19,2025-10-21,Closed Lost,5900.0,False
583,75,14,1,2026-02-23,,Negotiation,5400.0,False
584,29,16,3,2025-09-22,,Proposal,6100.0,False
585,36,14,1,2025-11-29,2026-04-04,Closed Lost,8900.0,False
586,89,9,1,2025-11-15,2026-03-08,Closed Won,13200.0,True
587,21,4,1,2025-07-19,,Qualified,7800.0,False
588,36,11,1,2025-05-02,2025-07-23,Closed Lost,14100.0,False
589,10,6,1,2025-06-03,2025-06-18,Closed Lost,4800.0,False
590,73,15,1,2025-05-23,2025-07-07,Closed Lost,8700.0,False
591,24,5,2,2024-09-11,2024-10-11,Closed Lost,23200.0,False
592,64,11,3,2025-04-18,2025-08-27,Closed Lost,3700.0,False
593,99,18,2,2025-05-19,,Proposal,3600.0,False
594,49,13,1,2025-10-14,,Negotiation,15400.0,False
595,99,11,1,2025-06-28,2025-09-03,Closed Lost,9000.0,False
596,36,14,3,2024-09-22,2025-03-16,Closed Won,6000.0,True
597,82,18,2,2024-12-04,2025-04-22,Closed Lost,4600.0,False
598,96,19,3,2025-02-24,2025-05-20,Closed Lost,8000.0,False
599,24,15,2,2024-12-28,2025-02-22,Closed Won,8700.0,True
600,23,9,1,2025-03-20,2025-08-05,Closed Lost,8700.0,False
601,62,8,3,2025-10-10,,Negotiation,4600.0,False
602,96,20,3,2025-05-30,2025-07-27,Closed Lost,6800.0,False
603,37,1,1,2025-05-02,,Negotiation,6100.0,False
604,12,4,3,2024-09-10,2025-03-02,Closed Won,11200.0,True
605,55,14,2,2025-01-05,2025-01-19,Closed Lost,4700.0,False
606,13,2,2,2025-04-02,2025-07-30,Closed Won,8400.0,True
607,23,16,2,2024-08-25,2024-10-15,Closed Lost,30200.0,False
608,89,3,2,2025-04-15,,Proposal,4600.0,False
609,99,8,1,2025-11-30,2026-01-03,Closed Won,5600.0,True
610,30,6,3,2025-04-07,2025-08-10,Closed Lost,7700.0,False
611,17,16,2,2026-01-03,2026-04-26,Closed Lost,1900.0,False
612,62,16,1,2026-01-25,2026-02-27,Closed Lost,4000.0,False
613,84,7,3,2025-01-08,2025-06-25,Closed Lost,9500.0,False
614,89,13,3,2025-05-25,2025-08-20,Closed Lost,7400.0,False
615,86,13,1,2025-06-09,,Proposal,13700.0,False
616,13,5,1,2024-10-14,,Qualified,7200.0,False
617,59,20,2,2024-12-10,2025-02-16,Closed Won,6900.0,True
618,19,18,3,2024-08-26,2025-02-14,Closed Lost,5700.0,False
619,49,15,3,2024-10-08,2024-11-09,Closed Lost,6800.0,False
620,100,18,1,2024-11-24,2025-03-31,Closed Lost,4400.0,False
621,12,2,3,2025-03-23,,Proposal,7500.0,False
622,61,10,2,2025-11-01,,Qualified,5000.0,False
623,19,13,3,2026-01-12,2026-05-22,Closed Lost,4400.0,False
624,76,18,1,2025-03-15,2025-04-11,Closed Won,5900.0,True
625,9,15,1,2025-09-07,,Negotiation,10200.0,False
626,71,12,2,2024-11-03,,Qualified,8700.0,False
627,28,15,2,2026-01-20,2026-05-27,Closed Lost,11300.0,False
628,78,13,3,2024-11-06,2024-11-25,Closed Won,5100.0,True
629,95,18,3,2024-11-07,2025-03-24,Closed Lost,8000.0,False
630,52,15,1,2025-10-06,,Negotiation,19000.0,False
631,83,11,2,2024-12-06,2025-05-24,Closed Lost,16300.0,False
632,16,19,2,2025-12-11,,Negotiation,4300.0,False
633,69,3,2,2025-05-24,2025-10-19,Closed Lost,4900.0,False
634,99,7,3,2024-11-18,2025-02-13,Closed Lost,18900.0,False
635,12,14,2,2024-11-07,2025-03-16,Closed Won,10200.0,True
636,25,14,1,2024-11-07,,Qualified,7400.0,False
637,52,13,1,2025-11-07,2026-05-05,Closed Lost,7000.0,False
638,85,12,3,2026-02-13,,Negotiation,9100.0,False
639,100,9,3,2025-04-24,2025-07-03,Closed Won,9100.0,True
640,53,1,2,2025-09-08,,Proposal,6200.0,False
641,23,19,3,2025-01-11,,Proposal,7500.0,False
642,16,11,1,2025-08-25,2025-11-05,Closed Lost,6100.0,False
643,57,19,2,2024-11-14,,Proposal,8800.0,False
644,39,18,1,2025-01-12,2025-03-04,Closed Won,5600.0,True
645,53,12,2,2025-08-09,2025-11-10,Closed Lost,4300.0,False
646,42,1,3,2026-02-18,2026-05-02,Closed Won,16900.0,True
647,58,19,2,2025-01-21,,Proposal,7800.0,False
648,39,20,2,2025-01-27,,Qualified,18900.0,False
649,14,17,1,2025-11-11,2026-05-06,Closed Won,3100.0,True
650,95,5,1,2025-06-21,,Proposal,3900.0,False
651,5,3,2,2025-11-15,2026-05-03,Closed Lost,10200.0,False
652,35,2,3,2025-04-03,,Qualified,7800.0,False
653,87,3,3,2024-10-04,2025-01-06,Closed Lost,4500.0,False
654,93,8,1,2025-05-13,2025-06-05,Closed Won,14300.0,True
655,75,16,3,2024-08-25,2024-10-10,Closed Lost,5200.0,False
656,18,6,1,2025-05-17,2025-11-11,Closed Won,14800.0,True
657,76,13,3,2024-09-07,2025-02-11,Closed Lost,7800.0,False
658,9,16,2,2025-07-22,2025-08-03,Closed Won,4700.0,True
659,74,16,1,2025-11-29,2026-05-03,Closed Lost,5800.0,False
660,58,3,1,2024-10-20,,Negotiation,16100.0,False
661,17,13,2,2025-02-15,2025-06-21,Closed Lost,7000.0,False
662,7,14,1,2024-10-24,,Qualified,13200.0,False
663,46,8,3,2025-06-25,2025-10-22,Closed Lost,16300.0,False
664,13,12,3,2025-04-25,2025-05-30,Closed Lost,7800.0,False
665,40,8,1,2025-06-07,2025-06-20,Closed Lost,7200.0,False
666,42,9,3,2025-07-20,,Negotiation,6600.0,False
667,9,1,1,2026-01-31,,Negotiation,9700.0,False
668,50,6,2,2025-05-04,2025-06-02,Closed Lost,17200.0,False
669,27,19,1,2026-01-14,2026-04-27,Closed Lost,4400.0,False
670,66,11,2,2025-11-28,2026-04-19,Closed Lost,9000.0,False
671,5,11,3,2025-03-09,2025-05-30,Closed Won,8800.0,True
672,29,13,2,2025-05-20,,Negotiation,3300.0,False
673,37,11,3,2024-10-25,2025-02-25,Closed Lost,5200.0,False
674,38,18,1,2025-04-09,2025-05-09,Closed Lost,5800.0,False
675,83,15,3,2025-04-28,,Negotiation,11900.0,False
676,8,1,1,2025-04-25,,Negotiation,13000.0,False
677,65,7,1,2025-01-26,2025-02-07,Closed Won,3200.0,True
678,86,13,2,2024-11-18,2024-12-15,Closed Won,11200.0,True
679,17,12,2,2025-07-01,2025-09-18,Closed Lost,10500.0,False
680,71,18,2,2024-10-27,2025-01-15,Closed Lost,10800.0,False
681,89,19,2,2024-09-11,2024-10-23,Closed Won,8700.0,True
682,45,15,3,2024-09-24,,Negotiation,13000.0,False
683,4,8,3,2024-11-03,,Negotiation,14600.0,False
684,36,19,3,2025-07-31,2026-01-26,Closed Lost,3600.0,False
685,70,10,1,2025-01-02,2025-02-21,Closed Lost,7900.0,False
686,31,7,3,2024-10-16,2025-01-21,Closed Lost,7100.0,False
687,19,18,3,2024-10-22,2025-04-07,Closed Won,6100.0,True
688,61,16,3,2026-01-24,2026-03-31,Closed Lost,6500.0,False
689,54,20,2,2025-05-21,2025-08-28,Closed Won,8900.0,True
690,39,6,3,2025-04-25,2025-07-23,Closed Lost,4200.0,False
691,91,9,1,2025-02-14,2025-05-14,Closed Won,11300.0,True
692,74,13,2,2025-07-05,2025-09-26,Closed Lost,6700.0,False
693,90,8,1,2024-12-31,2025-02-01,Closed Lost,12500.0,False
694,19,16,3,2024-12-02,2024-12-29,Closed Lost,5900.0,False
695,39,13,2,2025-06-28,2025-11-01,Closed Lost,5800.0,False
696,67,13,1,2025-06-10,2025-10-24,Closed Lost,5100.0,False
697,45,17,3,2025-12-30,2026-04-23,Closed Lost,6000.0,False
698,13,20,1,2025-08-18,2026-01-29,Closed Lost,5400.0,False
699,92,5,1,2025-07-26,,Qualified,10100.0,False
700,58,17,1,2024-09-01,2024-11-17,Closed Lost,13700.0,False
701,20,9,3,2024-10-10,2025-03-13,Closed Lost,9800.0,False
702,92,2,3,2025-12-22,2026-02-16,Closed Won,7800.0,True
703,72,18,1,2025-07-09,2025-10-18,Closed Won,10300.0,True
704,61,9,2,2025-01-02,,Negotiation,8000.0,False
705,39,6,2,2024-11-13,,Qualified,8200.0,False
706,1,11,3,2024-10-18,2025-01-13,Closed Lost,7000.0,False
707,3,6,3,2025-09-02,2026-01-18,Closed Lost,12300.0,False
708,77,6,3,2025-08-06,2026-01-01,Closed Lost,2200.0,False
709,92,13,3,2025-05-20,2025-06-15,Closed Lost,2800.0,False
710,62,11,3,2025-12-18,2026-04-27,Closed Won,13500.0,True
711,63,14,2,2024-12-11,2024-12-30,Closed Won,7300.0,True
712,25,2,3,2024-11-06,2024-11-15,Closed Won,12800.0,True
713,56,8,1,2025-01-27,2025-06-13,Closed Won,6000.0,True
714,33,3,1,2026-02-05,,Qualified,18700.0,False
715,38,3,2,2025-07-17,2025-10-21,Closed Won,7600.0,True
716,6,1,1,2024-12-22,2025-05-29,Closed Won,10100.0,True
717,58,19,2,2024-10-02,2024-11-12,Closed Lost,6500.0,False
718,44,18,2,2025-02-05,2025-02-25,Closed Lost,5200.0,False
719,45,17,1,2024-09-14,,Proposal,3400.0,False
720,32,20,3,2025-05-28,2025-07-23,Closed Lost,12000.0,False
721,45,13,1,2025-12-04,,Proposal,9900.0,False
722,61,3,1,2025-09-26,2026-03-05,Closed Won,8500.0,True
723,47,1,2,2024-08-31,,Proposal,4600.0,False
724,21,4,1,2024-09-04,,Negotiation,16400.0,False
725,80,13,2,2024-10-13,2025-04-01,Closed Won,8500.0,True
726,85,17,3,2025-03-19,2025-05-15,Closed Lost,11500.0,False
727,75,11,3,2026-02-23,,Qualified,8100.0,False
728,36,2,3,2025-09-28,2026-01-16,Closed Lost,4700.0,False
729,99,16,1,2025-03-01,2025-08-15,Closed Lost,13300.0,False
730,19,2,2,2024-10-12,2025-03-02,Closed Won,10200.0,True
731,20,19,3,2025-09-19,2026-01-20,Closed Lost,7400.0,False
732,57,19,2,2025-06-18,2025-10-18,Closed Lost,10100.0,False
733,18,16,2,2025-03-06,2025-05-03,Closed Won,12200.0,True
734,47,19,3,2025-10-13,2026-02-16,Closed Lost,11300.0,False
735,49,9,3,2025-10-16,2026-03-10,Closed Won,3400.0,True
736,14,1,2,2026-01-26,,Qualified,3800.0,False
737,15,10,3,2025-08-13,2026-01-08,Closed Lost,11700.0,False
738,31,19,2,2025-01-17,,Negotiation,5700.0,False
739,1,1,2,2025-08-22,,Qualified,4800.0,False
740,54,2,3,2025-08-21,,Proposal,9800.0,False
741,3,16,1,2025-09-28,,Qualified,4700.0,False
742,16,12,3,2025-12-27,,Proposal,6400.0,False
743,87,8,1,2025-04-08,,Negotiation,12400.0,False
744,57,18,2,2026-02-10,2026-03-06,Closed Lost,3800.0,False
745,75,2,2,2025-05-17,2025-08-17,Closed Won,4100.0,True
746,12,13,1,2025-10-01,,Qualified,3600.0,False
747,74,6,2,2024-09-02,2025-01-31,Closed Won,5300.0,True
748,96,6,1,2025-07-08,,Proposal,8400.0,False
749,16,9,1,2024-12-26,,Negotiation,5900.0,False
750,72,16,2,2025-06-24,2025-11-18,Closed Won,17200.0,True
751,76,11,1,2026-01-15,,Negotiation,10200.0,False
752,24,7,3,2024-11-19,2024-12-01,Closed Lost,8000.0,False
753,28,10,3,2025-08-12,2025-11-11,Closed Lost,15300.0,False
754,8,10,2,2025-08-09,2025-10-05,Closed Lost,4200.0,False
755,92,20,2,2024-09-05,2024-10-17,Closed Won,12500.0,True
756,36,18,1,2025-05-06,2025-07-22,Closed Won,7200.0,True
757,90,20,1,2025-03-19,2025-07-03,Closed Won,6500.0,True
758,8,9,1,2025-05-30,2025-06-30,Closed Lost,11000.0,False
759,58,15,1,2025-11-08,,Qualified,6600.0,False
760,60,4,3,2025-09-15,2025-11-04,Closed Lost,8900.0,False
761,50,8,3,2025-12-18,2026-01-07,Closed Won,7700.0,True
762,28,9,2,2025-01-16,2025-02-20,Closed Lost,9400.0,False
763,92,13,1,2025-05-28,,Negotiation,6300.0,False
764,41,9,1,2026-01-25,,Qualified,12900.0,False
765,100,4,2,2025-10-30,2025-11-10,Closed Lost,2900.0,False
766,64,17,1,2025-01-13,2025-05-09,Closed Lost,11200.0,False
767,27,16,1,2025-06-07,,Qualified,3100.0,False
768,63,15,1,2025-09-12,2025-12-15,Closed Lost,5600.0,False
769,17,3,1,2024-09-05,2024-11-07,Closed Lost,10500.0,False
770,73,20,1,2025-05-06,2025-06-07,Closed Won,3000.0,True
771,33,5,2,2025-08-03,2025-08-15,Closed Lost,8800.0,False
772,84,5,1,2025-08-02,,Negotiation,4100.0,False
773,77,20,2,2025-09-26,2025-12-01,Closed Lost,5000.0,False
774,92,15,1,2025-03-17,2025-07-01,Closed Lost,4900.0,False
775,29,18,3,2025-02-10,2025-02-28,Closed Lost,4100.0,False
776,13,15,3,2025-11-29,,Negotiation,3400.0,False
777,46,2,3,2025-05-19,,Qualified,22800.0,False
778,35,13,3,2025-03-31,,Negotiation,7400.0,False
779,6,4,2,2025-01-21,2025-06-10,Closed Won,4400.0,True
780,82,10,2,2025-02-21,2025-03-18,Closed Won,6100.0,True
781,69,13,1,2025-09-25,,Negotiation,8300.0,False
782,47,10,3,2024-11-02,2025-01-27,Closed Lost,6700.0,False
783,25,9,2,2025-10-14,,Negotiation,4300.0,False
784,66,8,1,2025-06-01,2025-08-19,Closed Won,5200.0,True
785,10,3,1,2024-11-04,2025-03-21,Closed Lost,14700.0,False
786,56,16,2,2025-08-12,2025-12-22,Closed Lost,4000.0,False
787,30,14,3,2026-01-01,,Proposal,3000.0,False
788,5,9,1,2025-07-16,,Negotiation,6700.0,False
789,33,11,3,2026-02-08,2026-04-23,Closed Won,3100.0,True
790,65,3,3,2025-11-12,2026-05-09,Closed Lost,5100.0,False
791,18,5,3,2025-08-30,,Proposal,4300.0,False
792,96,10,1,2025-08-19,2025-10-06,Closed Won,4400.0,True
793,49,13,3,2024-11-23,,Proposal,8400.0,False
794,11,4,1,2025-07-09,2025-10-01,Closed Lost,9200.0,False
795,85,13,3,2025-07-12,2025-11-22,Closed Lost,5400.0,False
796,26,12,1,2025-09-10,2025-12-30,Closed Lost,7700.0,False
797,63,5,3,2025-08-03,2025-10-24,Closed Lost,5300.0,False
798,89,10,2,2024-12-03,2025-05-23,Closed Lost,9900.0,False
799,86,9,3,2025-03-25,2025-08-10,Closed Lost,3900.0,False
800,59,20,3,2025-03-02,2025-07-16,Closed Lost,8800.0,False
801,27,7,1,2025-03-04,2025-07-10,Closed Lost,9100.0,False
802,49,2,1,2025-09-06,2025-10-26,Closed Won,26100.0,True
803,77,7,3,2025-09-29,,Proposal,3400.0,False
804,33,8,2,2024-09-02,2024-11-09,Closed Lost,30600.0,False
805,98,7,2,2025-02-25,2025-03-04,Closed Lost,11800.0,False
806,99,14,1,2024-09-06,2024-09-29,Closed Lost,20200.0,False
807,1,19,2,2025-06-15,2025-07-07,Closed Won,12700.0,True
808,21,5,3,2025-10-07,,Proposal,5100.0,False
809,55,18,1,2024-10-13,2024-12-17,Closed Lost,11300.0,False
810,6,20,3,2024-09-19,,Qualified,5800.0,False
811,92,12,1,2024-09-08,2025-01-29,Closed Lost,7800.0,False
812,81,17,1,2025-08-08,2026-01-01,Closed Lost,4500.0,False
813,69,13,1,2025-10-24,2026-02-26,Closed Lost,5800.0,False
814,95,2,1,2025-04-08,,Proposal,12700.0,False
815,5,13,2,2025-03-20,,Qualified,10100.0,False
816,3,7,3,2025-10-27,2026-01-07,Closed Lost,13500.0,False
817,53,10,3,2025-06-12,,Proposal,4000.0,False
818,23,6,3,2024-12-04,2024-12-21,Closed Won,3200.0,True
819,53,3,1,2025-03-14,,Qualified,14100.0,False
820,37,3,2,2024-10-14,2025-03-03,Closed Won,13500.0,True
821,74,18,3,2025-09-01,2026-02-02,Closed Lost,9000.0,False
822,74,11,2,2024-10-15,2025-04-06,Closed Won,10000.0,True
823,83,20,1,2025-05-25,,Negotiation,12500.0,False
824,17,5,3,2025-07-23,,Proposal,8900.0,False
825,85,19,2,2024-09-22,,Negotiation,10600.0,False
826,78,19,1,2025-01-04,,Qualified,12200.0,False
827,73,15,2,2024-10-19,2024-11-28,Closed Lost,7700.0,False
828,1,16,3,2024-12-05,,Qualified,6800.0,False
829,51,9,3,2025-05-15,,Proposal,9800.0,False
830,45,4,1,2026-01-26,2026-06-01,Closed Won,25100.0,True
831,77,15,1,2025-12-31,2026-06-02,Closed Won,5300.0,True
832,4,12,1,2025-05-02,2025-07-18,Closed Lost,6500.0,False
833,62,3,2,2025-06-13,,Qualified,3400.0,False
834,65,14,2,2025-01-27,,Proposal,10100.0,False
835,32,17,2,2026-02-22,,Negotiation,6200.0,False
836,34,19,1,2024-10-28,,Qualified,4000.0,False
837,92,6,3,2025-06-17,,Qualified,7800.0,False
838,95,4,3,2025-11-28,,Qualified,17100.0,False
839,72,7,2,2024-12-01,,Proposal,6800.0,False
840,39,19,2,2024-10-17,2025-04-06,Closed Lost,7100.0,False
841,26,17,3,2025-07-20,2026-01-14,Closed Won,16800.0,True
842,34,16,3,2025-09-19,2026-02-09,Closed Lost,8100.0,False
843,54,15,2,2025-09-07,,Negotiation,4400.0,False
844,3,8,2,2024-11-22,2025-04-25,Closed Won,11400.0,True
845,50,19,3,2025-11-12,2026-03-07,Closed Won,14200.0,True
846,12,8,1,2024-12-09,2025-04-15,Closed Lost,7300.0,False
847,65,18,2,2025-07-05,2025-10-11,Closed Won,8600.0,True
848,54,16,3,2025-02-06,2025-04-03,Closed Won,4200.0,True
849,5,20,3,2025-10-31,2026-04-03,Closed Lost,5200.0,False
850,94,19,3,2025-11-07,2026-02-26,Closed Won,6900.0,True
851,94,10,3,2025-03-28,2025-09-14,Closed Lost,8400.0,False
852,57,17,1,2025-04-01,2025-08-02,Closed Lost,5900.0,False
853,17,13,3,2026-02-01,2026-03-06,Closed Lost,6700.0,False
854,47,13,2,2025-05-27,2025-07-04,Closed Won,7600.0,True
855,23,7,1,2025-12-01,2025-12-08,Closed Won,4900.0,True
856,79,10,3,2024-09-21,2024-10-14,Closed Lost,7100.0,False
857,85,2,1,2025-08-16,2026-01-06,Closed Lost,14400.0,False
858,14,4,2,2025-06-06,,Proposal,6000.0,False
859,66,6,3,2024-11-16,2025-01-06,Closed Lost,5200.0,False
860,75,18,2,2025-04-13,2025-06-24,Closed Lost,23000.0,False
861,51,6,3,2025-07-01,2025-08-08,Closed Lost,9100.0,False
862,38,17,3,2025-08-22,2025-10-12,Closed Won,5500.0,True
863,64,14,3,2025-05-18,2025-06-02,Closed Lost,11200.0,False
864,98,11,3,2024-12-31,2025-02-05,Closed Won,9200.0,True
865,38,19,3,2025-08-08,2025-11-06,Closed Lost,6100.0,False
866,50,2,1,2025-02-18,2025-08-09,Closed Won,7900.0,True
867,98,3,3,2025-12-15,2026-02-19,Closed Lost,7000.0,False
868,82,11,3,2025-02-01,,Proposal,13300.0,False
869,30,6,1,2024-11-26,2024-12-07,Closed Won,11400.0,True
870,79,14,1,2026-01-14,,Proposal,2800.0,False
871,91,19,1,2025-08-22,2026-02-08,Closed Won,21000.0,True
872,51,16,1,2025-08-10,2025-10-20,Closed Lost,7000.0,False
873,63,7,1,2025-11-01,2026-01-24,Closed Won,19200.0,True
874,98,8,1,2024-11-13,,Negotiation,11600.0,False
875,52,19,3,2025-04-04,2025-08-20,Closed Lost,9200.0,False
876,38,20,3,2025-10-08,2026-02-05,Closed Lost,7700.0,False
877,97,16,2,2024-12-18,2025-01-18,Closed Won,32200.0,True
878,88,7,3,2025-12-17,2026-05-07,Closed Lost,7100.0,False
879,79,9,3,2025-03-02,,Negotiation,5800.0,False
880,30,13,1,2024-12-07,2025-01-25,Closed Lost,6100.0,False
881,51,1,1,2025-09-08,2025-11-10,Closed Lost,8100.0,False
882,81,8,3,2025-09-16,2026-03-05,Closed Won,8100.0,True
883,5,4,2,2025-04-23,2025-09-18,Closed Lost,13400.0,False
884,29,3,1,2025-12-03,2026-02-19,Closed Won,11800.0,True
885,4,3,3,2026-02-11,2026-03-16,Closed Won,11800.0,True
886,10,13,3,2025-03-20,2025-08-01,Closed Won,7200.0,True
887,56,8,2,2024-11-03,,Negotiation,11400.0,False
888,17,7,2,2025-06-27,2025-12-15,Closed Lost,12000.0,False
889,74,1,1,2025-02-24,,Qualified,7800.0,False
890,17,16,2,2025-05-02,2025-10-08,Closed Won,9300.0,True
891,84,6,3,2024-09-04,2024-11-16,Closed Lost,12000.0,False
892,88,7,3,2025-06-17,2025-09-21,Closed Lost,9000.0,False
893,69,12,2,2024-11-06,,Proposal,9400.0,False
894,34,9,2,2024-10-12,2025-02-01,Closed Won,16400.0,True
895,6,11,2,2025-01-18,2025-04-13,Closed Won,9000.0,True
896,53,10,2,2024-12-22,2025-04-03,Closed Won,6000.0,True
897,66,1,1,2025-03-21,,Proposal,4100.0,False
898,77,18,2,2025-05-29,2025-08-17,Closed Won,8600.0,True
899,43,4,1,2026-02-11,2026-06-23,Closed Lost,6900.0,False
900,75,5,3,2025-01-25,2025-02-16,Closed Lost,12100.0,False
901,23,9,2,2025-04-17,,Negotiation,17800.0,False
902,55,17,1,2025-09-02,,Qualified,4800.0,False
903,80,3,2,2024-11-12,2025-03-14,Closed Won,5200.0,True
904,95,16,3,2025-12-27,2026-01-20,Closed Lost,8000.0,False
905,75,5,3,2025-08-13,,Proposal,5400.0,False
906,16,16,3,2025-05-22,,Negotiation,7300.0,False
907,8,3,2,2024-10-05,2025-02-18,Closed Lost,6200.0,False
908,4,20,2,2024-12-23,,Proposal,4900.0,False
909,4,15,1,2025-08-06,2025-10-30,Closed Lost,12200.0,False
910,56,3,3,2025-07-18,2025-11-04,Closed Lost,8400.0,False
911,25,20,2,2025-10-05,,Qualified,20200.0,False
912,67,14,3,2025-07-11,2025-07-22,Closed Lost,9700.0,False
913,96,16,3,2024-12-11,,Qualified,15400.0,False
914,67,17,1,2024-11-19,2024-12-17,Closed Lost,5600.0,False
915,27,20,1,2025-10-29,2026-03-01,Closed Won,5600.0,True
916,93,18,1,2024-11-29,,Negotiation,24600.0,False
917,32,18,1,2026-02-12,2026-03-03,Closed Lost,6000.0,False
918,50,14,3,2025-01-15,2025-03-27,Closed Won,5000.0,True
919,61,18,1,2025-05-06,,Negotiation,4500.0,False
920,51,15,1,2025-02-27,2025-05-30,Closed Lost,21100.0,False
921,19,15,1,2025-04-19,2025-06-28,Closed Won,7100.0,True
922,21,6,1,2026-01-07,,Proposal,9900.0,False
923,5,15,3,2025-05-20,2025-08-14,Closed Lost,8700.0,False
924,82,18,1,2026-01-24,,Qualified,5600.0,False
925,92,4,3,2026-02-23,,Proposal,7000.0,False
926,42,8,2,2024-12-14,2025-04-05,Closed Lost,12400.0,False
927,61,15,3,2025-07-27,2025-10-04,Closed Lost,4400.0,False
928,22,3,3,2025-08-16,,Negotiation,11400.0,False
929,21,15,1,2025-07-22,2025-09-26,Closed Lost,16600.0,False
930,70,13,2,2025-02-07,2025-04-19,Closed Lost,9400.0,False
931,1,9,2,2025-07-27,2025-11-27,Closed Lost,15800.0,False
932,5,2,2,2025-05-10,2025-08-05,Closed Lost,4100.0,False
933,12,8,2,2025-03-09,2025-06-28,Closed Lost,3200.0,False
934,90,20,3,2025-03-21,,Negotiation,9100.0,False
935,46,17,2,2025-06-05,,Proposal,6000.0,False
936,34,13,3,2025-12-07,2026-03-09,Closed Won,12600.0,True
937,49,1,3,2025-12-17,2026-05-26,Closed Lost,6900.0,False
938,78,2,3,2024-09-14,2025-02-07,Closed Won,8700.0,True
939,90,15,2,2024-12-09,2025-02-24,Closed Won,8400.0,True
940,45,12,1,2025-06-14,,Negotiation,8600.0,False
941,27,14,1,2024-08-28,,Negotiation,6200.0,False
942,73,2,2,2026-02-23,,Proposal,4100.0,False
943,26,18,1,2025-03-13,2025-09-01,Closed Lost,7300.0,False
944,47,7,1,2025-07-13,2025-12-15,Closed Won,16700.0,True
945,86,6,3,2025-04-23,2025-09-18,Closed Lost,6000.0,False
946,56,14,3,2025-07-15,2025-11-28,Closed Lost,6000.0,False
947,94,8,2,2024-10-08,2025-02-18,Closed Won,8800.0,True
948,63,2,2,2024-09-04,,Qualified,4500.0,False
949,48,17,1,2025-09-06,,Proposal,13400.0,False
950,61,5,3,2025-08-22,,Negotiation,4700.0,False
951,81,14,2,2025-07-30,,Qualified,7000.0,False
952,26,20,2,2025-03-31,2025-04-12,Closed Lost,28800.0,False
953,36,3,2,2024-11-03,2025-03-15,Closed Lost,4600.0,False
954,1,5,2,2024-10-07,2025-01-24,Closed Lost,16900.0,False
955,8,16,2,2026-01-08,2026-02-20,Closed Won,8600.0,True
956,99,18,2,2025-05-23,2025-10-18,Closed Lost,9200.0,False
957,52,17,1,2025-03-18,,Proposal,5400.0,False
958,79,11,3,2024-12-24,2025-01-07,Closed Won,12100.0,True
959,47,17,3,2024-09-01,2024-11-23,Closed Lost,6700.0,False
960,56,16,2,2025-07-17,2025-12-11,Closed Won,4600.0,True
961,86,2,3,2025-02-25,2025-04-12,Closed Lost,16800.0,False
962,14,4,3,2026-02-16,2026-06-09,Closed Lost,6700.0,False
963,90,7,3,2024-10-21,2025-01-27,Closed Won,3200.0,True
964,28,2,2,2025-11-07,2025-12-01,Closed Lost,7100.0,False
965,87,6,2,2025-03-27,,Negotiation,12100.0,False
966,78,17,3,2024-08-24,2024-11-21,Closed Lost,11200.0,False
967,88,7,3,2026-02-09,2026-07-31,Closed Lost,5900.0,False
968,2,5,2,2025-08-13,2025-09-20,Closed Lost,5000.0,False
969,26,5,1,2025-02-03,,Negotiation,4100.0,False
970,14,20,3,2024-11-21,2024-12-30,Closed Lost,8000.0,False
971,59,16,1,2025-02-05,,Negotiation,8700.0,False
972,56,19,3,2025-03-17,,Proposal,11600.0,False
973,7,9,1,2025-05-31,,Proposal,7500.0,False
974,3,5,1,2024-10-26,2024-12-05,Closed Lost,7400.0,False
975,23,8,1,2026-01-20,2026-05-08,Closed Lost,7000.0,False
976,18,9,2,2025-01-26,2025-06-08,Closed Lost,8700.0,False
977,38,5,1,2025-06-24,2025-09-07,Closed Lost,7600.0,False
978,99,10,1,2025-09-21,2025-11-06,Closed Lost,13000.0,False
979,15,2,1,2024-11-04,,Negotiation,9500.0,False
980,64,9,3,2025-02-25,,Negotiation,8600.0,False
981,89,11,1,2025-07-25,2025-08-31,Closed Lost,7900.0,False
982,28,4,3,2025-04-19,2025-08-19,Closed Lost,5100.0,False
983,74,2,1,2026-02-06,,Proposal,8100.0,False
984,39,6,1,2025-01-10,2025-03-20,Closed Lost,5900.0,False
985,57,14,2,2025-05-14,2025-07-07,Closed Won,9600.0,True
986,17,1,3,2025-01-08,2025-04-11,Closed Won,7300.0,True
987,86,18,1,2025-11-24,,Negotiation,18600.0,False
988,90,7,3,2024-10-31,2025-01-06,Closed Lost,4300.0,False
989,44,1,3,2025-09-11,,Qualified,1700.0,False
990,25,1,2,2025-03-08,2025-05-31,Closed Lost,9300.0,False
991,17,1,2,2025-03-15,2025-04-08,Closed Won,5900.0,True
992,13,4,2,2025-10-27,2026-04-06,Closed Lost,8800.0,False
993,84,4,2,2025-07-13,2025-08-16,Closed Lost,4400.0,False
994,25,18,2,2025-11-07,2026-02-01,Closed Lost,21000.0,False
995,68,11,2,2025-06-06,2025-06-28,Closed Lost,6700.0,False
996,10,1,2,2025-04-05,,Negotiation,5700.0,False
997,67,10,2,2024-10-25,2025-03-17,Closed Lost,20900.0,False
998,18,9,1,2026-01-02,,Proposal,12300.0,False
999,100,4,3,2024-10-21,,Proposal,16200.0,False
1000,86,6,2,2025-09-23,,Negotiation,7400.0,False
1001,34,16,2,2025-05-06,,Negotiation,8300.0,False
1002,8,2,3,2025-04-18,2025-10-05,Closed Won,6000.0,True
1003,40,18,1,2024-09-29,2024-10-14,Closed Won,5700.0,True
1004,83,10,3,2024-09-16,,Qualified,9900.0,False
1005,42,17,3,2025-10-06,,Qualified,6700.0,False
1006,41,13,2,2025-11-26,,Qualified,24600.0,False
1007,6,18,3,2025-10-13,2025-11-20,Closed Won,12300.0,True
1008,52,13,3,2025-08-14,2025-10-16,Closed Lost,20800.0,False
1009,26,17,2,2025-09-09,2025-11-08,Closed Won,2700.0,True
1010,64,5,2,2025-01-27,,Negotiation,20900.0,False
1011,98,11,2,2025-10-29,2026-03-28,Closed Lost,2500.0,False
1012,59,7,2,2024-10-09,2024-12-16,Closed Won,4300.0,True
1013,56,10,3,2025-07-16,2025-10-14,Closed Lost,3400.0,False
1014,59,17,3,2025-10-29,2025-12-30,Closed Lost,9200.0,False
1015,70,15,1,2025-10-27,2025-11-25,Closed Lost,8000.0,False
1016,33,18,1,2024-10-17,,Negotiation,12100.0,False
1017,53,19,3,2025-05-17,,Proposal,7800.0,False
1018,22,2,1,2024-10-30,2025-04-12,Closed Won,15000.0,True
1019,21,4,3,2025-11-14,2026-02-06,Closed Won,5100.0,True
1020,70,3,1,2025-05-06,,Negotiation,15100.0,False
1021,70,7,2,2025-12-25,2026-04-18,Closed Lost,8000.0,False
1022,4,18,1,2024-10-10,,Qualified,26300.0,False
1023,94,10,2,2025-07-04,2025-07-25,Closed Won,12500.0,True
1024,75,7,2,2025-10-09,2026-02-06,Closed Won,7000.0,True
1025,62,8,2,2025-10-30,2025-12-23,Closed Won,8000.0,True
1026,62,6,2,2024-08-24,,Negotiation,4900.0,False
1027,94,1,1,2025-01-14,2025-05-13,Closed Won,9700.0,True
1028,95,4,3,2025-08-23,2026-02-13,Closed Lost,7000.0,False
1029,24,14,2,2025-10-16,2026-01-27,Closed Won,11600.0,True
1030,55,17,1,2025-11-09,2026-02-14,Closed Won,4200.0,True
1031,9,20,2,2025-10-30,2025-11-21,Closed Won,6900.0,True
1032,3,18,1,2024-10-18,2025-03-29,Closed Lost,4500.0,False
1033,31,11,1,2025-02-16,2025-05-31,Closed Won,4700.0,True
1034,40,14,1,2025-06-11,2025-10-06,Closed Lost,11000.0,False
1035,36,9,3,2024-10-07,2024-10-14,Closed Lost,14200.0,False
1036,24,15,1,2025-02-08,2025-03-27,Closed Won,2500.0,True
1037,95,12,1,2025-05-20,2025-07-13,Closed Lost,20600.0,False
1038,6,10,3,2025-10-13,2026-03-27,Closed Won,16400.0,True
1039,66,19,3,2025-01-08,2025-06-27,Closed Lost,4100.0,False
1040,84,19,1,2025-04-26,2025-08-18,Closed Lost,12300.0,False
1041,92,6,3,2025-01-17,2025-07-03,Closed Won,6400.0,True
1042,75,20,2,2025-04-09,2025-09-23,Closed Won,7700.0,True
1043,4,6,2,2025-08-31,2025-12-18,Closed Lost,10900.0,False
1044,79,8,3,2024-11-10,2025-03-24,Closed Lost,10300.0,False
1045,6,1,3,2024-10-26,2025-04-01,Closed Won,6100.0,True
1046,94,17,1,2024-11-18,,Proposal,6100.0,False
1047,51,17,3,2024-11-18,,Negotiation,6300.0,False
1048,62,15,1,2025-03-14,2025-06-08,Closed Won,14300.0,True
1049,57,7,2,2025-09-08,2025-10-23,Closed Lost,3200.0,False
1050,66,19,3,2025-12-11,,Negotiation,7500.0,False
1051,79,3,1,2026-02-12,,Qualified,17800.0,False
1052,75,11,1,2025-03-24,2025-06-19,Closed Won,11500.0,True
1053,8,20,2,2024-11-04,2025-03-30,Closed Lost,13700.0,False
1054,26,19,3,2024-10-22,2025-01-29,Closed Lost,7500.0,False
1055,51,9,2,2026-02-16,2026-03-26,Closed Lost,4500.0,False
1056,45,10,1,2025-03-29,2025-04-28,Closed Won,8300.0,True
1057,44,2,1,2024-09-03,2025-01-03,Closed Won,5700.0,True
1058,5,1,3,2025-10-11,,Negotiation,24700.0,False
1059,70,16,1,2024-09-23,2025-02-24,Closed Won,7500.0,True
1060,26,18,3,2025-01-29,2025-04-24,Closed Lost,11100.0,False
1061,68,17,2,2025-04-16,2025-06-17,Closed Lost,19000.0,False
1062,19,6,3,2025-02-19,2025-04-19,Closed Won,4700.0,True
1063,84,14,3,2025-07-29,2025-10-11,Closed Lost,2600.0,False
1064,97,15,1,2025-11-23,2026-01-02,Closed Lost,10400.0,False
1065,20,14,1,2024-11-10,2024-12-14,Closed Lost,11400.0,False
1066,12,3,3,2025-12-08,2026-02-02,Closed Won,6600.0,True
1067,47,19,1,2024-12-12,,Negotiation,4500.0,False
1068,1,12,1,2025-06-10,2025-10-05,Closed Lost,9500.0,False
1069,90,2,1,2025-09-09,2025-12-18,Closed Lost,8000.0,False
1070,14,3,3,2024-09-08,2025-02-15,Closed Lost,9500.0,False
1071,64,18,1,2025-12-28,2026-02-19,Closed Lost,4600.0,False
1072,38,1,3,2025-07-19,2025-08-20,Closed Lost,9500.0,False
1073,37,20,1,2025-12-21,2026-03-21,Closed Won,12200.0,True
1074,11,6,2,2025-10-02,2026-01-22,Closed Lost,3800.0,False
1075,100,5,1,2024-12-17,2025-03-25,Closed Won,16800.0,True
1076,77,1,1,2024-12-15,,Proposal,9200.0,False
1077,3,19,3,2026-02-22,2026-05-14,Closed Lost,12400.0,False
1078,33,1,3,2026-02-20,2026-06-28,Closed Lost,4300.0,False
1079,6,16,1,2025-07-24,2025-12-28,Closed Lost,11400.0,False
1080,50,12,2,2025-07-24,,Negotiation,3600.0,False
1081,10,8,1,2025-01-16,2025-03-04,Closed Lost,5000.0,False
1082,5,16,1,2024-12-22,2025-02-18,Closed Won,9200.0,True
1083,23,1,2,2024-11-11,,Negotiation,7100.0,False
1084,10,4,3,2025-09-01,2026-02-09,Closed Lost,8200.0,False
1085,44,10,1,2024-10-24,2025-03-13,Closed Lost,21200.0,False
1086,2,11,3,2026-01-08,2026-03-29,Closed Lost,8200.0,False
1087,13,17,3,2025-11-14,,Negotiation,11600.0,False
1088,40,7,2,2025-10-24,,Qualified,7800.0,False
1089,2,12,2,2025-10-23,,Proposal,7700.0,False
1090,84,7,3,2025-10-17,,Proposal,5000.0,False
1091,65,12,1,2025-07-10,,Negotiation,9700.0,False
1092,63,15,3,2025-02-04,2025-06-07,Closed Lost,28800.0,False
1093,73,2,1,2025-11-26,,Proposal,8500.0,False
1094,17,14,1,2025-11-24,2026-01-30,Closed Lost,7100.0,False
1095,9,13,2,2025-02-27,2025-05-13,Closed Lost,14300.0,False
1096,75,4,1,2025-11-29,2026-03-29,Closed Lost,13500.0,False
1097,15,14,1,2025-09-05,2025-11-25,Closed Lost,10100.0,False
1098,24,14,3,2024-08-24,,Negotiation,6900.0,False
1099,38,16,2,2025-08-21,2025-10-25,Closed Lost,14400.0,False
1100,35,7,1,2024-11-02,2025-03-18,Closed Lost,8600.0,False
1101,94,19,1,2025-10-23,2025-11-13,Closed Lost,12800.0,False
1102,95,2,2,2025-02-08,,Proposal,5400.0,False
1103,49,10,3,2025-03-15,2025-09-02,Closed Won,6000.0,True
1104,69,18,2,2025-07-25,2025-12-26,Closed Won,8500.0,True
1105,62,17,2,2025-12-07,2026-03-21,Closed Lost,4400.0,False
1106,60,5,1,2025-03-05,2025-04-15,Closed Lost,6700.0,False
1107,50,12,1,2025-05-24,2025-11-08,Closed Lost,4300.0,False
1108,78,6,3,2024-08-29,2024-10-05,Closed Won,3700.0,True
1109,75,9,1,2025-02-16,,Proposal,27400.0,False
1110,9,20,1,2025-04-21,2025-05-16,Closed Lost,6000.0,False
1111,34,1,2,2025-03-13,2025-04-12,Closed Lost,6200.0,False
1112,76,15,1,2026-02-16,2026-05-17,Closed Lost,8400.0,False
1113,99,6,3,2025-11-27,2026-05-19,Closed Lost,4800.0,False
1114,35,19,2,2024-11-10,2025-02-16,Closed Lost,6300.0,False
1115,1,18,3,2026-01-27,2026-07-19,Closed Won,20300.0,True
1116,40,6,2,2025-10-13,2026-03-13,Closed Won,9700.0,True
1117,64,13,1,2025-09-10,,Negotiation,13300.0,False
1118,22,1,2,2025-09-17,2026-01-19,Closed Lost,17800.0,False
1119,60,13,2,2024-12-26,2025-06-13,Closed Won,9000.0,True
1120,64,7,1,2025-12-29,2026-06-13,Closed Won,7300.0,True
1121,93,15,1,2024-10-08,2024-11-30,Closed Lost,4000.0,False
1122,72,12,3,2025-12-11,2026-03-30,Closed Won,6700.0,True
1123,11,1,3,2025-11-29,2026-04-05,Closed Lost,7500.0,False
1124,14,15,1,2024-12-23,,Negotiation,5400.0,False
1125,60,4,1,2025-12-09,2026-03-19,Closed Won,17500.0,True
1126,30,13,1,2025-01-03,2025-06-03,Closed Lost,14100.0,False
1127,35,5,2,2024-09-14,,Proposal,13300.0,False
1128,85,2,2,2025-04-14,2025-08-09,Closed Won,7600.0,True
1129,37,1,2,2024-10-20,,Qualified,4800.0,False
1130,5,16,1,2025-02-02,2025-06-12,Closed Won,15700.0,True
1131,83,6,3,2025-03-26,2025-04-18,Closed Lost,9600.0,False
1132,78,16,1,2025-02-21,2025-03-13,Closed Won,11900.0,True
1133,26,14,2,2024-11-20,,Proposal,11000.0,False
1134,62,3,2,2025-06-29,,Qualified,9500.0,False
1135,4,15,1,2025-05-06,2025-07-08,Closed Won,22000.0,True
1136,89,3,1,2026-02-06,2026-05-27,Closed Lost,5800.0,False
1137,42,2,2,2026-02-06,2026-03-23,Closed Lost,6900.0,False
1138,89,1,2,2024-10-13,2025-01-23,Closed Lost,18400.0,False
1139,18,9,2,2025-07-26,2025-09-06,Closed Lost,8400.0,False
1140,40,9,1,2025-02-09,2025-06-09,Closed Lost,7600.0,False
1141,72,7,2,2024-10-28,2024-12-10,Closed Lost,7100.0,False
1142,39,3,2,2025-06-18,2025-07-08,Closed Lost,11400.0,False
1143,14,18,3,2025-04-11,2025-09-19,Closed Lost,7200.0,False
1144,32,11,1,2024-10-29,,Qualified,6800.0,False
1145,51,7,3,2026-01-10,,Proposal,11300.0,False
1146,38,9,3,2024-09-19,2025-03-03,Closed Won,8500.0,True
1147,97,1,2,2024-10-12,,Proposal,4900.0,False
1148,23,14,1,2025-05-09,2025-08-25,Closed Won,8200.0,True
1149,63,20,2,2025-02-22,,Negotiation,16300.0,False
1150,15,6,1,2024-09-14,2024-12-12,Closed Lost,11900.0,False
1151,97,7,3,2024-12-29,2025-02-17,Closed Lost,17300.0,False
1152,25,10,1,2025-06-09,,Qualified,5600.0,False
1153,17,7,2,2026-01-05,2026-02-28,Closed Lost,13800.0,False
1154,97,2,2,2025-02-24,,Proposal,5900.0,False
1155,66,4,2,2025-12-14,,Negotiation,4400.0,False
1156,78,17,1,2025-12-27,,Qualified,5400.0,False
1157,53,1,3,2026-01-17,2026-06-04,Closed Lost,8700.0,False
1158,51,10,3,2024-10-28,2024-12-19,Closed Won,13500.0,True
1159,39,19,1,2025-12-02,2026-05-19,Closed Lost,9500.0,False
1160,51,15,2,2025-06-03,,Proposal,7500.0,False
1161,70,10,3,2025-10-13,2025-11-19,Closed Won,4800.0,True
1162,6,19,2,2024-11-30,2025-04-24,Closed Won,11500.0,True
1163,67,12,1,2025-02-27,2025-07-03,Closed Lost,13100.0,False
1164,7,16,2,2025-09-14,2025-11-15,Closed Lost,9400.0,False
1165,51,9,3,2025-04-20,2025-06-03,Closed Lost,4800.0,False
1166,72,15,3,2025-10-13,2025-11-09,Closed Won,12100.0,True
1167,42,17,2,2025-02-14,,Negotiation,15000.0,False
1168,64,14,1,2025-09-13,2025-12-22,Closed Lost,17400.0,False
1169,15,18,2,2025-12-06,,Qualified,6500.0,False
1170,29,2,1,2025-04-12,2025-09-19,Closed Won,10100.0,True
1171,33,4,2,2025-11-17,2026-04-08,Closed Lost,6200.0,False
1172,94,18,3,2025-05-26,2025-06-09,Closed Lost,5100.0,False
1173,27,7,1,2025-04-08,2025-06-25,Closed Lost,17900.0,False
1174,36,13,1,2025-02-09,2025-06-14,Closed Lost,10700.0,False
1175,29,15,1,2025-03-23,,Qualified,15500.0,False
1176,38,1,3,2025-05-31,2025-10-28,Closed Won,4400.0,True
1177,57,11,2,2024-10-02,2025-01-21,Closed Won,9400.0,True
1178,97,10,3,2024-12-22,2025-05-18,Closed Lost,10400.0,False
1179,27,5,1,2025-04-06,,Proposal,5300.0,False
1180,55,16,2,2025-06-12,2025-11-15,Closed Lost,17100.0,False
1181,33,11,3,2025-05-16,2025-10-24,Closed Lost,7200.0,False
1182,68,6,1,2026-02-14,2026-04-25,Closed Lost,10200.0,False
1183,86,9,1,2025-11-16,,Qualified,6200.0,False
1184,66,13,3,2025-11-14,2026-03-09,Closed Lost,4500.0,False
1185,10,8,3,2024-10-22,2024-11-23,Closed Lost,12800.0,False
1186,5,14,3,2026-01-06,2026-04-05,Closed Won,9800.0,True
1187,74,1,1,2025-01-16,,Qualified,9100.0,False
1188,97,17,3,2025-07-22,2025-10-05,Closed Lost,7100.0,False
1189,38,5,1,2025-01-11,,Proposal,9700.0,False
1190,13,2,3,2024-10-05,2024-11-10,Closed Won,15300.0,True
1191,31,9,1,2025-01-13,2025-01-27,Closed Won,5800.0,True
1192,47,4,1,2025-07-21,2025-09-03,Closed Won,10700.0,True
1193,100,17,2,2026-01-01,,Negotiation,9000.0,False
1194,88,17,3,2025-09-22,2026-01-14,Closed Won,7400.0,True
1195,52,18,3,2024-10-16,,Negotiation,3600.0,False
1196,56,16,1,2025-06-25,2025-09-06,Closed Won,8100.0,True
1197,15,8,1,2025-10-19,,Negotiation,11300.0,False
1198,29,11,1,2025-10-13,2026-01-22,Closed Lost,9500.0,False
1199,8,18,2,2025-07-13,2025-09-29,Closed Won,3900.0,True
1200,5,10,2,2024-11-10,2024-12-29,Closed Lost,15100.0,False
1201,29,13,1,2024-09-22,2024-11-13,Closed Lost,18500.0,False
1202,47,17,3,2024-12-12,2025-04-22,Closed Won,7700.0,True
1203,68,18,3,2025-12-07,2026-05-25,Closed Lost,25700.0,False
1204,76,10,2,2024-11-04,2024-12-19,Closed Won,5400.0,True
1205,45,16,2,2025-12-14,2026-02-09,Closed Lost,4300.0,False
1206,2,20,1,2025-09-13,2025-09-23,Closed Lost,4900.0,False
1207,27,5,3,2025-10-29,2026-03-05,Closed Lost,9200.0,False
1208,95,13,1,2025-10-08,2026-01-02,Closed Won,3300.0,True
1209,36,18,2,2025-12-02,2026-02-23,Closed Lost,6900.0,False
1210,36,17,3,2025-04-27,2025-09-13,Closed Won,35100.0,True
1211,26,9,3,2024-12-20,2025-02-19,Closed Lost,3800.0,False
1212,43,14,2,2024-10-28,,Negotiation,6200.0,False
1213,27,17,1,2025-07-15,,Qualified,4800.0,False
1214,69,4,1,2025-12-05,2026-05-24,Closed Lost,7000.0,False
1215,20,18,3,2025-12-28,2026-02-06,Closed Lost,6800.0,False
1216,11,20,2,2025-06-04,2025-10-10,Closed Lost,5800.0,False
1217,74,15,3,2025-06-30,2025-10-23,Closed Won,7500.0,True
1218,38,11,2,2025-06-27,2025-11-06,Closed Lost,11100.0,False
1219,6,12,1,2024-11-27,2025-01-26,Closed Lost,16200.0,False
1220,72,9,2,2024-12-13,2025-05-30,Closed Lost,7000.0,False
1221,23,13,1,2025-11-21,2026-04-21,Closed Lost,8100.0,False
1222,47,15,2,2025-11-28,2026-04-16,Closed Lost,10200.0,False
1223,90,15,3,2025-01-01,2025-04-06,Closed Lost,4400.0,False
1224,46,5,1,2024-12-21,2025-05-22,Closed Won,7500.0,True
1225,12,19,3,2025-03-07,2025-05-05,Closed Lost,6300.0,False
1226,90,20,3,2025-12-17,2026-02-11,Closed Lost,13000.0,False
1227,13,14,1,2024-09-30,,Negotiation,19500.0,False
1228,62,17,1,2026-01-16,,Proposal,5500.0,False
1229,82,18,3,2025-12-09,2026-05-05,Closed Lost,15400.0,False
1230,89,3,3,2025-01-30,2025-02-21,Closed Won,3900.0,True
1231,97,2,3,2025-06-07,2025-06-26,Closed Lost,9000.0,False
1232,60,1,3,2025-03-10,2025-04-05,Closed Lost,9200.0,False
1233,43,10,1,2026-02-01,2026-04-14,Closed Won,3900.0,True
1234,76,19,1,2026-01-07,2026-03-01,Closed Won,5400.0,True
1235,100,17,3,2025-04-27,2025-09-27,Closed Lost,5100.0,False
1236,68,12,2,2025-09-09,2026-03-07,Closed Won,4200.0,True
1237,5,1,2,2025-03-28,,Negotiation,2100.0,False
1238,37,12,1,2024-11-17,,Negotiation,7300.0,False
1239,72,17,3,2024-11-12,2025-01-11,Closed Won,7800.0,True
1240,92,3,3,2024-10-23,2024-11-04,Closed Lost,7700.0,False
1241,31,11,1,2026-01-04,2026-01-24,Closed Lost,11900.0,False
1242,9,17,2,2024-10-03,,Proposal,3100.0,False
1243,51,3,2,2024-09-03,,Negotiation,6700.0,False
1244,29,8,2,2024-12-15,,Qualified,29100.0,False
1245,78,20,1,2025-03-28,2025-04-30,Closed Lost,12600.0,False
1246,40,4,2,2024-12-06,,Negotiation,12700.0,False
1247,41,7,1,2026-02-01,2026-06-18,Closed Lost,4900.0,False
1248,86,14,1,2025-12-07,,Negotiation,7300.0,False
1249,11,14,3,2025-09-13,,Negotiation,2600.0,False
1250,23,4,2,2025-04-05,2025-09-11,Closed Won,10900.0,True
1251,1,16,1,2025-12-16,2026-02-20,Closed Lost,16300.0,False
1252,46,1,2,2025-10-04,,Qualified,3900.0,False
1253,21,17,2,2025-11-22,2025-12-13,Closed Lost,4500.0,False
1254,90,10,3,2024-09-12,2024-12-22,Closed Lost,8000.0,False
1255,36,16,2,2025-03-13,2025-08-08,Closed Lost,8700.0,False
1256,54,16,3,2025-10-13,2026-03-02,Closed Won,6200.0,True
1257,87,8,1,2025-10-12,2026-01-07,Closed Won,5400.0,True
1258,57,7,2,2025-11-13,2025-12-07,Closed Lost,5400.0,False
1259,1,6,1,2026-01-16,2026-02-11,Closed Lost,7900.0,False
1260,63,16,2,2024-11-15,2025-03-16,Closed Lost,10900.0,False
1261,54,20,1,2025-02-05,2025-03-23,Closed Won,7900.0,True
1262,55,16,2,2025-09-10,2025-10-25,Closed Lost,7500.0,False
1263,40,7,2,2025-12-03,2026-01-10,Closed Lost,3400.0,False
1264,15,9,2,2024-11-02,2025-03-12,Closed Lost,12500.0,False
1265,21,14,2,2026-01-25,2026-05-19,Closed Won,7900.0,True
1266,47,11,2,2025-12-08,,Proposal,6500.0,False
1267,73,14,2,2025-05-07,2025-08-31,Closed Lost,9200.0,False
1268,53,7,2,2025-05-24,,Proposal,5300.0,False
1269,9,1,2,2024-09-11,2024-11-30,Closed Lost,6600.0,False
1270,74,13,2,2025-12-25,,Proposal,8600.0,False
1271,52,20,1,2025-12-25,2026-02-18,Closed Lost,5800.0,False
1272,57,3,3,2025-07-14,2025-10-09,Closed Lost,3600.0,False
1273,26,20,2,2026-02-02,2026-06-04,Closed Lost,3300.0,False
1274,41,4,3,2024-11-19,2024-12-18,Closed Won,10100.0,True
1275,35,11,2,2025-12-21,2026-04-04,Closed Lost,8000.0,False
1276,63,2,2,2025-08-07,2025-10-24,Closed Lost,7800.0,False
1277,25,14,1,2024-11-14,2025-04-10,Closed Lost,4500.0,False
1278,90,12,1,2025-09-13,,Qualified,8000.0,False
1279,75,17,3,2024-11-17,2025-01-19,Closed Lost,6600.0,False
1280,38,12,1,2025-06-25,2025-11-26,Closed Lost,6000.0,False
1281,2,12,1,2025-01-23,2025-04-25,Closed Lost,7800.0,False
1282,7,1,3,2025-11-05,2025-12-04,Closed Won,9400.0,True
1283,82,13,1,2025-05-13,,Proposal,19400.0,False
1284,91,14,2,2025-10-17,,Negotiation,10700.0,False
1285,34,2,3,2025-12-28,,Negotiation,12400.0,False
1286,91,12,3,2025-10-07,,Proposal,14100.0,False
1287,17,16,2,2025-02-11,2025-03-22,Closed Lost,5500.0,False
1288,43,4,1,2024-08-26,2024-10-17,Closed Lost,6900.0,False
1289,59,8,3,2025-12-07,2026-03-04,Closed Lost,5200.0,False
1290,51,2,3,2024-12-10,,Qualified,5800.0,False
1291,54,10,2,2024-09-28,,Qualified,6500.0,False
1292,24,9,2,2024-09-22,2024-12-24,Closed Won,5700.0,True
1293,25,15,1,2025-09-07,2025-09-28,Closed Lost,9100.0,False
1294,71,13,3,2025-05-17,,Negotiation,10100.0,False
1295,52,17,1,2024-09-02,2025-01-07,Closed Won,4200.0,True
1296,70,16,1,2025-08-01,,Proposal,6900.0,False
1297,88,2,2,2026-02-17,2026-04-30,Closed Lost,7000.0,False
1298,33,20,3,2025-02-04,2025-03-21,Closed Lost,3900.0,False
1299,49,20,3,2025-07-30,2025-08-23,Closed Lost,5500.0,False
1300,29,14,3,2025-12-17,2026-06-01,Closed Won,12500.0,True
1301,63,3,2,2024-09-10,2024-10-07,Closed Won,12500.0,True
1302,22,12,2,2025-02-22,2025-08-15,Closed Lost,3600.0,False
1303,26,8,2,2026-02-18,,Qualified,10300.0,False
1304,28,2,2,2024-09-01,2024-09-09,Closed Lost,3900.0,False
1305,85,4,2,2025-03-02,,Qualified,6600.0,False
1306,49,14,3,2025-07-08,2025-08-22,Closed Lost,7700.0,False
1307,71,16,1,2025-12-10,,Negotiation,11800.0,False
1308,81,19,3,2025-10-23,2026-02-13,Closed Lost,7400.0,False
1309,84,2,1,2024-10-20,2025-03-02,Closed Lost,4900.0,False
1310,49,12,2,2025-11-01,2025-11-20,Closed Won,4500.0,True
1311,20,14,1,2024-11-27,2025-04-08,Closed Lost,8800.0,False
1312,86,6,3,2025-12-31,,Qualified,5900.0,False
1313,92,13,3,2025-05-27,2025-06-30,Closed Lost,6600.0,False
1314,63,4,1,2025-05-14,2025-07-23,Closed Lost,13200.0,False
1315,61,18,2,2024-08-31,,Proposal,10100.0,False
1316,49,12,2,2025-11-22,2026-05-16,Closed Won,17900.0,True
1317,71,20,3,2025-05-22,,Qualified,4900.0,False
1318,1,19,1,2024-08-30,2024-12-14,Closed Lost,5700.0,False
1319,96,8,2,2025-03-18,,Proposal,8900.0,False
1320,13,7,2,2024-12-23,2025-01-02,Closed Lost,20100.0,False
1321,94,16,3,2024-09-24,,Qualified,5400.0,False
1322,87,19,2,2026-01-17,2026-04-21,Closed Lost,8300.0,False
1323,51,6,1,2025-03-14,2025-06-12,Closed Won,15700.0,True
1324,56,20,3,2026-01-22,2026-03-15,Closed Won,8300.0,True
1325,83,11,3,2026-01-21,2026-07-05,Closed Lost,13500.0,False
1326,62,5,1,2025-11-08,2026-02-10,Closed Won,21600.0,True
1327,32,16,3,2025-07-27,2025-08-09,Closed Won,9400.0,True
1328,30,7,2,2025-11-03,2026-01-25,Closed Lost,10200.0,False
1329,29,5,2,2025-11-10,,Qualified,11700.0,False
1330,49,11,1,2025-01-05,2025-07-02,Closed Lost,5200.0,False
1331,45,15,2,2025-09-13,,Negotiation,3900.0,False
1332,93,3,1,2024-09-16,2024-12-24,Closed Lost,8800.0,False
1333,30,5,1,2026-01-10,2026-02-05,Closed Lost,5900.0,False
1334,16,5,2,2025-07-13,,Negotiation,13700.0,False
1335,40,9,1,2025-07-26,,Qualified,9500.0,False
1336,19,15,2,2024-11-25,2024-12-28,Closed Lost,13600.0,False
1337,18,3,3,2026-02-18,2026-06-24,Closed Lost,4400.0,False
1338,1,6,3,2025-01-15,2025-02-15,Closed Won,13400.0,True
1339,78,17,1,2025-04-10,2025-06-07,Closed Lost,2600.0,False
1340,47,8,2,2025-12-30,2026-01-26,Closed Lost,4600.0,False
1341,66,11,2,2024-09-29,2024-10-23,Closed Won,11100.0,True
1342,92,6,3,2025-10-21,2025-12-05,Closed Lost,6300.0,False
1343,94,8,3,2025-11-02,2025-11-23,Closed Lost,6600.0,False
1344,38,10,2,2025-08-25,,Qualified,8500.0,False
1345,51,3,1,2025-08-02,,Qualified,16500.0,False
1346,63,14,3,2025-01-29,2025-03-28,Closed Lost,3100.0,False
1347,4,14,1,2026-02-23,2026-05-12,Closed Lost,15100.0,False
1348,1,10,1,2026-02-14,2026-03-20,Closed Lost,15600.0,False
1349,8,12,3,2025-01-13,,Proposal,6300.0,False
1350,29,6,1,2025-08-02,2025-12-04,Closed Won,5700.0,True
1351,55,12,1,2025-05-18,2025-10-15,Closed Lost,7600.0,False
1352,3,14,2,2025-05-17,2025-06-27,Closed Lost,5700.0,False
1353,32,2,1,2025-02-07,2025-07-08,Closed Won,9600.0,True
1354,10,9,2,2024-09-24,2025-01-07,Closed Won,10300.0,True
1355,74,10,3,2025-09-03,,Negotiation,3700.0,False
1356,83,17,3,2025-03-24,2025-08-17,Closed Won,5100.0,True
1357,34,17,2,2025-11-05,2026-02-02,Closed Won,4500.0,True
1358,97,3,3,2025-12-27,2026-02-19,Closed Lost,9000.0,False
1359,87,19,1,2025-09-19,2025-10-17,Closed Lost,12500.0,False
1360,55,1,1,2025-12-24,2026-05-02,Closed Lost,4700.0,False
1361,92,12,1,2024-09-20,2025-01-31,Closed Lost,12500.0,False
1362,32,7,3,2024-09-30,2024-11-27,Closed Lost,5100.0,False
1363,50,4,1,2025-02-11,,Qualified,11600.0,False
1364,7,10,3,2024-09-08,,Proposal,7000.0,False
1365,93,13,1,2024-10-17,2024-12-28,Closed Lost,6500.0,False
1366,8,2,2,2025-04-05,,Proposal,14300.0,False
1367,65,10,3,2024-10-28,,Negotiation,19800.0,False
1368,57,4,3,2025-03-07,2025-04-07,Closed Won,3100.0,True
1369,67,18,1,2024-09-14,2024-12-23,Closed Lost,10900.0,False
1370,88,5,3,2025-04-16,2025-05-07,Closed Lost,8900.0,False
1371,87,19,3,2025-01-07,2025-05-15,Closed Won,11300.0,True
1372,59,2,2,2025-12-08,,Negotiation,3900.0,False
1373,72,12,2,2025-04-08,2025-07-27,Closed Won,4700.0,True
1374,54,17,1,2025-07-05,2025-08-18,Closed Won,5800.0,True
1375,67,10,2,2025-03-11,2025-09-01,Closed Lost,9000.0,False
1376,51,2,1,2025-05-07,2025-09-05,Closed Won,5600.0,True
1377,97,6,1,2025-12-15,2026-01-29,Closed Lost,6900.0,False
1378,92,8,1,2025-02-16,2025-06-10,Closed Won,12300.0,True
1379,8,19,3,2024-12-23,2025-01-15,Closed Won,22600.0,True
1380,34,11,2,2025-07-30,,Qualified,11800.0,False
1381,35,12,1,2025-02-09,,Qualified,12500.0,False
1382,96,9,2,2024-10-20,,Proposal,7400.0,False
1383,88,2,1,2025-11-30,,Proposal,5200.0,False
1384,78,8,2,2025-05-09,,Negotiation,6900.0,False
1385,32,11,2,2025-08-30,2025-10-22,Closed Lost,7900.0,False
1386,46,4,1,2024-11-25,2025-01-06,Closed Lost,4500.0,False
1387,16,10,3,2024-12-25,2025-03-05,Closed Lost,12200.0,False
1388,68,20,2,2024-10-02,2025-01-11,Closed Won,17300.0,True
1389,37,16,3,2025-05-03,2025-08-22,Closed Lost,8600.0,False
1390,54,8,3,2024-08-29,,Proposal,13900.0,False
1391,85,4,1,2025-12-06,2026-05-07,Closed Lost,14800.0,False
1392,14,10,1,2026-01-15,2026-06-19,Closed Lost,4800.0,False
1393,95,12,1,2024-10-30,2025-02-25,Closed Lost,3400.0,False
1394,55,14,2,2024-11-11,2025-01-21,Closed Lost,6300.0,False
1395,48,16,1,2026-02-15,,Negotiation,8500.0,False
1396,82,18,1,2025-05-11,2025-07-04,Closed Lost,4500.0,False
1397,7,12,2,2024-11-19,2025-02-18,Closed Won,16500.0,True
1398,74,18,2,2025-03-18,2025-05-06,Closed Lost,21500.0,False
1399,7,7,1,2025-03-23,,Negotiation,8900.0,False
1400,33,20,1,2025-05-15,2025-10-23,Closed Lost,5000.0,False
1401,23,7,1,2025-06-11,2025-07-06,Closed Lost,10300.0,False
1402,85,9,1,2025-03-17,,Negotiation,5000.0,False
1403,19,1,3,2025-07-21,2025-11-19,Closed Lost,14400.0,False
1404,19,6,3,2024-11-07,2025-01-02,Closed Lost,7200.0,False
1405,36,6,1,2025-06-06,2025-07-25,Closed Won,11700.0,True
1406,29,12,3,2024-10-08,,Negotiation,12700.0,False
1407,60,12,2,2025-03-10,2025-06-28,Closed Lost,10600.0,False
1408,82,10,3,2025-10-23,2026-02-22,Closed Lost,19800.0,False
1409,2,6,3,2025-03-20,2025-05-16,Closed Lost,8900.0,False
1410,1,17,1,2025-10-16,2026-02-05,Closed Lost,6300.0,False
1411,47,19,3,2025-01-23,2025-05-21,Closed Won,2800.0,True
1412,69,18,3,2026-01-26,2026-07-20,Closed Won,2600.0,True
1413,20,6,3,2025-10-11,2025-12-28,Closed Won,11200.0,True
1414,11,19,3,2025-08-10,2026-01-02,Closed Lost,7400.0,False
1415,2,10,2,2025-01-26,2025-04-22,Closed Lost,5400.0,False
1416,67,8,1,2025-05-10,2025-10-14,Closed Lost,4600.0,False
1417,87,6,1,2024-11-07,2025-01-01,Closed Won,11700.0,True
1418,12,7,2,2025-12-23,2026-06-13,Closed Lost,5000.0,False
1419,20,1,3,2024-12-31,2025-02-22,Closed Lost,18300.0,False
1420,5,18,2,2025-11-20,,Qualified,26300.0,False
1421,37,20,3,2025-02-01,2025-02-14,Closed Lost,5200.0,False
1422,38,12,2,2024-09-06,2024-11-17,Closed Lost,11300.0,False
1423,94,16,1,2025-04-11,2025-07-03,Closed Won,10100.0,True
1424,9,10,1,2025-03-05,2025-05-12,Closed Won,4900.0,True
1425,98,10,1,2026-02-15,,Negotiation,5000.0,False
1426,53,14,3,2025-08-16,2025-09-29,Closed Won,7600.0,True
1427,44,20,3,2025-07-19,2025-11-27,Closed Lost,4600.0,False
1428,99,10,2,2025-10-23,2026-01-21,Closed Lost,14000.0,False
1429,86,10,2,2026-01-01,2026-06-17,Closed Lost,7200.0,False
1430,24,11,1,2025-12-21,2026-01-25,Closed Lost,4600.0,False
1431,81,2,3,2025-11-14,2026-03-14,Closed Lost,7800.0,False
1432,74,20,2,2025-10-09,,Qualified,10200.0,False
1433,30,8,3,2025-07-18,,Qualified,5600.0,False
1434,59,7,3,2025-01-16,2025-05-08,Closed Lost,3000.0,False
1435,87,8,1,2025-05-08,2025-09-22,Closed Lost,8600.0,False
1436,96,1,1,2025-06-10,,Proposal,4400.0,False
1437,81,2,3,2025-01-12,2025-07-10,Closed Lost,5400.0,False
1438,81,18,3,2025-08-22,2025-09-05,Closed Won,10200.0,True
1439,14,15,3,2024-11-20,,Proposal,6000.0,False
1440,9,1,3,2025-02-02,2025-06-05,Closed Lost,7600.0,False
1441,40,5,1,2025-12-16,2026-01-20,Closed Lost,16800.0,False
1442,66,2,2,2024-11-14,2024-11-22,Closed Lost,6800.0,False
1443,25,20,1,2024-11-07,2025-03-06,Closed Lost,22300.0,False
1444,73,3,2,2026-01-21,,Proposal,11700.0,False
1445,22,19,3,2025-12-20,2026-04-13,Closed Won,5100.0,True
1446,4,18,2,2024-12-04,,Negotiation,6400.0,False
1447,26,18,1,2025-11-17,2025-12-30,Closed Lost,4300.0,False
1448,58,14,1,2025-12-22,2026-03-10,Closed Won,11100.0,True
1449,29,8,3,2025-07-27,2025-08-29,Closed Lost,15700.0,False
1450,98,12,1,2025-12-13,2026-04-21,Closed Lost,6800.0,False
1451,87,10,3,2025-04-02,2025-08-20,Closed Lost,3200.0,False
1452,37,20,1,2024-08-31,2024-10-21,Closed Lost,9700.0,False
1453,75,17,1,2024-10-14,,Negotiation,5300.0,False
1454,70,11,3,2024-11-07,,Qualified,5700.0,False
1455,18,2,2,2026-01-07,2026-06-08,Closed Lost,9500.0,False
1456,85,4,1,2025-07-04,2025-11-07,Closed Lost,15000.0,False
1457,42,1,2,2025-02-03,,Negotiation,11700.0,False
1458,100,15,1,2025-05-28,2025-06-28,Closed Won,10000.0,True
1459,41,13,1,2024-09-18,2024-10-21,Closed Lost,7500.0,False
1460,38,8,1,2024-10-31,,Qualified,4200.0,False
1461,34,4,1,2025-03-28,2025-09-22,Closed Lost,9600.0,False
1462,17,10,2,2025-08-22,2025-12-12,Closed Lost,11600.0,False
1463,37,19,2,2025-06-24,2025-12-04,Closed Won,6000.0,True
1464,25,18,1,2024-12-24,2025-02-12,Closed Won,6700.0,True
1465,76,5,1,2024-09-10,2025-01-01,Closed Won,14100.0,True
1466,87,19,2,2025-05-06,2025-06-17,Closed Lost,6700.0,False
1467,86,16,3,2025-06-14,,Proposal,7100.0,False
1468,85,1,3,2024-09-13,2024-09-25,Closed Won,7800.0,True
1469,27,12,2,2025-11-15,2026-04-23,Closed Won,11300.0,True
1470,57,2,1,2026-02-23,2026-08-07,Closed Won,9400.0,True
1471,31,8,1,2024-10-09,,Proposal,9000.0,False
1472,6,18,3,2025-02-21,,Qualified,17300.0,False
1473,91,16,3,2025-10-31,,Negotiation,6600.0,False
1474,40,5,2,2024-12-07,2024-12-26,Closed Lost,5000.0,False
1475,98,13,3,2025-02-26,,Proposal,13500.0,False
1476,12,19,2,2024-11-16,2025-03-30,Closed Lost,9100.0,False
1477,53,3,3,2025-11-21,2026-02-01,Closed Lost,6000.0,False
1478,71,8,3,2025-01-06,2025-04-07,Closed Lost,6800.0,False
1479,10,12,3,2025-07-24,2025-08-23,Closed Lost,4300.0,False
1480,45,2,1,2025-12-04,,Qualified,9100.0,False
1481,17,11,1,2025-09-29,2026-01-19,Closed Lost,3900.0,False
1482,26,12,1,2026-02-13,2026-05-28,Closed Lost,11400.0,False
1483,85,18,3,2024-11-02,2025-01-07,Closed Lost,6200.0,False
1484,92,13,2,2024-09-15,2024-09-30,Closed Won,4000.0,True
1485,62,5,2,2025-12-20,2026-05-05,Closed Lost,14000.0,False
1486,46,12,2,2024-10-17,2024-12-18,Closed Lost,25000.0,False
1487,64,2,2,2025-04-02,2025-09-13,Closed Won,10100.0,True
1488,2,5,1,2025-02-17,2025-03-17,Closed Lost,7000.0,False
1489,54,7,1,2025-10-30,,Proposal,5000.0,False
1490,65,12,3,2025-11-15,,Proposal,9200.0,False
1491,51,16,3,2025-12-27,,Negotiation,11100.0,False
1492,53,8,2,2025-02-27,,Qualified,8100.0,False
1493,36,9,1,2025-10-16,2025-11-07,Closed Won,12700.0,True
1494,26,15,2,2025-04-28,,Negotiation,17300.0,False
1495,29,5,3,2025-02-02,2025-04-14,Closed Lost,4300.0,False
1496,21,13,3,2025-05-04,,Negotiation,9400.0,False
1497,11,5,2,2025-12-11,2026-02-25,Closed Lost,3100.0,False
1498,40,11,3,2025-10-13,,Proposal,5400.0,False
1499,11,10,2,2025-02-08,2025-05-24,Closed Lost,11600.0,False
1500,36,20,1,2025-07-05,2025-10-20,Closed Lost,7900.0,False
1501,59,13,2,2025-02-12,2025-06-03,Closed Won,3600.0,True
1502,39,9,1,2025-12-05,2026-04-30,Closed Won,13700.0,True
1503,99,14,1,2025-08-02,,Negotiation,6200.0,False
1504,54,18,3,2025-11-10,2025-12-28,Closed Lost,12400.0,False
1505,98,15,3,2024-09-09,2024-12-07,Closed Lost,10500.0,False
1506,55,10,3,2024-10-31,,Proposal,5300.0,False
1507,24,7,2,2025-07-26,2025-11-14,Closed Lost,12500.0,False
1508,22,8,2,2026-01-31,2026-07-11,Closed Lost,9500.0,False
1509,69,3,3,2025-11-21,2025-12-25,Closed Won,8800.0,True
1510,56,15,2,2025-05-18,2025-06-19,Closed Won,6400.0,True
1511,33,16,3,2025-02-26,,Negotiation,4700.0,False
1512,36,4,2,2026-02-02,,Negotiation,6600.0,False
1513,20,6,1,2025-10-30,,Negotiation,6500.0,False
1514,83,1,1,2025-06-06,2025-06-13,Closed Lost,12400.0,False
1515,99,4,3,2026-01-03,2026-04-11,Closed Lost,3600.0,False
1516,81,11,2,2025-11-06,2026-01-09,Closed Lost,16900.0,False
1517,62,12,2,2025-06-21,,Negotiation,17400.0,False
1518,98,5,1,2024-11-17,2025-02-12,Closed Lost,5900.0,False
1519,73,16,1,2025-11-03,2025-12-05,Closed Lost,16300.0,False
1520,26,13,3,2026-02-14,2026-07-23,Closed Won,4900.0,True
1521,66,13,1,2024-09-13,2024-12-05,Closed Won,14200.0,True
1522,73,17,3,2026-01-21,,Qualified,5400.0,False
1523,73,7,1,2026-01-07,2026-03-26,Closed Lost,13600.0,False
1524,40,8,1,2025-12-02,2026-02-15,Closed Won,3900.0,True
1525,17,13,2,2024-12-01,2024-12-13,Closed Lost,13900.0,False
1526,1,16,1,2025-01-10,,Proposal,15400.0,False
1527,89,4,1,2025-01-07,2025-06-20,Closed Lost,3900.0,False
1528,61,8,3,2025-04-07,2025-06-06,Closed Lost,19500.0,False
1529,43,16,1,2025-05-30,2025-08-31,Closed Lost,13500.0,False
1530,42,10,3,2025-10-27,2025-11-13,Closed Lost,3000.0,False
1531,25,12,1,2024-10-01,,Qualified,6300.0,False
1532,39,12,1,2026-01-23,2026-06-12,Closed Lost,13600.0,False
1533,35,5,3,2025-03-21,,Qualified,11600.0,False
1534,3,16,2,2025-06-20,2025-09-11,Closed Won,8600.0,True
1535,44,1,3,2024-11-16,,Qualified,12900.0,False
1536,51,9,3,2025-09-23,,Qualified,5200.0,False
1537,94,12,3,2025-05-02,2025-08-15,Closed Lost,8300.0,False
1538,98,5,2,2026-02-06,2026-03-20,Closed Lost,5300.0,False
1539,12,20,1,2025-09-07,2026-02-05,Closed Lost,8700.0,False
1540,19,3,3,2025-11-09,2025-12-13,Closed Won,13400.0,True
1541,44,5,3,2024-09-24,2025-02-27,Closed Lost,12000.0,False
1542,59,2,2,2025-05-09,2025-08-25,Closed Lost,9100.0,False
1543,49,14,3,2025-04-13,,Qualified,13300.0,False
1544,61,2,1,2026-01-19,2026-02-09,Closed Won,14000.0,True
1545,17,13,2,2025-06-26,,Negotiation,19900.0,False
1546,74,7,1,2024-10-31,2024-11-30,Closed Lost,14500.0,False
1547,57,10,1,2025-11-19,2025-12-25,Closed Lost,11300.0,False
1548,55,13,2,2025-11-04,,Negotiation,12900.0,False
1549,47,16,3,2025-08-21,2025-10-27,Closed Won,9200.0,True
1550,12,14,1,2025-12-16,2026-03-10,Closed Won,7000.0,True
1551,62,11,1,2025-01-13,,Proposal,12500.0,False
1552,80,10,1,2024-09-15,,Negotiation,11800.0,False
1553,88,6,1,2025-10-21,2025-12-17,Closed Won,9400.0,True
1554,83,4,2,2025-02-13,2025-08-10,Closed Won,7400.0,True
1555,8,1,2,2025-07-13,2025-10-22,Closed Lost,7200.0,False
1556,95,7,1,2025-08-05,2025-08-24,Closed Won,6600.0,True
1557,21,9,3,2024-09-09,2024-12-14,Closed Lost,15200.0,False
1558,81,8,1,2024-10-05,2025-02-28,Closed Lost,14600.0,False
1559,87,5,3,2025-01-24,2025-04-22,Closed Lost,14300.0,False
1560,80,19,1,2025-09-03,,Proposal,4800.0,False
1561,70,10,3,2025-09-28,,Qualified,6800.0,False
1562,72,11,1,2025-04-04,2025-05-29,Closed Won,7100.0,True
1563,25,15,3,2025-03-27,2025-05-25,Closed Lost,6000.0,False
1564,82,6,1,2024-09-22,2024-11-07,Closed Won,20600.0,True
1565,89,15,1,2024-10-20,2025-02-10,Closed Lost,9900.0,False
1566,12,5,3,2025-08-10,2025-09-09,Closed Lost,9600.0,False
1567,15,19,2,2025-11-10,2026-03-04,Closed Lost,6400.0,False
1568,59,19,3,2025-04-14,2025-05-23,Closed Lost,12500.0,False
1569,26,10,2,2024-12-07,,Negotiation,24200.0,False
1570,26,12,1,2025-03-01,,Negotiation,8400.0,False
1571,47,4,3,2026-02-03,,Proposal,7200.0,False
1572,32,18,3,2025-04-24,2025-06-22,Closed Won,7700.0,True
1573,10,16,3,2024-11-06,2024-12-31,Closed Lost,6900.0,False
1574,16,8,2,2026-02-20,2026-05-15,Closed Lost,8100.0,False
1575,71,4,2,2025-05-16,,Proposal,6000.0,False
1576,17,12,1,2025-07-05,2025-10-21,Closed Lost,5200.0,False
1577,23,2,2,2024-12-21,2025-04-28,Closed Lost,8000.0,False
1578,26,4,2,2024-09-16,2025-01-03,Closed Lost,8400.0,False
1579,85,5,1,2025-10-28,2026-02-01,Closed Lost,7100.0,False
1580,86,3,3,2025-01-29,2025-05-05,Closed Lost,16800.0,False
1581,7,9,3,2024-12-14,2025-05-29,Closed Won,10000.0,True
1582,14,18,1,2026-01-06,2026-05-13,Closed Lost,11700.0,False
1583,79,11,3,2025-02-04,2025-07-09,Closed Lost,11900.0,False
1584,7,3,2,2025-02-13,2025-07-15,Closed Lost,8500.0,False
1585,9,2,1,2024-08-23,2024-10-28,Closed Lost,9000.0,False
1586,48,9,1,2024-11-16,,Qualified,5300.0,False
1587,72,14,1,2025-07-08,2025-12-02,Closed Won,11200.0,True
1588,59,4,3,2025-09-27,2026-03-04,Closed Won,6900.0,True
1589,87,9,1,2025-09-08,2025-10-14,Closed Lost,5900.0,False
1590,93,13,1,2025-07-06,,Negotiation,15500.0,False
1591,82,18,1,2025-04-29,2025-07-27,Closed Won,4200.0,True
1592,95,15,3,2026-01-29,2026-05-26,Closed Won,19100.0,True
1593,94,10,2,2025-05-05,2025-08-27,Closed Lost,18400.0,False
1594,39,16,1,2025-06-25,2025-10-20,Closed Won,7300.0,True
1595,99,12,2,2025-01-13,2025-02-13,Closed Won,19800.0,True
1596,18,20,3,2025-09-17,2025-11-12,Closed Lost,5200.0,False
1597,59,5,3,2025-02-07,,Qualified,13300.0,False
1598,17,2,3,2025-06-16,,Negotiation,8200.0,False
1599,14,10,3,2025-04-12,,Negotiation,3300.0,False
1600,31,1,2,2025-05-20,2025-08-18,Closed Lost,5900.0,False
1601,24,7,1,2024-10-21,,Negotiation,7400.0,False
1602,99,17,3,2025-06-14,2025-11-25,Closed Lost,12000.0,False
1603,60,16,3,2025-12-02,2026-01-07,Closed Won,6400.0,True
1604,45,3,2,2025-04-14,,Proposal,7100.0,False
1605,98,14,2,2025-04-13,2025-06-16,Closed Lost,10600.0,False
1606,3,10,3,2025-08-25,2025-12-03,Closed Lost,10300.0,False
1607,37,7,1,2025-04-11,2025-05-28,Closed Lost,7700.0,False
1608,43,17,1,2025-12-26,2026-04-05,Closed Won,7000.0,True
1609,40,6,3,2026-01-07,,Qualified,13000.0,False
1610,90,4,2,2025-09-07,2026-02-24,Closed Lost,6900.0,False
1611,55,17,3,2025-10-24,2026-01-02,Closed Won,4500.0,True
1612,87,9,3,2025-08-21,2025-12-03,Closed Won,6700.0,True
1613,39,4,2,2025-03-12,,Proposal,10700.0,False
1614,15,7,3,2025-01-15,2025-04-19,Closed Won,7500.0,True
1615,4,2,3,2025-11-22,2026-02-14,Closed Won,6300.0,True
1616,93,17,3,2025-01-04,,Proposal,4300.0,False
1617,86,8,2,2025-05-13,2025-07-30,Closed Won,7500.0,True
1618,25,15,1,2024-10-25,2024-11-14,Closed Lost,9100.0,False
1619,13,15,1,2025-12-26,,Proposal,4900.0,False
1620,82,8,2,2024-10-02,2024-12-13,Closed Won,7400.0,True
1621,33,16,1,2025-06-14,,Negotiation,4700.0,False
1622,16,19,3,2024-08-25,2024-11-07,Closed Lost,7600.0,False
1623,42,11,1,2024-12-10,,Proposal,19200.0,False
1624,66,2,3,2025-03-31,,Negotiation,8800.0,False
1625,55,17,1,2025-08-27,2026-02-17,Closed Won,3700.0,True
1626,99,16,2,2025-08-25,2026-01-31,Closed Lost,9600.0,False
1627,42,15,1,2025-11-01,,Qualified,15600.0,False
1628,34,13,1,2024-08-26,2025-01-10,Closed Lost,4100.0,False
1629,30,15,1,2025-04-23,2025-07-07,Closed Won,4800.0,True
1630,13,4,2,2025-02-04,2025-05-23,Closed Lost,9200.0,False
1631,13,16,1,2024-09-17,,Proposal,7800.0,False
1632,18,12,2,2025-09-21,,Proposal,14800.0,False
1633,32,4,3,2025-12-09,2026-01-24,Closed Lost,7400.0,False
1634,96,3,1,2024-09-08,2024-10-22,Closed Lost,12200.0,False
1635,99,17,2,2024-11-22,,Proposal,17400.0,False
1636,39,18,2,2025-12-18,,Negotiation,5300.0,False
1637,46,18,1,2026-02-16,2026-07-30,Closed Lost,11800.0,False
1638,29,17,3,2025-03-15,,Negotiation,6600.0,False
1639,62,12,2,2026-01-06,,Proposal,2700.0,False
1640,93,4,1,2025-09-26,2025-11-06,Closed Lost,10300.0,False
1641,62,12,3,2025-03-17,,Qualified,10900.0,False
1642,57,20,2,2025-01-15,2025-07-01,Closed Won,3700.0,True
1643,16,15,2,2024-12-01,2025-02-23,Closed Won,6500.0,True
1644,56,16,3,2025-04-20,2025-06-03,Closed Lost,5900.0,False
1645,10,5,3,2025-02-01,,Negotiation,12100.0,False
1646,30,15,1,2025-02-11,,Proposal,3700.0,False
1647,25,17,1,2026-01-06,2026-04-22,Closed Lost,8500.0,False
1648,84,18,2,2026-02-20,2026-04-05,Closed Lost,2500.0,False
1649,5,5,3,2025-06-02,2025-10-30,Closed Won,9800.0,True
1650,65,13,3,2025-08-16,,Qualified,8600.0,False
1651,94,19,3,2025-09-07,,Proposal,6300.0,False
1652,49,13,2,2026-02-06,2026-05-15,Closed Lost,16600.0,False
1653,3,18,3,2025-02-01,2025-05-15,Closed Lost,2200.0,False
1654,45,14,3,2025-06-25,2025-07-07,Closed Won,8000.0,True
1655,14,4,2,2025-07-27,2026-01-18,Closed Lost,14700.0,False
1656,30,4,1,2024-10-16,2025-02-26,Closed Won,8600.0,True
1657,68,20,1,2025-07-21,,Qualified,16000.0,False
1658,18,20,2,2024-12-27,2025-04-20,Closed Won,6500.0,True
1659,62,19,3,2025-04-22,2025-09-06,Closed Lost,7500.0,False
1660,37,13,2,2025-10-05,2025-11-23,Closed Lost,15000.0,False
1661,25,12,1,2026-01-07,2026-03-01,Closed Lost,12700.0,False
1662,48,7,1,2025-06-21,2025-10-04,Closed Lost,26900.0,False
1663,65,12,2,2025-11-29,2025-12-19,Closed Won,8500.0,True
1664,53,4,2,2025-04-14,2025-09-24,Closed Lost,9000.0,False
1665,79,2,1,2024-09-29,,Proposal,6400.0,False
1666,73,2,2,2025-01-08,2025-06-17,Closed Lost,7300.0,False
1667,15,5,1,2025-03-05,,Proposal,13900.0,False
1668,49,10,2,2026-01-31,2026-06-26,Closed Lost,8100.0,False
1669,88,10,2,2024-08-23,2024-08-31,Closed Won,5400.0,True
1670,68,9,2,2024-11-26,2025-04-26,Closed Lost,6700.0,False
1671,12,13,1,2025-10-09,,Qualified,7700.0,False
1672,59,7,2,2026-02-11,2026-02-27,Closed Won,5600.0,True
1673,37,5,1,2025-10-25,2026-02-20,Closed Won,6400.0,True
1674,61,10,1,2025-04-14,,Qualified,4900.0,False
1675,43,10,2,2025-08-06,2025-09-02,Closed Lost,6600.0,False
1676,70,6,2,2025-12-16,,Qualified,14500.0,False
1677,39,19,1,2025-09-22,2026-03-10,Closed Lost,8300.0,False
1678,56,8,1,2025-08-08,2025-12-04,Closed Lost,27700.0,False
1679,63,1,3,2025-10-12,2026-02-21,Closed Lost,5500.0,False
1680,46,17,1,2024-10-12,,Negotiation,10300.0,False
1681,88,7,3,2024-11-11,2025-02-10,Closed Lost,9100.0,False
1682,11,14,3,2024-09-27,2025-03-24,Closed Lost,11200.0,False
1683,62,17,3,2024-10-28,2024-11-08,Closed Lost,6000.0,False
1684,77,9,2,2025-12-16,2026-04-18,Closed Lost,6700.0,False
1685,98,17,2,2025-12-03,,Qualified,9900.0,False
1686,25,5,1,2025-01-11,2025-06-15,Closed Lost,6300.0,False
1687,71,20,3,2025-08-13,2025-10-30,Closed Lost,3300.0,False
1688,52,8,2,2025-12-06,2026-02-24,Closed Lost,15600.0,False
1689,4,6,2,2025-11-04,2025-12-31,Closed Lost,12600.0,False
1690,59,11,2,2026-02-04,2026-07-29,Closed Lost,6600.0,False
1691,72,19,2,2024-12-27,2025-01-26,Closed Won,9000.0,True
1692,20,4,2,2025-03-15,,Qualified,13400.0,False
1693,93,18,3,2024-09-20,,Qualified,15900.0,False
1694,63,1,3,2025-11-10,2025-12-30,Closed Won,8500.0,True
1695,54,13,3,2025-11-29,,Negotiation,6000.0,False
1696,74,14,3,2025-05-29,2025-08-18,Closed Won,16900.0,True
1697,98,1,1,2025-01-20,2025-05-01,Closed Won,8500.0,True
1698,57,11,3,2025-04-19,2025-05-18,Closed Lost,7500.0,False
1699,90,17,2,2025-05-15,2025-09-22,Closed Lost,9200.0,False
1700,41,4,3,2024-12-05,2025-03-07,Closed Lost,14400.0,False
1701,3,12,1,2025-10-29,,Qualified,7900.0,False
1702,6,10,2,2026-01-01,,Qualified,13300.0,False
1703,5,6,3,2025-11-05,2025-12-28,Closed Lost,7300.0,False
1704,5,1,3,2025-01-27,2025-07-21,Closed Won,11000.0,True
1705,54,7,3,2025-02-10,,Negotiation,5000.0,False
1706,47,16,2,2025-12-29,2026-04-23,Closed Lost,13800.0,False
1707,87,14,2,2025-06-29,2025-09-11,Closed Lost,5800.0,False
1708,49,20,1,2025-09-29,2025-10-29,Closed Lost,10200.0,False
1709,9,20,2,2025-11-28,2026-01-09,Closed Won,3900.0,True
1710,99,6,2,2025-08-24,2025-10-14,Closed Lost,8200.0,False
1711,20,5,3,2026-02-23,,Qualified,8900.0,False
1712,61,18,2,2025-05-04,,Negotiation,5800.0,False
1713,35,15,3,2025-03-18,2025-08-25,Closed Lost,7700.0,False
1714,50,6,3,2025-11-15,,Proposal,9200.0,False
1715,82,19,2,2024-11-25,2025-05-14,Closed Won,10700.0,True
1716,62,1,1,2025-12-13,2026-03-20,Closed Lost,8500.0,False
1717,17,1,1,2025-02-28,,Negotiation,15800.0,False
1718,88,13,2,2025-12-19,2026-06-06,Closed Lost,14500.0,False
1719,3,3,1,2026-02-09,2026-05-29,Closed Lost,8000.0,False
1720,32,10,3,2025-10-19,2025-12-02,Closed Lost,4200.0,False
1721,99,3,3,2025-01-02,,Proposal,6400.0,False
1722,13,9,2,2024-10-16,,Proposal,2700.0,False
1723,89,8,1,2026-01-14,,Proposal,7400.0,False
1724,73,3,1,2026-02-14,2026-03-30,Closed Lost,16300.0,False
1725,68,13,3,2025-10-06,,Proposal,12000.0,False
1726,14,6,2,2025-03-21,2025-07-08,Closed Won,8400.0,True
1727,98,13,1,2025-06-11,,Qualified,5600.0,False
1728,11,20,2,2024-12-15,2024-12-25,Closed Lost,8600.0,False
1729,56,20,1,2025-05-08,2025-05-19,Closed Lost,23500.0,False
1730,67,12,3,2024-12-22,2025-03-06,Closed Lost,17000.0,False
1731,92,13,3,2025-06-17,,Negotiation,7500.0,False
1732,29,2,2,2025-09-07,,Proposal,3900.0,False
1733,9,16,3,2026-01-05,2026-04-01,Closed Lost,24400.0,False
1734,67,6,1,2025-06-15,2025-11-21,Closed Lost,5600.0,False
1735,25,19,3,2025-08-19,,Negotiation,10600.0,False
1736,98,13,2,2025-11-28,2026-05-10,Closed Won,3700.0,True
1737,76,17,2,2025-11-03,,Negotiation,6900.0,False
1738,42,9,2,2024-12-27,,Negotiation,3700.0,False
1739,9,17,1,2025-03-07,2025-07-11,Closed Lost,4500.0,False
1740,79,2,1,2025-03-31,2025-09-05,Closed Won,5100.0,True
1741,40,19,1,2024-11-21,2025-05-13,Closed Lost,10300.0,False
1742,25,19,1,2025-10-07,2025-11-08,Closed Lost,7700.0,False
1743,5,7,1,2024-08-30,2025-02-23,Closed Lost,31400.0,False
1744,11,10,3,2026-02-17,,Negotiation,14300.0,False
1745,59,10,1,2025-12-03,2026-05-25,Closed Lost,14400.0,False
1746,98,20,1,2025-07-08,2025-12-05,Closed Lost,10400.0,False
1747,88,9,3,2025-09-20,2026-01-26,Closed Lost,9300.0,False
1748,79,17,1,2025-05-18,2025-07-22,Closed Lost,14700.0,False
1749,38,15,2,2025-03-01,,Qualified,2500.0,False
1750,72,2,1,2024-10-22,2024-11-03,Closed Won,5900.0,True
1751,5,4,1,2025-11-03,2026-02-15,Closed Lost,4100.0,False
1752,48,19,2,2025-05-13,,Proposal,3200.0,False
1753,90,17,2,2024-11-25,2025-04-16,Closed Lost,5500.0,False
1754,18,5,2,2025-12-05,2026-03-15,Closed Lost,4600.0,False
1755,70,7,2,2026-01-18,2026-02-20,Closed Won,14700.0,True
1756,37,18,1,2025-03-04,,Proposal,8500.0,False
1757,60,7,2,2025-12-17,2026-04-22,Closed Won,3000.0,True
1758,48,17,2,2025-07-24,,Proposal,9500.0,False
1759,77,7,3,2025-10-31,,Negotiation,4900.0,False
1760,28,4,2,2025-03-06,2025-06-06,Closed Won,8400.0,True
1761,69,8,2,2025-04-28,2025-09-27,Closed Lost,9900.0,False
1762,77,13,3,2026-01-02,2026-01-20,Closed Won,5600.0,True
1763,81,4,3,2025-03-22,2025-06-23,Closed Won,9000.0,True
1764,40,6,1,2025-12-01,,Qualified,9900.0,False
1765,45,5,3,2025-03-31,2025-09-20,Closed Won,7500.0,True
1766,96,12,1,2025-05-22,2025-08-25,Closed Won,5700.0,True
1767,62,4,3,2025-01-23,,Proposal,8100.0,False
1768,93,9,3,2025-04-28,2025-07-17,Closed Won,7600.0,True
1769,58,4,1,2025-05-28,2025-08-19,Closed Lost,9500.0,False
1770,67,19,3,2025-11-05,2026-01-04,Closed Lost,7100.0,False
1771,56,14,1,2025-05-25,2025-11-04,Closed Won,4500.0,True
1772,40,5,3,2026-01-18,,Negotiation,7400.0,False
1773,98,18,2,2024-11-18,2025-05-12,Closed Lost,9500.0,False
1774,40,10,3,2026-01-09,2026-06-01,Closed Lost,8900.0,False
1775,91,19,1,2025-04-20,2025-10-08,Closed Lost,7700.0,False
1776,77,12,3,2025-04-15,2025-09-10,Closed Won,6400.0,True
1777,33,18,1,2024-12-28,2025-04-14,Closed Won,6200.0,True
1778,6,17,1,2026-01-07,2026-03-27,Closed Lost,6500.0,False
1779,88,11,2,2025-03-10,,Negotiation,13900.0,False
1780,19,3,2,2026-02-16,,Qualified,5000.0,False
1781,80,17,1,2026-01-06,2026-06-29,Closed Lost,8500.0,False
1782,40,1,3,2025-12-27,2026-02-25,Closed Won,4300.0,True
1783,92,15,1,2024-09-12,2024-09-21,Closed Lost,11900.0,False
1784,97,9,1,2025-04-13,2025-08-08,Closed Lost,6200.0,False
1785,59,15,3,2025-10-12,2026-03-28,Closed Lost,5400.0,False
1786,59,3,3,2025-01-17,2025-04-29,Closed Lost,9000.0,False
1787,48,19,3,2024-09-20,2024-12-06,Closed Won,2400.0,True
1788,41,13,3,2025-08-18,2025-09-12,Closed Lost,4200.0,False
1789,13,12,1,2025-06-26,,Negotiation,9700.0,False
1790,45,20,1,2025-01-31,2025-03-28,Closed Lost,13500.0,False
1791,89,1,2,2024-10-22,,Proposal,10200.0,False
1792,53,17,1,2024-12-25,2025-03-24,Closed Lost,8700.0,False
1793,42,13,3,2025-11-21,2026-01-17,Closed Won,27000.0,True
1794,100,1,2,2024-11-01,,Negotiation,10400.0,False
1795,63,10,3,2025-12-01,2026-03-07,Closed Lost,4800.0,False
1796,27,15,1,2025-04-22,,Qualified,13500.0,False
1797,38,7,2,2025-12-25,2026-04-28,Closed Lost,5900.0,False
1798,60,18,3,2025-03-31,2025-09-09,Closed Won,5700.0,True
1799,7,16,2,2025-12-08,2026-01-02,Closed Lost,4100.0,False
1800,5,14,2,2026-02-06,2026-03-11,Closed Lost,6600.0,False
1801,45,18,1,2025-12-29,,Proposal,4400.0,False
1802,58,7,3,2024-11-12,,Qualified,10700.0,False
1803,31,17,2,2026-01-26,,Proposal,7600.0,False
1804,23,18,2,2024-09-03,2025-02-27,Closed Lost,4100.0,False
1805,42,12,3,2025-05-12,2025-07-26,Closed Lost,7800.0,False
1806,10,8,2,2025-11-14,2026-02-22,Closed Lost,13300.0,False
1807,32,2,2,2025-03-02,2025-06-29,Closed Lost,18200.0,False
1808,53,7,2,2024-12-14,,Qualified,3300.0,False
1809,30,4,3,2024-09-17,2025-01-21,Closed Lost,5500.0,False
1810,39,18,3,2026-01-03,2026-05-25,Closed Lost,4300.0,False
1811,31,6,3,2026-01-12,2026-07-07,Closed Lost,9700.0,False
1812,82,9,3,2026-02-18,,Proposal,4000.0,False
1813,100,9,1,2024-10-23,,Qualified,13800.0,False
1814,2,14,2,2025-04-08,2025-09-15,Closed Lost,14800.0,False
1815,78,8,3,2024-09-26,2024-10-20,Closed Lost,12200.0,False
1816,77,19,2,2025-11-21,2026-01-08,Closed Won,5700.0,True
1817,93,3,2,2026-01-06,2026-03-04,Closed Lost,5800.0,False
1818,12,18,1,2024-09-16,,Proposal,6400.0,False
1819,39,5,3,2024-09-23,2025-02-20,Closed Won,14100.0,True
1820,66,14,3,2024-09-03,2024-12-19,Closed Lost,3500.0,False
1821,96,4,2,2025-07-07,2025-07-16,Closed Won,9800.0,True
1822,13,7,3,2024-08-23,2024-11-16,Closed Won,5100.0,True
1823,46,20,2,2025-10-31,,Proposal,6600.0,False
1824,27,12,2,2025-01-05,2025-07-03,Closed Lost,11700.0,False
1825,17,2,1,2025-03-06,2025-08-09,Closed Lost,3800.0,False
1826,95,11,1,2025-01-02,,Negotiation,7100.0,False
1827,98,14,1,2024-11-16,2025-01-20,Closed Lost,7600.0,False
1828,60,16,2,2025-12-11,,Qualified,8000.0,False
1829,64,20,3,2025-07-12,2025-09-24,Closed Lost,7700.0,False
1830,88,6,1,2025-02-18,2025-04-19,Closed Lost,10700.0,False
1831,35,4,3,2026-01-20,2026-03-24,Closed Lost,6500.0,False
1832,70,15,1,2025-02-13,2025-07-20,Closed Lost,9700.0,False
1833,83,1,1,2024-09-12,2025-01-07,Closed Lost,9600.0,False
1834,30,7,2,2024-12-05,2025-02-09,Closed Lost,9300.0,False
1835,71,12,1,2025-11-08,2026-01-26,Closed Lost,10600.0,False
1836,74,10,1,2024-10-10,2024-12-10,Closed Lost,9300.0,False
1837,96,5,2,2026-02-01,2026-06-04,Closed Lost,7700.0,False
1838,98,12,3,2025-01-14,,Qualified,4300.0,False
1839,63,18,1,2025-07-28,2025-09-27,Closed Lost,16000.0,False
1840,28,10,2,2025-08-11,2025-09-11,Closed Won,18900.0,True
1841,60,6,1,2024-11-05,,Proposal,6800.0,False
1842,79,12,2,2025-07-07,2025-09-14,Closed Lost,10200.0,False
1843,94,7,3,2024-11-17,2025-05-15,Closed Lost,6200.0,False
1844,37,18,3,2024-10-03,2024-12-21,Closed Lost,5700.0,False
1845,93,2,2,2024-11-23,2025-02-16,Closed Lost,8300.0,False
1846,22,10,2,2026-01-11,2026-07-03,Closed Lost,33000.0,False
1847,68,15,2,2026-02-02,,Qualified,18000.0,False
1848,20,12,3,2025-05-14,,Proposal,16700.0,False
1849,96,17,1,2025-06-10,2025-06-25,Closed Won,10500.0,True
1850,100,4,3,2025-11-29,2026-05-10,Closed Lost,5100.0,False
1851,68,7,2,2024-11-27,2025-05-25,Closed Lost,13600.0,False
1852,91,9,2,2024-11-25,,Proposal,2000.0,False
1853,64,19,3,2025-07-14,2025-08-17,Closed Lost,9900.0,False
1854,17,7,2,2024-11-04,2024-12-20,Closed Won,14000.0,True
1855,12,2,3,2025-07-24,2025-12-20,Closed Lost,8700.0,False
1856,22,6,2,2024-10-29,2025-03-18,Closed Won,18600.0,True
1857,17,18,1,2024-11-07,2024-12-10,Closed Lost,4000.0,False
1858,10,6,1,2025-03-18,2025-05-01,Closed Won,18000.0,True
1859,65,13,2,2025-03-31,,Qualified,7500.0,False
1860,22,19,3,2025-05-11,2025-07-20,Closed Lost,16700.0,False
1861,90,2,1,2025-10-06,2025-11-11,Closed Won,13500.0,True
1862,82,12,3,2025-07-19,,Proposal,17300.0,False
1863,50,15,2,2025-08-01,2025-12-16,Closed Lost,13200.0,False
1864,14,14,3,2024-11-04,2024-11-22,Closed Won,11500.0,True
1865,64,6,1,2025-05-03,2025-08-08,Closed Lost,16000.0,False
1866,47,18,3,2025-07-20,2025-08-25,Closed Won,8300.0,True
1867,29,5,3,2025-09-24,2025-11-07,Closed Won,11000.0,True
1868,76,18,2,2025-08-02,,Negotiation,8100.0,False
1869,36,3,2,2025-11-20,,Negotiation,5800.0,False
1870,99,3,2,2024-12-15,2025-01-28,Closed Lost,10500.0,False
1871,52,10,1,2025-07-01,2025-10-19,Closed Won,8900.0,True
1872,76,19,1,2025-04-07,2025-09-03,Closed Lost,15200.0,False
1873,7,3,2,2025-04-24,2025-09-23,Closed Lost,7400.0,False
1874,29,12,2,2026-01-30,2026-03-06,Closed Lost,5500.0,False
1875,11,16,1,2026-02-01,2026-05-30,Closed Lost,15100.0,False
1876,33,17,1,2025-10-23,2025-11-19,Closed Lost,8400.0,False
1877,6,7,1,2024-10-03,2025-03-03,Closed Won,5500.0,True
1878,79,13,1,2025-11-30,2026-05-01,Closed Lost,16200.0,False
1879,32,2,2,2025-05-27,2025-09-29,Closed Won,12900.0,True
1880,51,4,1,2024-09-10,2025-02-28,Closed Lost,20400.0,False
1881,75,10,2,2024-10-27,,Negotiation,6800.0,False
1882,58,7,3,2025-02-05,2025-07-27,Closed Won,6400.0,True
1883,87,17,3,2025-09-29,,Negotiation,4700.0,False
1884,26,20,1,2025-10-05,,Qualified,6100.0,False
1885,98,6,3,2024-12-12,,Proposal,6700.0,False
1886,46,19,3,2025-05-23,2025-07-26,Closed Lost,11400.0,False
1887,98,5,3,2025-10-03,,Qualified,5100.0,False
1888,29,10,1,2025-08-30,2026-02-01,Closed Lost,5800.0,False
1889,4,9,1,2024-09-30,2024-10-29,Closed Lost,18900.0,False
1890,81,13,3,2024-12-05,2025-04-27,Closed Lost,1900.0,False
1891,99,19,2,2025-07-12,2025-10-09,Closed Lost,10300.0,False
1892,13,6,3,2025-10-10,2025-12-10,Closed Won,4300.0,True
1893,39,4,1,2025-10-25,2026-02-18,Closed Won,5400.0,True
1894,15,3,1,2024-10-22,2025-02-21,Closed Lost,16500.0,False
1895,29,3,1,2025-06-25,2025-11-25,Closed Lost,8400.0,False
1896,29,4,3,2025-08-11,2025-10-18,Closed Lost,30600.0,False
1897,75,5,2,2025-09-19,2025-12-21,Closed Lost,11100.0,False
1898,32,8,1,2025-03-14,,Qualified,5400.0,False
1899,2,16,1,2025-05-07,2025-08-21,Closed Won,10700.0,True
1900,47,3,3,2025-12-21,2026-01-23,Closed Lost,14300.0,False
1901,78,12,2,2026-01-21,,Proposal,10500.0,False
1902,84,8,3,2025-11-11,2025-12-20,Closed Won,7300.0,True
1903,22,13,1,2025-02-18,2025-05-27,Closed Won,3500.0,True
1904,75,4,2,2025-07-30,,Qualified,6900.0,False
1905,27,14,2,2025-01-02,,Proposal,18700.0,False
1906,67,14,1,2025-11-08,2026-05-01,Closed Lost,5400.0,False
1907,81,13,2,2025-05-02,2025-08-11,Closed Won,6600.0,True
1908,56,6,2,2025-05-14,,Qualified,13300.0,False
1909,92,17,3,2024-11-23,2025-01-06,Closed Lost,11000.0,False
1910,93,4,1,2025-10-07,2026-04-04,Closed Lost,4200.0,False
1911,21,8,1,2025-01-07,2025-02-23,Closed Won,7700.0,True
1912,47,17,1,2025-03-18,2025-08-08,Closed Lost,16400.0,False
1913,80,3,1,2025-06-25,,Negotiation,8200.0,False
1914,59,17,1,2025-05-15,,Qualified,16600.0,False
1915,84,9,2,2025-07-06,,Qualified,17000.0,False
1916,6,2,3,2024-12-13,2025-01-10,Closed Lost,5100.0,False
1917,19,13,1,2025-09-04,2025-09-26,Closed Won,7000.0,True
1918,57,20,3,2025-11-19,,Proposal,11300.0,False
1919,69,2,3,2025-03-01,2025-07-27,Closed Lost,3800.0,False
1920,3,20,2,2025-11-05,,Negotiation,7200.0,False
1921,1,11,1,2025-02-25,,Negotiation,10600.0,False
1922,58,15,2,2025-08-24,2026-01-13,Closed Lost,5900.0,False
1923,38,11,1,2024-11-19,2024-12-16,Closed Won,10900.0,True
1924,15,3,2,2025-02-25,2025-04-28,Closed Lost,6000.0,False
1925,34,3,3,2025-01-01,,Qualified,6000.0,False
1926,61,12,1,2025-09-02,2025-10-21,Closed Lost,11800.0,False
1927,35,5,3,2024-11-29,,Negotiation,16100.0,False
1928,64,20,3,2024-09-25,2024-11-16,Closed Lost,5700.0,False
1929,25,7,2,2025-02-09,2025-04-04,Closed Lost,4400.0,False
1930,24,7,1,2025-08-23,2025-11-21,Closed Lost,8000.0,False
1931,12,13,3,2024-10-20,2024-11-26,Closed Lost,10200.0,False
1932,18,9,2,2025-02-19,,Proposal,5700.0,False
1933,15,13,1,2024-09-10,2025-03-07,Closed Won,18600.0,True
1934,80,12,1,2025-04-05,2025-06-21,Closed Won,7500.0,True
1935,27,13,3,2025-12-08,,Proposal,5600.0,False
1936,72,10,1,2024-11-25,2025-04-10,Closed Lost,21300.0,False
1937,60,1,3,2025-06-15,2025-11-13,Closed Won,15300.0,True
1938,46,8,1,2025-02-13,2025-04-12,Closed Lost,5600.0,False
1939,89,16,2,2025-04-01,2025-05-22,Closed Lost,13800.0,False
1940,17,13,3,2024-10-15,2024-11-27,Closed Lost,5800.0,False
1941,93,3,3,2025-09-29,,Negotiation,11900.0,False
1942,53,3,1,2025-07-06,2025-08-25,Closed Won,19700.0,True
1943,8,5,1,2025-08-06,2025-12-07,Closed Won,4400.0,True
1944,79,11,3,2025-11-08,2025-12-22,Closed Lost,6200.0,False
1945,27,7,1,2026-02-13,2026-05-29,Closed Lost,6300.0,False
1946,46,10,2,2025-05-31,2025-10-08,Closed Won,9300.0,True
1947,50,10,1,2025-08-17,2025-08-29,Closed Lost,10300.0,False
1948,71,20,2,2024-08-30,,Negotiation,7800.0,False
1949,3,2,2,2025-12-26,2026-04-12,Closed Won,3500.0,True
1950,93,3,2,2025-07-29,2026-01-14,Closed Lost,4400.0,False
1951,64,8,2,2025-12-07,2026-04-26,Closed Lost,5200.0,False
1952,44,11,2,2025-04-28,,Negotiation,10700.0,False
1953,53,13,1,2025-04-14,2025-05-20,Closed Won,4000.0,True
1954,24,7,2,2024-11-13,2025-02-27,Closed Won,5100.0,True
1955,60,13,1,2024-11-23,2024-12-01,Closed Won,4600.0,True
1956,3,2,2,2025-09-20,2025-11-23,Closed Won,9600.0,True
1957,20,6,3,2025-05-17,2025-06-28,Closed Won,14300.0,True
1958,46,9,2,2025-10-13,,Proposal,8800.0,False
1959,15,20,3,2026-02-02,2026-07-31,Closed Lost,22000.0,False
1960,25,2,2,2025-05-02,2025-09-22,Closed Won,8800.0,True
1961,94,18,2,2024-12-22,2025-05-03,Closed Won,7700.0,True
1962,78,16,2,2024-09-01,2024-11-23,Closed Won,5500.0,True
1963,71,12,3,2025-07-04,2025-08-29,Closed Won,9000.0,True
1964,17,7,3,2025-05-22,,Qualified,5400.0,False
1965,84,7,2,2025-06-24,,Negotiation,5000.0,False
1966,100,17,1,2025-03-20,,Qualified,4900.0,False
1967,9,13,2,2025-11-29,,Proposal,7200.0,False
1968,38,11,3,2025-10-12,2026-01-21,Closed Lost,6300.0,False
1969,48,6,2,2025-03-26,2025-06-18,Closed Lost,30600.0,False
1970,60,14,3,2024-11-10,2025-01-09,Closed Won,9000.0,True
1971,63,6,3,2025-12-15,2026-02-06,Closed Lost,8900.0,False
1972,86,6,3,2026-02-20,,Negotiation,6100.0,False
1973,2,2,2,2024-09-09,,Proposal,37500.0,False
1974,88,20,3,2025-02-03,,Qualified,5100.0,False
1975,72,15,3,2026-01-29,2026-04-08,Closed Lost,6400.0,False
1976,11,17,2,2025-03-12,2025-04-06,Closed Lost,13400.0,False
1977,64,8,3,2025-08-03,2025-11-08,Closed Lost,9000.0,False
1978,77,5,2,2025-08-23,2026-01-13,Closed Won,4300.0,True
1979,81,17,3,2025-11-13,2026-02-28,Closed Won,8200.0,True
1980,72,20,1,2026-01-17,2026-03-01,Closed Lost,11400.0,False
1981,21,1,1,2025-07-07,,Proposal,10500.0,False
1982,18,18,3,2025-03-27,,Negotiation,11300.0,False
1983,94,15,1,2024-09-25,2024-11-22,Closed Lost,24200.0,False
1984,64,5,2,2025-05-15,2025-06-18,Closed Lost,9300.0,False
1985,82,7,1,2024-11-10,2024-12-22,Closed Lost,12100.0,False
1986,95,18,3,2025-10-09,2026-02-08,Closed Won,2400.0,True
1987,38,6,3,2025-05-01,,Negotiation,20600.0,False
1988,32,5,2,2024-09-03,2024-09-27,Closed Won,8400.0,True
1989,11,19,3,2025-09-27,2025-12-31,Closed Won,5300.0,True
1990,45,10,2,2025-05-31,2025-11-16,Closed Lost,7300.0,False
1991,89,15,1,2024-12-12,2025-03-06,Closed Lost,11300.0,False
1992,33,10,1,2025-09-04,,Negotiation,13600.0,False
1993,41,16,2,2025-05-17,2025-08-21,Closed Lost,7700.0,False
1994,8,12,2,2025-06-16,,Negotiation,10900.0,False
1995,11,18,3,2025-07-05,2025-07-26,Closed Lost,7100.0,False
1996,86,1,1,2026-01-13,,Proposal,10400.0,False
1997,51,16,2,2026-02-19,2026-03-14,Closed Lost,9000.0,False
1998,88,6,1,2025-08-22,2025-11-22,Closed Lost,9400.0,False
1999,41,3,2,2026-02-20,2026-06-24,Closed Won,6900.0,True
2000,17,2,1,2025-05-20,2025-07-29,Closed Lost,9900.0,False
2001,76,2,3,2025-12-09,,Proposal,5400.0,False
2002,46,13,1,2026-02-10,2026-04-13,Closed Lost,8900.0,False
2003,32,9,1,2025-04-13,,Negotiation,5900.0,False
2004,79,16,1,2024-10-20,2024-11-11,Closed Lost,4900.0,False
2005,80,5,1,2025-04-30,,Negotiation,5700.0,False
2006,54,7,1,2024-11-16,2025-03-30,Closed Won,7300.0,True
2007,86,13,3,2025-09-16,,Proposal,6200.0,False
2008,92,20,2,2025-02-18,,Negotiation,9900.0,False
2009,20,13,1,2025-01-18,2025-06-28,Closed Lost,8400.0,False
2010,33,7,3,2024-12-21,2025-01-27,Closed Won,13500.0,True
2011,74,10,1,2025-05-05,2025-10-27,Closed Won,7800.0,True
2012,40,15,1,2025-06-27,2025-12-14,Closed Lost,8900.0,False
2013,32,6,2,2024-10-20,2024-12-12,Closed Won,20600.0,True
2014,97,5,1,2024-10-30,2024-12-18,Closed Lost,6500.0,False
2015,2,2,3,2025-11-11,,Qualified,7000.0,False
2016,97,15,3,2025-09-14,,Qualified,14800.0,False
2017,33,16,2,2024-11-16,,Negotiation,5000.0,False
2018,77,19,1,2025-04-06,2025-09-03,Closed Won,15600.0,True
2019,30,9,3,2025-02-22,,Negotiation,7200.0,False
2020,33,19,1,2025-07-10,2025-08-13,Closed Won,5300.0,True
2021,77,7,1,2025-07-06,2025-10-06,Closed Lost,12700.0,False
2022,26,4,1,2025-09-25,2025-12-22,Closed Lost,7100.0,False
2023,22,3,2,2025-06-11,,Proposal,20200.0,False
2024,66,20,1,2025-06-11,,Proposal,8400.0,False
2025,38,11,3,2025-12-20,2026-03-12,Closed Won,8400.0,True
2026,90,1,1,2025-11-12,,Qualified,6000.0,False
2027,46,6,3,2025-10-08,2026-01-11,Closed Won,7500.0,True
2028,15,11,1,2026-01-12,,Proposal,7100.0,False
2029,98,1,3,2025-04-23,2025-07-07,Closed Lost,15800.0,False
2030,44,7,3,2025-10-16,2026-04-02,Closed Won,9400.0,True
2031,49,6,1,2025-01-23,2025-07-15,Closed Lost,11500.0,False
2032,75,14,1,2025-10-20,2026-02-26,Closed Lost,8500.0,False
2033,61,2,3,2025-05-22,2025-08-10,Closed Won,6600.0,True
2034,67,4,2,2026-01-24,2026-02-06,Closed Lost,9800.0,False
2035,6,11,1,2024-12-28,2025-04-14,Closed Won,18000.0,True
2036,9,15,2,2025-08-30,,Qualified,4800.0,False
2037,6,18,1,2025-01-28,,Negotiation,10000.0,False
2038,73,1,1,2025-02-14,2025-03-16,Closed Won,17100.0,True
2039,95,3,1,2025-03-21,,Qualified,5400.0,False
2040,32,3,1,2025-11-12,2026-03-23,Closed Lost,12800.0,False
2041,41,7,2,2025-02-05,,Negotiation,12900.0,False
2042,76,1,1,2025-11-25,2026-04-02,Closed Lost,4200.0,False
2043,8,11,3,2025-08-14,2025-08-30,Closed Won,14100.0,True
2044,72,6,3,2025-06-22,2025-07-15,Closed Lost,6000.0,False
2045,50,20,2,2025-04-12,,Qualified,9700.0,False
2046,92,3,1,2025-07-15,2025-11-10,Closed Lost,13500.0,False
2047,62,19,3,2025-02-20,,Qualified,14800.0,False
2048,84,2,2,2025-07-22,2025-10-07,Closed Lost,3800.0,False
2049,62,18,1,2024-09-20,2025-01-22,Closed Won,19800.0,True
2050,7,12,3,2024-11-23,2024-12-08,Closed Lost,16500.0,False
2051,75,10,3,2025-07-18,,Qualified,13700.0,False
2052,84,5,2,2025-02-22,2025-03-23,Closed Won,9700.0,True
2053,80,9,1,2024-11-25,,Negotiation,6500.0,False
2054,4,2,1,2025-08-10,2025-09-12,Closed Lost,4700.0,False
2055,6,2,3,2025-05-14,,Negotiation,3600.0,False
2056,58,6,3,2024-09-10,2024-12-06,Closed Lost,11200.0,False
2057,22,10,3,2026-01-03,2026-04-03,Closed Lost,13700.0,False
2058,26,18,1,2025-01-08,2025-02-26,Closed Won,7800.0,True
2059,3,12,2,2026-01-29,2026-02-11,Closed Lost,6400.0,False
2060,41,4,2,2025-05-04,2025-08-10,Closed Lost,8400.0,False
2061,60,17,1,2024-11-15,,Negotiation,5900.0,False
2062,14,15,2,2025-11-23,2026-02-21,Closed Lost,8200.0,False
2063,75,6,3,2026-02-05,2026-03-27,Closed Lost,5700.0,False
2064,82,16,2,2024-11-22,2025-05-14,Closed Lost,11000.0,False
2065,12,17,2,2024-10-30,2024-12-15,Closed Lost,15100.0,False
2066,87,3,2,2024-09-28,2025-02-16,Closed Lost,10400.0,False
2067,12,10,3,2025-01-09,2025-02-09,Closed Won,7800.0,True
2068,13,5,1,2025-02-16,,Negotiation,13300.0,False
2069,25,14,3,2025-01-06,2025-06-02,Closed Lost,8200.0,False
2070,45,13,1,2025-02-28,,Proposal,13100.0,False
2071,19,6,1,2025-07-30,2025-10-30,Closed Lost,5900.0,False
2072,55,12,1,2024-08-27,2024-12-23,Closed Lost,6300.0,False
2073,100,8,2,2025-05-06,2025-08-06,Closed Lost,4900.0,False
2074,45,5,2,2025-04-22,,Qualified,6400.0,False
2075,8,15,1,2025-10-11,2025-12-18,Closed Lost,13200.0,False
2076,93,16,1,2025-07-31,,Negotiation,5200.0,False
2077,53,1,2,2025-09-05,2026-01-02,Closed Lost,2600.0,False
2078,55,16,3,2025-01-15,,Qualified,6600.0,False
2079,32,5,1,2025-07-11,2025-12-10,Closed Lost,4500.0,False
2080,51,3,3,2024-12-22,2025-02-26,Closed Lost,6300.0,False
2081,44,20,2,2025-05-01,2025-07-06,Closed Lost,23200.0,False
2082,82,15,1,2025-06-29,2025-10-19,Closed Lost,5200.0,False
2083,70,13,3,2025-12-10,2025-12-18,Closed Won,11100.0,True
2084,18,16,3,2025-12-27,2026-04-03,Closed Lost,7800.0,False
2085,83,11,3,2025-08-04,,Proposal,9800.0,False
2086,22,2,2,2025-12-22,2026-02-14,Closed Won,6300.0,True
2087,37,6,2,2025-12-08,2026-03-27,Closed Lost,14500.0,False
2088,96,6,3,2025-09-08,2025-11-09,Closed Lost,10000.0,False
2089,56,14,3,2025-05-29,2025-06-16,Closed Won,10200.0,True
2090,59,11,2,2024-11-02,2025-01-02,Closed Won,8500.0,True
2091,3,8,3,2026-01-25,2026-07-06,Closed Lost,15200.0,False
2092,28,8,3,2025-08-23,,Proposal,10700.0,False
2093,74,1,2,2024-11-24,2024-12-04,Closed Won,9800.0,True
2094,35,7,3,2025-08-30,2025-10-11,Closed Lost,11200.0,False
2095,61,6,3,2025-07-27,2025-12-11,Closed Lost,3400.0,False
2096,93,8,3,2025-11-02,2025-11-09,Closed Lost,8900.0,False
2097,54,19,2,2025-07-24,2025-08-16,Closed Lost,7800.0,False
2098,63,20,3,2025-12-27,2026-03-05,Closed Lost,14500.0,False
2099,79,8,2,2024-10-01,2024-11-24,Closed Won,5700.0,True
2100,97,14,2,2025-08-16,2025-10-23,Closed Won,9000.0,True
2101,7,18,1,2025-05-03,,Qualified,21200.0,False
2102,76,16,1,2025-09-24,2026-02-24,Closed Lost,8000.0,False
2103,49,9,3,2025-02-08,2025-05-28,Closed Lost,4200.0,False
2104,94,15,2,2026-01-15,2026-05-11,Closed Lost,24000.0,False
2105,85,10,1,2025-05-09,2025-10-24,Closed Won,5700.0,True
2106,31,16,3,2025-11-24,,Qualified,4800.0,False
2107,58,4,1,2026-02-02,2026-06-02,Closed Lost,4900.0,False
2108,61,20,1,2025-07-29,2025-11-01,Closed Lost,11700.0,False
2109,24,13,2,2024-10-18,,Negotiation,15500.0,False
2110,20,5,2,2025-03-28,2025-05-29,Closed Lost,19500.0,False
2111,37,7,1,2025-11-29,,Qualified,8200.0,False
2112,4,9,1,2025-04-26,,Qualified,4900.0,False
2113,92,8,2,2025-08-30,2025-09-30,Closed Lost,6100.0,False
2114,20,16,3,2025-10-13,2026-02-28,Closed Won,8200.0,True
2115,60,6,2,2024-09-22,2024-10-30,Closed Lost,8000.0,False
2116,24,16,1,2025-08-25,2025-11-21,Closed Won,15600.0,True
2117,50,6,3,2024-12-08,2025-03-02,Closed Won,4200.0,True
2118,49,14,1,2025-10-14,2026-02-03,Closed Won,4600.0,True
2119,51,1,3,2025-09-24,,Negotiation,6900.0,False
2120,96,9,1,2025-05-21,2025-08-09,Closed Won,9700.0,True
2121,36,13,3,2024-12-16,2025-01-01,Closed Lost,6500.0,False
2122,98,19,3,2025-05-05,2025-09-11,Closed Won,6200.0,True
2123,100,17,1,2024-11-11,,Proposal,14600.0,False
2124,66,11,3,2024-12-28,2025-06-07,Closed Lost,10300.0,False
2125,79,8,2,2025-04-14,2025-05-30,Closed Lost,5000.0,False
2126,34,5,1,2025-02-19,,Negotiation,6300.0,False
2127,36,10,2,2025-01-26,,Negotiation,10500.0,False
2128,6,7,1,2025-11-19,,Proposal,4300.0,False
2129,39,10,3,2024-09-15,,Qualified,10500.0,False
2130,42,4,3,2025-12-08,2026-05-07,Closed Lost,6800.0,False
2131,58,9,3,2025-09-26,2026-02-12,Closed Lost,9700.0,False
2132,12,14,1,2025-01-03,2025-04-17,Closed Won,8600.0,True
2133,3,2,2,2025-10-17,2026-02-24,Closed Lost,4600.0,False
2134,18,9,2,2025-03-23,2025-08-27,Closed Won,5900.0,True
2135,40,1,1,2025-12-17,2026-02-04,Closed Lost,16700.0,False
2136,21,10,1,2025-08-05,,Negotiation,26500.0,False
2137,15,10,2,2025-02-04,2025-05-10,Closed Lost,3400.0,False
2138,97,20,2,2025-08-05,2025-08-24,Closed Won,13700.0,True
2139,99,3,2,2025-09-24,2026-02-05,Closed Won,9400.0,True
2140,26,6,2,2025-10-31,,Negotiation,23000.0,False
2141,8,6,1,2025-03-31,2025-08-23,Closed Lost,6100.0,False
2142,100,2,1,2025-06-26,2025-08-23,Closed Lost,12700.0,False
2143,94,18,3,2025-12-01,2025-12-24,Closed Lost,7000.0,False
2144,87,2,2,2024-11-29,2025-05-19,Closed Lost,15400.0,False
2145,42,12,3,2025-04-21,2025-05-10,Closed Won,25700.0,True
2146,44,5,1,2025-01-27,,Qualified,9000.0,False
2147,14,20,1,2025-04-06,,Negotiation,4600.0,False
2148,78,7,3,2025-10-19,,Proposal,16400.0,False
2149,2,16,2,2024-11-02,2025-02-12,Closed Won,10800.0,True
2150,37,20,2,2025-04-22,,Proposal,9800.0,False
2151,69,1,2,2026-02-03,,Negotiation,17900.0,False
2152,38,1,2,2024-10-06,,Negotiation,4600.0,False
2153,41,17,3,2025-12-07,2026-03-06,Closed Won,5700.0,True
2154,62,1,3,2025-08-28,,Proposal,10900.0,False
2155,60,20,1,2024-11-22,2025-03-11,Closed Won,5600.0,True
2156,14,13,2,2024-09-13,,Proposal,6900.0,False
2157,89,9,2,2025-02-10,2025-08-04,Closed Won,15300.0,True
2158,84,15,2,2025-03-02,2025-08-04,Closed Won,10100.0,True
2159,2,3,3,2024-11-07,,Negotiation,4500.0,False
2160,70,14,2,2025-05-30,2025-11-09,Closed Lost,9900.0,False
2161,17,11,3,2025-08-21,2026-01-19,Closed Won,15100.0,True
2162,89,12,2,2025-02-17,,Qualified,8800.0,False
2163,28,13,2,2025-04-17,,Qualified,12500.0,False
2164,66,13,1,2025-01-04,2025-05-15,Closed Won,6300.0,True
2165,35,1,2,2025-05-29,,Qualified,9200.0,False
2166,5,10,2,2024-09-10,2024-11-08,Closed Lost,3700.0,False
2167,65,3,1,2025-08-28,2025-11-27,Closed Lost,11100.0,False
2168,40,4,3,2024-12-12,2025-01-04,Closed Won,9700.0,True
2169,76,16,3,2025-03-31,2025-07-19,Closed Lost,4300.0,False
2170,56,8,2,2025-06-22,2025-10-11,Closed Won,17300.0,True
2171,36,16,3,2025-07-13,2025-10-31,Closed Won,10800.0,True
2172,45,17,2,2025-11-02,,Qualified,5700.0,False
2173,23,19,1,2025-11-03,2026-04-05,Closed Lost,11200.0,False
2174,47,15,1,2025-02-08,,Proposal,5000.0,False
2175,31,16,2,2025-09-01,,Proposal,5300.0,False
2176,11,15,1,2025-09-07,2025-10-20,Closed Lost,5000.0,False
2177,10,2,1,2024-09-05,,Negotiation,4900.0,False
2178,67,11,2,2026-01-04,,Proposal,10100.0,False
2179,14,1,2,2025-09-17,2026-02-24,Closed Won,8500.0,True
2180,80,15,1,2026-02-22,2026-07-08,Closed Won,11800.0,True
2181,74,19,3,2026-02-03,,Qualified,2000.0,False
2182,93,4,3,2025-12-27,,Qualified,6700.0,False
2183,10,11,2,2026-02-23,,Negotiation,6700.0,False
2184,76,5,2,2025-09-11,2025-10-24,Closed Lost,8300.0,False
2185,94,3,3,2025-03-06,2025-04-12,Closed Won,8200.0,True
2186,1,13,1,2025-06-18,2025-10-01,Closed Lost,9100.0,False
2187,5,10,3,2026-02-20,2026-05-31,Closed Lost,8500.0,False
2188,20,11,3,2025-06-26,2025-07-08,Closed Lost,6400.0,False
2189,8,18,3,2025-05-01,2025-05-22,Closed Lost,6600.0,False
2190,43,2,3,2024-08-30,2025-01-26,Closed Lost,7900.0,False
2191,76,7,2,2025-03-18,,Negotiation,10400.0,False
2192,1,9,2,2024-12-31,2025-01-26,Closed Lost,8500.0,False
2193,57,10,1,2024-09-17,2024-12-09,Closed Lost,5500.0,False
2194,64,18,1,2025-11-19,,Negotiation,5300.0,False
2195,84,7,1,2025-02-24,,Qualified,10500.0,False
2196,28,7,1,2025-12-19,2026-02-09,Closed Lost,11800.0,False
2197,37,3,3,2024-10-12,2025-01-21,Closed Won,13800.0,True
2198,47,12,2,2024-08-27,,Negotiation,6300.0,False
2199,76,7,2,2025-01-29,2025-04-09,Closed Lost,3200.0,False
2200,37,17,1,2025-03-18,,Proposal,9800.0,False
2201,49,1,1,2025-05-06,2025-09-20,Closed Lost,5700.0,False
2202,44,5,3,2025-03-15,2025-03-30,Closed Won,7700.0,True
2203,56,16,3,2024-09-02,2025-02-08,Closed Lost,8700.0,False
2204,28,15,1,2024-08-30,2024-10-17,Closed Lost,10700.0,False
2205,79,2,2,2025-10-05,2025-12-23,Closed Won,12700.0,True
2206,6,9,2,2024-09-23,2024-12-22,Closed Lost,14500.0,False
2207,61,7,2,2026-02-13,,Negotiation,15700.0,False
2208,20,4,1,2025-09-13,2025-10-10,Closed Won,8500.0,True
2209,78,20,2,2025-04-07,2025-09-10,Closed Lost,3500.0,False
2210,2,18,3,2025-12-10,,Negotiation,6000.0,False
2211,73,4,3,2025-03-17,2025-05-25,Closed Won,16400.0,True
2212,37,13,1,2025-07-06,,Negotiation,8700.0,False
2213,20,1,3,2025-08-05,,Proposal,24100.0,False
2214,26,3,1,2025-04-13,2025-06-22,Closed Won,6700.0,True
2215,29,16,2,2024-10-05,2024-12-19,Closed Lost,25800.0,False
2216,1,4,2,2025-01-11,,Qualified,8100.0,False
2217,35,16,2,2025-02-14,2025-06-29,Closed Lost,6600.0,False
2218,70,19,3,2025-11-14,2026-03-06,Closed Won,5700.0,True
2219,59,1,1,2024-11-12,,Proposal,11300.0,False
2220,69,5,2,2025-01-04,,Qualified,4000.0,False
2221,33,19,1,2025-02-15,,Qualified,6200.0,False
2222,51,11,2,2025-09-09,2025-12-27,Closed Won,7900.0,True
2223,78,13,3,2025-04-22,2025-06-27,Closed Lost,2600.0,False
2224,12,20,3,2025-01-10,2025-03-03,Closed Won,7700.0,True
2225,20,5,1,2025-11-22,2025-12-03,Closed Lost,19200.0,False
2226,53,4,3,2025-11-05,2026-03-04,Closed Won,10100.0,True
2227,88,4,3,2024-10-17,2025-03-22,Closed Won,5800.0,True
2228,43,4,1,2026-01-31,2026-04-17,Closed Lost,6400.0,False
2229,98,4,2,2025-10-15,2026-03-30,Closed Lost,9600.0,False
2230,89,20,3,2024-11-18,2024-12-05,Closed Lost,6300.0,False
2231,50,18,1,2024-08-30,2025-01-21,Closed Lost,10200.0,False
2232,29,18,3,2025-12-12,,Proposal,6200.0,False
2233,57,16,3,2025-03-25,2025-07-07,Closed Won,4900.0,True
2234,39,9,3,2026-01-01,,Negotiation,14600.0,False
2235,95,18,3,2026-01-07,,Negotiation,11600.0,False
2236,56,2,1,2025-04-24,2025-08-16,Closed Won,3200.0,True
2237,43,4,1,2025-12-13,2026-03-09,Closed Lost,6800.0,False
2238,50,12,1,2025-06-27,2025-12-16,Closed Lost,13600.0,False
2239,23,7,3,2025-04-10,,Proposal,7500.0,False
2240,44,15,3,2025-09-09,2025-11-06,Closed Lost,6100.0,False
2241,38,7,3,2025-01-24,,Negotiation,7100.0,False
2242,84,17,1,2025-02-13,,Proposal,8600.0,False
2243,23,16,3,2024-12-15,,Proposal,7400.0,False
2244,45,19,2,2025-09-16,2025-10-27,Closed Lost,7800.0,False
2245,52,9,3,2025-06-29,,Proposal,7500.0,False
2246,80,14,2,2025-06-18,,Proposal,5000.0,False
2247,50,17,3,2024-09-09,2025-02-27,Closed Lost,4900.0,False
2248,8,5,1,2024-09-03,2024-12-14,Closed Lost,4700.0,False
2249,85,2,3,2025-09-30,2026-01-31,Closed Lost,8500.0,False
2250,1,20,2,2025-04-11,2025-05-07,Closed Lost,10800.0,False
2251,8,16,2,2025-05-27,,Negotiation,5100.0,False
2252,29,14,3,2025-08-10,2025-08-20,Closed Won,3800.0,True
2253,96,14,2,2025-06-21,,Negotiation,5200.0,False
2254,5,1,2,2026-02-14,,Proposal,16300.0,False
2255,86,3,1,2025-12-05,2025-12-31,Closed Lost,6900.0,False
2256,47,7,3,2024-11-07,2025-03-15,Closed Lost,7300.0,False
2257,34,15,3,2026-01-25,2026-06-17,Closed Lost,5400.0,False
2258,65,19,3,2024-09-15,,Negotiation,10800.0,False
2259,55,20,2,2024-09-06,2025-02-13,Closed Won,7600.0,True
2260,90,2,3,2026-01-29,2026-05-17,Closed Lost,5600.0,False
2261,43,19,3,2025-08-04,2025-09-04,Closed Lost,4800.0,False
2262,74,9,1,2025-02-10,,Proposal,9800.0,False
2263,30,19,1,2025-07-15,,Qualified,9200.0,False
2264,82,5,1,2025-12-20,2026-02-09,Closed Lost,4400.0,False
2265,17,18,2,2025-12-24,2026-02-09,Closed Lost,15000.0,False
2266,26,16,3,2025-11-27,,Proposal,5900.0,False
2267,8,4,1,2025-09-04,2026-01-05,Closed Lost,2700.0,False
2268,47,12,1,2025-02-02,2025-02-27,Closed Lost,17400.0,False
2269,76,7,1,2025-08-29,2025-09-18,Closed Lost,7700.0,False
2270,91,14,3,2025-10-20,2026-03-02,Closed Lost,10100.0,False
2271,72,12,3,2025-12-12,2026-05-16,Closed Lost,18700.0,False
2272,89,3,3,2025-09-08,2026-02-04,Closed Lost,4900.0,False
2273,46,5,2,2025-01-24,2025-02-02,Closed Lost,10300.0,False
2274,68,17,2,2025-05-06,2025-06-18,Closed Lost,14600.0,False
2275,33,10,1,2024-10-29,2025-03-01,Closed Won,5100.0,True
2276,1,10,3,2025-08-01,2025-08-23,Closed Won,16800.0,True
2277,19,11,1,2025-05-26,2025-10-21,Closed Lost,4000.0,False
2278,31,17,3,2025-09-17,2025-10-02,Closed Lost,7700.0,False
2279,80,5,3,2025-11-14,,Proposal,4700.0,False
2280,14,13,3,2025-05-08,2025-10-03,Closed Won,11500.0,True
2281,53,10,2,2025-06-25,,Qualified,5000.0,False
2282,48,9,2,2024-11-25,2024-12-16,Closed Lost,6000.0,False
2283,69,17,3,2025-11-29,2026-02-15,Closed Lost,5200.0,False
2284,90,1,1,2025-04-25,2025-10-10,Closed Lost,4400.0,False
2285,62,4,3,2025-02-25,2025-06-15,Closed Lost,5500.0,False
2286,92,4,3,2025-08-30,,Qualified,7900.0,False
2287,66,18,1,2025-10-02,2026-01-12,Closed Lost,7700.0,False
2288,64,9,3,2025-10-04,2026-02-09,Closed Lost,7300.0,False
2289,70,18,1,2024-12-25,,Proposal,5800.0,False
2290,63,14,2,2025-07-25,2025-12-26,Closed Lost,6800.0,False
2291,73,15,2,2025-07-29,2025-10-23,Closed Lost,3700.0,False
2292,33,6,1,2025-02-16,2025-03-01,Closed Won,5700.0,True
2293,41,10,2,2025-02-08,2025-06-29,Closed Lost,7300.0,False
2294,89,15,2,2024-09-30,2024-11-25,Closed Lost,9400.0,False
2295,48,4,1,2024-10-30,2025-03-15,Closed Won,8800.0,True
2296,13,18,2,2025-04-15,2025-06-07,Closed Won,4400.0,True
2297,73,18,3,2025-09-07,2025-09-27,Closed Won,10000.0,True
2298,77,17,3,2024-10-18,,Proposal,8600.0,False
2299,31,12,1,2025-05-26,,Negotiation,16600.0,False
2300,75,7,2,2024-11-29,,Qualified,3800.0,False
2301,68,16,3,2026-01-31,,Negotiation,7600.0,False
2302,98,11,3,2025-07-13,,Negotiation,13600.0,False
2303,4,14,2,2025-11-26,,Proposal,7000.0,False
2304,19,3,2,2025-02-17,2025-07-30,Closed Lost,5100.0,False
2305,70,19,3,2024-12-19,2024-12-30,Closed Won,5400.0,True
2306,98,18,3,2025-12-04,2026-04-02,Closed Won,12000.0,True
2307,82,10,1,2026-02-22,2026-06-26,Closed Lost,3700.0,False
2308,13,6,1,2025-11-20,,Proposal,6900.0,False
2309,23,13,3,2024-09-17,2024-10-29,Closed Won,5200.0,True
2310,83,10,1,2025-12-25,2026-03-20,Closed Lost,5400.0,False
2311,75,18,3,2024-08-30,2024-09-24,Closed Lost,10100.0,False
2312,1,20,3,2026-01-20,2026-02-17,Closed Lost,6600.0,False
2313,88,16,1,2026-02-06,2026-07-24,Closed Lost,9100.0,False
2314,54,6,1,2025-01-18,2025-03-21,Closed Lost,4400.0,False
2315,71,13,2,2025-12-23,2026-01-15,Closed Lost,12300.0,False
2316,89,4,2,2024-09-16,2024-10-09,Closed Won,9000.0,True
2317,85,14,2,2025-10-21,2026-03-22,Closed Lost,15000.0,False
2318,15,1,3,2025-06-11,2025-12-07,Closed Lost,6600.0,False
2319,65,20,1,2025-02-23,,Qualified,10100.0,False
2320,76,5,3,2025-10-27,2025-12-28,Closed Won,12000.0,True
2321,71,8,1,2025-07-05,2025-09-29,Closed Won,10000.0,True
2322,15,12,3,2025-09-24,,Proposal,18900.0,False
2323,21,2,2,2025-07-12,2025-09-14,Closed Lost,3500.0,False
2324,19,12,2,2026-02-19,2026-03-15,Closed Lost,8800.0,False
2325,60,5,2,2024-11-06,2025-03-27,Closed Won,6600.0,True
2326,93,5,3,2025-12-21,,Negotiation,6400.0,False
2327,89,13,1,2024-11-18,2024-12-04,Closed Lost,17100.0,False
2328,33,9,1,2025-04-11,2025-06-25,Closed Lost,5900.0,False
2329,49,10,2,2024-08-29,,Proposal,12400.0,False
2330,96,1,2,2026-02-23,2026-07-10,Closed Lost,4800.0,False
2331,35,3,2,2024-10-13,,Negotiation,13500.0,False
2332,44,18,2,2025-09-22,2026-01-15,Closed Lost,8000.0,False
2333,90,12,1,2025-03-31,2025-05-20,Closed Lost,7000.0,False
2334,11,3,3,2025-10-24,,Proposal,3800.0,False
2335,99,9,3,2025-01-12,2025-05-30,Closed Won,7000.0,True
2336,72,2,3,2025-08-20,,Proposal,5700.0,False
2337,78,3,3,2025-09-08,,Qualified,19400.0,False
2338,74,14,2,2025-05-26,2025-07-09,Closed Lost,8300.0,False
2339,66,4,2,2025-05-20,,Qualified,6000.0,False
2340,46,19,2,2024-09-05,2025-03-02,Closed Lost,5900.0,False
2341,9,13,3,2025-06-16,,Negotiation,4100.0,False
2342,3,7,2,2025-11-29,2025-12-24,Closed Lost,17300.0,False
2343,85,12,2,2026-01-31,2026-06-06,Closed Lost,15200.0,False
2344,26,3,1,2025-04-13,2025-06-26,Closed Lost,7800.0,False
2345,72,9,1,2024-09-18,2024-11-29,Closed Lost,24100.0,False
2346,48,2,2,2025-12-06,2026-05-02,Closed Lost,8100.0,False
2347,66,9,1,2024-11-23,,Proposal,14000.0,False
2348,70,12,1,2025-06-27,,Proposal,10800.0,False
2349,28,12,2,2024-10-13,2025-03-26,Closed Won,6100.0,True
2350,93,15,2,2025-07-07,2025-10-09,Closed Lost,8900.0,False
2351,26,2,2,2025-02-19,,Proposal,9800.0,False
2352,25,18,2,2024-12-20,2025-04-10,Closed Won,4200.0,True
2353,12,13,3,2024-10-04,2024-12-23,Closed Lost,9400.0,False
2354,5,14,3,2025-05-09,2025-08-05,Closed Lost,14300.0,False
2355,98,5,2,2025-03-07,2025-04-01,Closed Won,5700.0,True
2356,48,10,1,2025-05-04,2025-07-20,Closed Lost,7300.0,False
2357,37,12,2,2025-07-24,,Negotiation,4700.0,False
2358,79,10,2,2026-01-06,2026-06-08,Closed Lost,6400.0,False
2359,44,11,1,2025-05-04,2025-07-28,Closed Won,6600.0,True
2360,100,2,3,2026-01-18,,Negotiation,17800.0,False
2361,15,5,2,2025-04-21,2025-06-08,Closed Won,6900.0,True
2362,43,7,2,2025-01-18,2025-05-20,Closed Won,6200.0,True
2363,48,6,3,2025-06-17,2025-06-27,Closed Won,7700.0,True
2364,87,3,3,2025-11-18,2025-11-28,Closed Won,3500.0,True
2365,70,13,1,2025-09-19,2025-09-30,Closed Won,2500.0,True
2366,46,3,3,2025-03-22,2025-05-08,Closed Lost,4100.0,False
2367,43,6,3,2026-02-11,2026-06-05,Closed Lost,9500.0,False
2368,21,11,3,2024-12-31,2025-04-03,Closed Lost,8100.0,False
2369,23,17,1,2025-07-17,2025-11-04,Closed Lost,12500.0,False
2370,80,10,3,2025-05-05,,Proposal,3800.0,False
2371,47,12,3,2025-12-14,2026-03-31,Closed Lost,7300.0,False
2372,15,17,1,2024-10-24,2025-01-13,Closed Won,3700.0,True
2373,25,4,3,2025-06-29,,Qualified,9300.0,False
2374,36,2,3,2025-10-03,2025-10-22,Closed Lost,4100.0,False
2375,75,11,1,2024-12-05,2025-05-02,Closed Won,7200.0,True
2376,51,7,2,2024-09-06,2024-10-07,Closed Lost,9000.0,False
2377,15,2,1,2025-05-08,,Qualified,6700.0,False
2378,68,18,3,2025-10-08,2026-04-04,Closed Won,2600.0,True
2379,21,4,3,2025-05-08,2025-08-04,Closed Lost,18600.0,False
2380,13,8,3,2025-05-09,2025-05-25,Closed Lost,6300.0,False
2381,86,20,1,2024-10-06,2024-12-01,Closed Lost,3600.0,False
2382,19,14,3,2025-07-19,,Negotiation,11900.0,False
2383,34,12,3,2025-02-03,2025-07-01,Closed Lost,12100.0,False
2384,78,18,1,2025-03-03,2025-03-24,Closed Lost,7000.0,False
2385,68,11,2,2026-01-25,,Proposal,17500.0,False
2386,52,8,2,2025-09-27,2025-10-05,Closed Won,5600.0,True
2387,27,2,3,2025-08-31,2026-02-11,Closed Won,8800.0,True
2388,29,15,1,2024-10-26,2024-12-01,Closed Won,10500.0,True
2389,28,9,3,2025-09-13,,Proposal,17300.0,False
2390,35,19,1,2025-12-30,,Qualified,3100.0,False
2391,8,20,1,2025-10-11,,Negotiation,25500.0,False
2392,16,8,2,2024-09-21,2025-02-22,Closed Lost,14600.0,False
2393,36,19,2,2025-05-15,2025-09-12,Closed Won,10100.0,True
2394,30,5,1,2025-07-16,2025-08-26,Closed Won,5400.0,True
2395,18,11,3,2025-12-27,,Negotiation,5200.0,False
2396,2,15,2,2025-03-27,2025-07-17,Closed Lost,9400.0,False
2397,49,8,3,2025-07-08,2025-10-19,Closed Lost,10400.0,False
2398,77,19,2,2025-09-25,,Qualified,9700.0,False
2399,4,8,2,2024-12-05,2025-03-21,Closed Won,8800.0,True
2400,90,19,3,2025-07-18,2025-09-17,Closed Lost,10100.0,False
2401,89,18,2,2024-10-08,,Negotiation,2700.0,False
2402,94,10,2,2025-07-02,2025-12-23,Closed Lost,7100.0,False
2403,75,7,3,2025-01-16,2025-03-22,Closed Lost,4100.0,False
2404,7,9,2,2025-11-27,2026-04-10,Closed Lost,7900.0,False
2405,95,1,2,2025-12-21,2026-01-28,Closed Lost,15600.0,False
2406,74,19,2,2025-10-06,2026-01-13,Closed Lost,5100.0,False
2407,39,5,3,2024-09-18,2024-10-01,Closed Won,5700.0,True
2408,13,19,1,2024-09-20,2024-09-28,Closed Lost,5300.0,False
2409,31,1,3,2025-05-20,,Qualified,5700.0,False
2410,71,15,1,2026-01-05,2026-05-25,Closed Won,10700.0,True
2411,63,16,2,2025-05-02,2025-08-22,Closed Lost,12000.0,False
2412,56,7,1,2025-09-11,2025-10-23,Closed Lost,16900.0,False
2413,42,12,3,2024-10-21,,Qualified,4900.0,False
2414,61,8,3,2024-12-07,2025-01-27,Closed Lost,11400.0,False
2415,42,5,2,2025-03-30,,Proposal,12400.0,False
2416,56,10,1,2025-11-06,,Proposal,18500.0,False
2417,36,5,2,2026-02-19,,Proposal,5100.0,False
2418,84,17,2,2024-11-26,,Qualified,3000.0,False
2419,68,5,3,2024-11-19,2025-02-20,Closed Lost,7100.0,False
2420,7,15,1,2025-04-10,,Negotiation,33000.0,False
2421,54,13,1,2025-05-24,,Proposal,4700.0,False
2422,1,1,1,2025-04-25,,Proposal,10300.0,False
2423,44,11,1,2024-12-11,2024-12-28,Closed Lost,2700.0,False
2424,45,1,2,2025-04-13,2025-06-08,Closed Won,20100.0,True
2425,47,11,2,2025-05-27,2025-11-12,Closed Lost,3200.0,False
2426,13,18,3,2025-12-12,2026-04-19,Closed Won,2500.0,True
2427,22,18,2,2025-10-13,,Negotiation,8500.0,False
2428,21,16,2,2024-12-28,,Negotiation,8600.0,False
2429,86,13,3,2025-04-16,2025-05-23,Closed Lost,16500.0,False
2430,92,7,3,2024-12-28,,Negotiation,12400.0,False
2431,9,1,3,2025-09-20,2026-03-01,Closed Won,3000.0,True
2432,26,16,2,2025-12-10,2026-05-18,Closed Lost,7500.0,False
2433,9,1,2,2025-09-21,2025-12-28,Closed Won,5700.0,True
2434,15,17,3,2024-12-11,2025-05-19,Closed Lost,4200.0,False
2435,10,6,3,2024-11-20,,Negotiation,10100.0,False
2436,88,2,3,2025-05-29,2025-09-04,Closed Won,13600.0,True
2437,42,17,2,2025-07-21,2025-12-03,Closed Lost,5400.0,False
2438,72,6,2,2025-04-03,2025-05-21,Closed Won,6900.0,True
2439,24,14,1,2024-12-01,2025-03-27,Closed Won,7100.0,True
2440,80,18,2,2025-01-01,,Qualified,5800.0,False
2441,49,6,2,2024-09-04,2024-09-28,Closed Lost,6500.0,False
2442,26,10,2,2025-11-22,2026-02-13,Closed Lost,5800.0,False
2443,91,18,3,2025-11-06,,Qualified,8600.0,False
2444,37,9,2,2024-11-28,2024-12-24,Closed Won,6000.0,True
2445,68,8,3,2024-12-20,,Negotiation,10000.0,False
2446,50,10,1,2025-06-11,2025-08-31,Closed Won,6000.0,True
2447,24,17,1,2024-08-23,2024-10-30,Closed Won,11200.0,True
2448,19,6,3,2025-04-29,,Qualified,6000.0,False
2449,100,14,3,2025-01-18,,Qualified,11000.0,False
2450,60,6,3,2025-09-21,2025-10-25,Closed Lost,5300.0,False
2451,39,7,2,2024-10-05,2024-12-24,Closed Lost,12600.0,False
2452,74,12,1,2024-10-05,,Negotiation,3300.0,False
2453,89,3,3,2024-11-08,2024-12-06,Closed Lost,8100.0,False
2454,18,14,2,2025-04-05,2025-09-29,Closed Lost,6100.0,False
2455,19,19,1,2025-01-31,2025-07-20,Closed Lost,7900.0,False
2456,36,16,2,2025-05-02,2025-08-12,Closed Won,4500.0,True
2457,74,7,1,2025-01-01,2025-05-09,Closed Won,7400.0,True
2458,97,8,2,2025-11-13,,Negotiation,4700.0,False
2459,55,18,1,2025-12-09,2026-02-05,Closed Lost,7200.0,False
2460,69,13,1,2024-12-09,,Qualified,6900.0,False
2461,47,9,2,2024-09-26,2025-03-07,Closed Lost,9600.0,False
2462,49,10,3,2025-12-02,2026-02-24,Closed Lost,8400.0,False
2463,99,9,1,2025-05-24,2025-11-10,Closed Lost,20700.0,False
2464,98,15,3,2025-02-25,2025-05-12,Closed Lost,6300.0,False
2465,33,20,2,2025-04-22,2025-09-12,Closed Lost,7600.0,False
2466,21,2,3,2025-05-13,2025-06-09,Closed Lost,39800.0,False
2467,81,13,3,2026-01-26,,Negotiation,7200.0,False
2468,22,2,3,2026-02-14,2026-05-07,Closed Lost,13100.0,False
2469,48,19,3,2024-11-17,2025-01-23,Closed Lost,10800.0,False
2470,37,2,3,2026-02-08,,Proposal,26000.0,False
2471,15,3,1,2025-03-20,,Qualified,4000.0,False
2472,35,6,1,2024-10-07,2024-10-17,Closed Lost,3700.0,False
2473,92,3,1,2025-12-02,2026-01-08,Closed Lost,4600.0,False
2474,71,10,2,2026-02-13,,Negotiation,8800.0,False
2475,32,6,3,2024-09-17,,Negotiation,4900.0,False
2476,11,16,1,2025-05-15,2025-07-29,Closed Lost,2800.0,False
2477,10,17,2,2025-02-13,2025-04-30,Closed Lost,5100.0,False
2478,73,19,1,2026-01-20,,Qualified,9700.0,False
2479,78,3,1,2025-06-29,,Negotiation,5200.0,False
2480,77,18,3,2025-07-10,,Negotiation,14300.0,False
2481,57,7,2,2025-01-04,2025-01-18,Closed Won,4600.0,True
2482,25,9,3,2024-10-16,2024-10-31,Closed Lost,8200.0,False
2483,2,20,3,2026-02-16,2026-03-09,Closed Lost,6700.0,False
2484,64,12,1,2026-02-04,2026-05-26,Closed Lost,8900.0,False
2485,35,5,3,2025-01-25,2025-02-07,Closed Lost,9400.0,False
2486,7,3,2,2025-01-16,2025-04-04,Closed Lost,17900.0,False
2487,85,11,3,2025-12-20,2026-04-20,Closed Won,11400.0,True
2488,18,4,3,2024-09-11,2024-10-02,Closed Won,6600.0,True
2489,67,5,3,2025-05-18,,Qualified,11000.0,False
2490,42,1,1,2025-07-21,,Proposal,11800.0,False
2491,39,18,2,2025-09-27,,Proposal,22500.0,False
2492,41,12,1,2025-06-24,,Qualified,7500.0,False
2493,75,13,1,2024-09-19,2024-11-21,Closed Lost,7800.0,False
2494,24,9,1,2025-12-02,2026-03-10,Closed Won,15600.0,True
2495,60,2,1,2025-05-09,2025-08-04,Closed Lost,3000.0,False
2496,46,5,1,2026-02-07,2026-07-10,Closed Lost,7300.0,False
2497,19,13,2,2024-12-01,,Qualified,11500.0,False
2498,68,16,3,2025-08-10,2026-01-22,Closed Lost,13700.0,False
2499,90,16,1,2025-06-18,2025-09-07,Closed Won,2700.0,True
2500,42,3,1,2025-06-14,2025-09-07,Closed Won,4200.0,True
2501,32,4,2,2025-08-10,2025-08-26,Closed Lost,2300.0,False
2502,39,11,2,2024-12-30,2025-04-22,Closed Lost,12500.0,False
2503,36,14,3,2025-01-25,2025-04-28,Closed Lost,9000.0,False
2504,97,3,2,2024-11-04,2025-01-16,Closed Won,16500.0,True
2505,36,16,3,2025-07-30,2025-10-06,Closed Lost,8200.0,False
2506,3,15,1,2025-11-30,,Proposal,24800.0,False
2507,73,10,1,2024-11-20,2025-04-21,Closed Won,5100.0,True
2508,8,9,3,2025-11-20,2026-04-28,Closed Lost,6700.0,False
2509,97,11,2,2025-07-20,2025-11-10,Closed Won,10000.0,True
2510,70,16,3,2025-08-05,2026-01-06,Closed Lost,5700.0,False
2511,41,10,2,2025-04-12,2025-07-20,Closed Won,10000.0,True
2512,68,17,1,2024-12-02,2025-03-04,Closed Won,7700.0,True
2513,13,19,2,2025-12-16,,Negotiation,7400.0,False
2514,49,2,3,2025-03-24,,Negotiation,7600.0,False
2515,60,2,3,2024-12-08,2024-12-24,Closed Lost,11500.0,False
2516,2,6,1,2025-02-03,2025-07-08,Closed Lost,6800.0,False
2517,60,19,2,2025-07-23,2025-08-27,Closed Won,4600.0,True
2518,5,8,2,2024-11-16,2025-02-26,Closed Lost,8400.0,False
2519,44,3,2,2025-10-20,2025-11-05,Closed Won,5900.0,True
2520,27,14,1,2025-08-21,2025-09-09,Closed Won,4900.0,True
2521,32,16,2,2024-10-21,2024-12-13,Closed Lost,3400.0,False
2522,21,1,3,2025-12-17,,Negotiation,12900.0,False
2523,8,3,2,2025-04-29,,Negotiation,11300.0,False
2524,72,18,1,2024-12-17,,Proposal,16400.0,False
2525,50,9,2,2026-02-18,2026-06-20,Closed Lost,8100.0,False
2526,67,6,2,2024-10-05,2025-02-01,Closed Won,13900.0,True
2527,44,1,3,2026-01-13,2026-04-14,Closed Lost,5100.0,False
2528,58,10,2,2025-02-03,2025-04-03,Closed Lost,3100.0,False
2529,3,6,3,2025-08-25,2026-01-08,Closed Lost,5600.0,False
2530,86,12,3,2025-06-10,2025-08-23,Closed Won,7300.0,True
2531,70,4,1,2025-06-04,2025-08-28,Closed Lost,9700.0,False
2532,2,13,3,2025-03-14,,Proposal,15400.0,False
2533,87,17,3,2026-01-28,,Proposal,9500.0,False
2534,44,8,1,2024-12-21,2025-05-11,Closed Won,25100.0,True
2535,2,20,3,2025-02-26,2025-07-29,Closed Won,8600.0,True
2536,81,3,1,2024-09-04,2025-03-01,Closed Won,8500.0,True
2537,35,12,2,2025-03-10,2025-05-18,Closed Won,9600.0,True
2538,98,7,1,2025-11-21,2026-01-31,Closed Lost,9800.0,False
2539,87,12,3,2025-11-13,,Proposal,9700.0,False
2540,30,2,1,2024-11-01,2025-02-24,Closed Lost,4400.0,False
2541,8,14,3,2024-12-30,2025-01-31,Closed Lost,12400.0,False
2542,22,5,2,2024-10-04,2025-03-31,Closed Lost,28400.0,False
2543,44,9,1,2026-01-24,2026-02-11,Closed Lost,5200.0,False
2544,58,11,2,2024-09-04,2025-02-07,Closed Lost,7900.0,False
2545,36,5,3,2026-02-08,,Qualified,4100.0,False
2546,69,3,3,2025-06-20,2025-11-15,Closed Lost,11800.0,False
2547,77,17,2,2026-01-31,2026-05-03,Closed Won,11800.0,True
2548,93,2,1,2024-12-15,,Negotiation,3800.0,False
2549,31,1,1,2025-11-25,2026-05-22,Closed Won,4200.0,True
2550,47,7,3,2026-01-09,2026-06-30,Closed Lost,2900.0,False
2551,55,14,2,2025-06-26,2025-12-19,Closed Lost,17800.0,False
2552,80,5,2,2025-07-13,,Proposal,5300.0,False
2553,62,19,1,2025-02-13,2025-04-23,Closed Won,7600.0,True
2554,30,11,1,2026-01-18,2026-05-24,Closed Lost,6700.0,False
2555,55,2,1,2025-02-10,,Negotiation,13300.0,False
2556,16,8,2,2026-01-06,,Qualified,11300.0,False
2557,12,9,1,2025-07-22,2025-09-05,Closed Won,11000.0,True
2558,17,3,1,2025-06-02,,Negotiation,5400.0,False
2559,16,2,3,2025-12-10,2026-04-16,Closed Won,11400.0,True
2560,12,7,1,2024-10-15,2025-02-06,Closed Won,12900.0,True
2561,8,5,1,2025-11-23,2026-05-13,Closed Won,11200.0,True
2562,84,5,2,2025-10-16,2025-12-26,Closed Lost,4300.0,False
2563,3,20,2,2025-10-05,2026-02-06,Closed Won,4600.0,True
2564,16,13,3,2025-06-22,,Negotiation,19300.0,False
2565,30,20,1,2025-04-01,2025-09-14,Closed Lost,21400.0,False
2566,23,6,3,2026-02-06,2026-02-20,Closed Lost,7800.0,False
2567,92,20,2,2025-01-27,2025-05-10,Closed Lost,7800.0,False
2568,5,18,3,2025-08-05,,Qualified,8800.0,False
2569,84,2,2,2025-01-28,,Qualified,10800.0,False
2570,65,6,3,2025-04-14,2025-07-25,Closed Won,3900.0,True
2571,30,9,3,2025-10-01,,Qualified,9100.0,False
2572,21,3,1,2025-05-06,2025-05-17,Closed Lost,4800.0,False
2573,84,1,3,2024-10-08,2025-02-18,Closed Lost,8000.0,False
2574,70,1,1,2025-03-23,,Proposal,5200.0,False
2575,22,19,1,2025-12-14,2026-04-25,Closed Lost,5900.0,False
2576,82,5,1,2025-12-22,,Qualified,8900.0,False
2577,72,13,1,2025-07-30,2026-01-03,Closed Won,6000.0,True
2578,32,19,3,2026-01-28,2026-07-21,Closed Lost,4700.0,False
2579,33,12,2,2026-01-07,,Proposal,16800.0,False
2580,16,16,2,2024-08-28,,Negotiation,4700.0,False
2581,76,19,2,2025-01-13,2025-02-12,Closed Won,2600.0,True
2582,38,3,3,2025-05-10,2025-10-08,Closed Lost,10800.0,False
2583,98,12,1,2025-04-11,,Proposal,7000.0,False
2584,14,5,2,2025-05-19,2025-08-04,Closed Lost,8000.0,False
2585,36,2,3,2025-11-12,,Proposal,8800.0,False
2586,97,7,1,2025-04-01,,Negotiation,15300.0,False
2587,23,13,2,2024-10-13,2024-11-10,Closed Won,20600.0,True
2588,66,15,1,2024-12-16,2025-01-06,Closed Lost,9200.0,False
2589,85,3,2,2026-02-11,2026-05-29,Closed Lost,4500.0,False
2590,2,20,2,2026-02-14,2026-03-07,Closed Lost,8700.0,False
2591,91,5,2,2024-09-10,,Qualified,10900.0,False
2592,73,8,1,2025-09-18,,Proposal,13400.0,False
2593,65,1,3,2025-10-15,2026-03-19,Closed Lost,8700.0,False
2594,75,8,1,2025-06-27,2025-10-13,Closed Lost,6100.0,False
2595,67,18,2,2025-02-24,2025-06-23,Closed Lost,5100.0,False
2596,52,20,1,2025-05-10,2025-06-17,Closed Lost,7600.0,False
2597,62,16,3,2026-02-01,2026-02-28,Closed Lost,3800.0,False
2598,23,18,1,2025-05-22,2025-11-16,Closed Lost,9900.0,False
2599,26,20,3,2025-01-29,2025-04-28,Closed Lost,8900.0,False
2600,68,12,3,2025-04-03,,Qualified,8800.0,False
2601,82,13,1,2025-05-05,2025-05-26,Closed Lost,11600.0,False
2602,55,13,2,2025-02-18,,Proposal,16700.0,False
2603,6,10,3,2024-09-11,,Negotiation,7800.0,False
2604,35,7,1,2025-12-03,2026-05-22,Closed Lost,8400.0,False
2605,22,14,3,2025-03-20,2025-06-17,Closed Lost,6700.0,False
2606,43,16,2,2026-01-17,2026-02-01,Closed Lost,10700.0,False
2607,15,15,1,2024-10-19,2025-04-01,Closed Lost,8100.0,False
2608,86,12,1,2024-11-23,,Qualified,14400.0,False
2609,60,9,1,2025-03-31,2025-09-16,Closed Lost,14300.0,False
2610,12,8,2,2025-04-11,2025-09-05,Closed Lost,9500.0,False
2611,49,18,3,2025-08-21,2025-09-05,Closed Lost,7800.0,False
2612,42,18,1,2025-08-31,,Qualified,7100.0,False
2613,38,13,3,2025-11-21,2026-03-24,Closed Won,10300.0,True
2614,82,18,3,2024-11-18,2024-11-27,Closed Won,10300.0,True
2615,45,15,2,2024-09-11,2024-10-06,Closed Won,7100.0,True
2616,35,4,1,2024-09-05,,Proposal,9400.0,False
2617,30,17,3,2025-01-02,2025-01-31,Closed Lost,5500.0,False
2618,88,5,1,2024-09-25,2025-01-13,Closed Won,10200.0,True
2619,30,16,1,2025-03-18,2025-08-06,Closed Lost,5700.0,False
2620,78,9,2,2025-03-09,2025-06-28,Closed Won,11900.0,True
2621,6,10,1,2025-01-24,2025-06-21,Closed Won,6900.0,True
2622,67,18,1,2024-11-08,2024-12-30,Closed Lost,18700.0,False
2623,80,17,3,2025-02-10,2025-07-09,Closed Lost,8300.0,False
2624,7,18,2,2025-06-07,2025-06-28,Closed Lost,9100.0,False
2625,52,7,1,2026-02-18,2026-04-16,Closed Lost,4000.0,False
2626,14,4,3,2025-10-16,2026-02-09,Closed Lost,16400.0,False
2627,73,5,2,2024-08-29,2024-09-12,Closed Lost,8000.0,False
2628,15,16,2,2025-01-29,2025-04-14,Closed Lost,19300.0,False
2629,21,3,3,2025-04-19,,Proposal,8300.0,False
2630,35,18,3,2025-10-19,2026-01-01,Closed Lost,7300.0,False
2631,66,14,3,2026-02-09,2026-07-09,Closed Lost,6300.0,False
2632,91,15,3,2024-10-31,2025-04-07,Closed Won,11200.0,True
2633,2,17,3,2025-03-26,2025-04-07,Closed Lost,10500.0,False
2634,35,1,1,2024-12-04,2025-04-08,Closed Lost,4200.0,False
2635,82,17,1,2024-10-15,2024-12-17,Closed Won,6100.0,True
2636,78,11,2,2025-07-18,,Proposal,11600.0,False
2637,20,17,1,2025-03-13,,Qualified,5900.0,False
2638,82,14,1,2025-06-06,,Qualified,5400.0,False
2639,10,20,1,2024-10-06,,Qualified,8900.0,False
2640,25,19,3,2025-03-08,,Qualified,8500.0,False
2641,66,7,2,2025-03-26,,Negotiation,6400.0,False
2642,25,13,2,2025-12-16,2026-03-06,Closed Won,19600.0,True
2643,54,18,2,2025-06-27,2025-10-25,Closed Lost,7500.0,False
2644,33,14,2,2025-10-31,2026-02-11,Closed Lost,4300.0,False
2645,36,1,1,2025-07-20,2025-10-14,Closed Won,3600.0,True
2646,95,7,1,2024-09-18,2025-01-25,Closed Lost,13500.0,False
2647,14,8,3,2025-02-04,,Proposal,4700.0,False
2648,65,18,2,2025-07-06,2025-08-14,Closed Lost,8200.0,False
2649,80,9,1,2025-05-23,2025-10-16,Closed Won,5200.0,True
2650,54,1,1,2025-09-09,2025-10-29,Closed Lost,7700.0,False
2651,52,17,3,2025-08-22,2025-09-10,Closed Lost,9600.0,False
2652,3,19,3,2024-12-03,2025-05-10,Closed Lost,4100.0,False
2653,99,6,3,2026-01-07,2026-07-04,Closed Lost,6500.0,False
2654,41,3,1,2025-08-30,2025-11-01,Closed Won,5800.0,True
2655,6,5,1,2025-04-24,2025-08-04,Closed Lost,5000.0,False
2656,25,2,3,2025-02-07,2025-07-07,Closed Won,6700.0,True
2657,13,20,2,2025-10-14,2026-02-06,Closed Lost,5900.0,False
2658,98,4,3,2025-08-13,2025-12-17,Closed Lost,12500.0,False
2659,8,10,3,2025-12-13,2026-03-29,Closed Won,5700.0,True
2660,21,10,3,2024-12-25,2025-05-29,Closed Lost,10200.0,False
2661,98,11,3,2026-02-10,2026-06-07,Closed Won,10000.0,True
2662,68,16,1,2025-09-28,2025-11-24,Closed Won,3800.0,True
2663,25,17,2,2026-01-21,2026-02-17,Closed Won,6300.0,True
2664,79,16,3,2026-02-04,2026-04-11,Closed Lost,7700.0,False
2665,68,7,2,2025-05-03,2025-05-30,Closed Lost,9300.0,False
2666,45,16,2,2024-12-21,,Proposal,7200.0,False
2667,60,3,2,2024-09-23,2025-02-02,Closed Won,13600.0,True
2668,12,16,3,2024-09-28,2025-02-15,Closed Won,8500.0,True
2669,32,8,1,2025-07-30,2025-10-17,Closed Lost,10100.0,False
2670,96,12,3,2024-09-04,2024-11-25,Closed Lost,6000.0,False
2671,92,3,2,2025-02-21,2025-05-16,Closed Lost,10200.0,False
2672,13,17,2,2025-05-14,,Qualified,21300.0,False
2673,31,18,1,2024-11-18,,Qualified,10500.0,False
2674,78,11,3,2025-11-27,2026-02-27,Closed Lost,14100.0,False
2675,20,4,2,2024-10-07,,Proposal,7000.0,False
2676,18,16,1,2025-09-18,2025-11-19,Closed Won,12900.0,True
2677,93,17,2,2024-12-19,2025-03-10,Closed Lost,13400.0,False
2678,60,9,1,2026-02-04,2026-02-13,Closed Lost,9200.0,False
2679,63,6,1,2025-11-12,2026-05-07,Closed Won,7800.0,True
2680,6,20,3,2024-10-07,2024-10-19,Closed Lost,3800.0,False
2681,32,2,2,2026-01-12,2026-01-24,Closed Lost,8000.0,False
2682,93,9,3,2026-01-30,2026-07-03,Closed Lost,10700.0,False
2683,43,6,2,2024-08-25,2025-01-27,Closed Lost,5500.0,False
2684,2,3,3,2024-09-19,2024-09-27,Closed Won,4300.0,True
2685,60,20,2,2025-09-07,2025-12-12,Closed Won,8500.0,True
2686,23,6,3,2025-01-26,2025-03-29,Closed Won,9100.0,True
2687,83,7,1,2026-01-15,2026-04-27,Closed Won,4100.0,True
2688,31,1,2,2025-07-21,2025-08-06,Closed Lost,8300.0,False
2689,5,1,2,2024-12-14,,Proposal,9400.0,False
2690,83,5,1,2025-09-15,2025-11-30,Closed Lost,15700.0,False
2691,34,6,3,2025-12-22,,Proposal,6400.0,False
2692,10,13,2,2025-04-29,2025-08-26,Closed Lost,23000.0,False
2693,89,2,2,2025-07-03,2025-08-08,Closed Won,8300.0,True
2694,2,15,3,2025-04-18,,Qualified,4400.0,False
2695,11,15,1,2025-04-13,2025-07-06,Closed Lost,6900.0,False
2696,50,13,3,2025-06-21,2025-12-09,Closed Lost,4600.0,False
2697,31,14,3,2025-07-22,2025-09-21,Closed Won,7500.0,True
2698,56,7,3,2024-12-13,2025-02-06,Closed Lost,10200.0,False
2699,79,14,2,2025-08-19,2025-09-28,Closed Lost,9300.0,False
2700,73,10,1,2024-11-27,2025-03-18,Closed Lost,4600.0,False
2701,87,17,1,2024-09-07,,Proposal,4300.0,False
2702,83,14,3,2025-09-02,2025-09-30,Closed Won,10000.0,True
2703,9,8,2,2025-09-16,2025-10-23,Closed Lost,11200.0,False
2704,99,4,3,2025-03-27,,Qualified,6300.0,False
2705,21,16,2,2025-09-25,2026-01-14,Closed Lost,2300.0,False
2706,73,13,2,2025-05-09,2025-10-11,Closed Won,4500.0,True
2707,28,20,2,2025-07-08,2025-07-30,Closed Won,13300.0,True
2708,62,18,2,2025-03-06,2025-04-01,Closed Won,5600.0,True
2709,7,14,1,2025-12-13,2026-01-31,Closed Lost,6800.0,False
2710,80,18,2,2025-10-14,2026-04-10,Closed Lost,10700.0,False
2711,16,5,2,2025-12-10,2026-02-01,Closed Won,7000.0,True
2712,97,9,3,2026-02-17,,Qualified,16300.0,False
2713,4,3,3,2025-04-10,,Proposal,6700.0,False
2714,4,8,1,2026-01-25,2026-03-20,Closed Lost,5300.0,False
2715,40,20,3,2025-03-10,,Negotiation,14600.0,False
2716,17,10,2,2024-09-12,2025-02-22,Closed Won,8300.0,True
2717,52,19,3,2025-06-29,2025-08-19,Closed Won,4700.0,True
2718,93,3,1,2025-10-30,2026-04-18,Closed Lost,10300.0,False
2719,52,11,3,2025-08-28,2025-11-29,Closed Lost,7000.0,False
2720,36,11,3,2024-11-08,,Qualified,4600.0,False
2721,38,17,1,2026-02-15,2026-06-11,Closed Lost,8500.0,False
2722,50,16,1,2025-06-03,2025-11-28,Closed Lost,7500.0,False
2723,63,7,2,2025-01-09,2025-04-21,Closed Won,3500.0,True
2724,63,4,3,2025-05-31,2025-11-21,Closed Lost,4800.0,False
2725,62,19,2,2025-05-07,2025-08-23,Closed Lost,20600.0,False
2726,99,12,3,2025-08-17,,Negotiation,8400.0,False
2727,7,15,3,2025-11-05,,Negotiation,15900.0,False
2728,27,11,2,2025-05-19,2025-08-14,Closed Won,9500.0,True
2729,92,5,3,2025-01-03,2025-03-01,Closed Lost,15000.0,False
2730,86,5,3,2024-12-04,2025-04-01,Closed Lost,10700.0,False
2731,14,15,3,2024-11-25,,Qualified,5000.0,False
2732,71,18,1,2025-12-15,2026-02-24,Closed Lost,11000.0,False
2733,86,11,2,2025-04-20,2025-07-23,Closed Won,5000.0,True
2734,5,12,1,2024-09-04,,Proposal,12900.0,False
2735,55,2,2,2025-01-16,2025-02-01,Closed Won,9000.0,True
2736,2,20,2,2024-11-25,2025-01-12,Closed Won,8200.0,True
2737,62,15,3,2025-06-11,2025-09-20,Closed Won,6500.0,True
2738,91,20,2,2024-09-16,2024-10-03,Closed Lost,12100.0,False
2739,21,4,1,2025-05-21,2025-09-22,Closed Lost,7500.0,False
2740,79,18,1,2026-01-09,2026-06-08,Closed Lost,3100.0,False
2741,21,6,1,2025-02-04,2025-06-15,Closed Lost,3400.0,False
2742,10,19,2,2024-11-17,2025-02-09,Closed Lost,4300.0,False
2743,87,11,1,2025-12-26,,Negotiation,12000.0,False
2744,58,2,2,2025-01-10,2025-06-24,Closed Lost,12500.0,False
2745,39,8,1,2024-12-03,,Proposal,9500.0,False
2746,5,11,1,2025-04-05,2025-04-19,Closed Won,9500.0,True
2747,65,5,2,2025-06-12,2025-11-17,Closed Lost,16700.0,False
2748,13,18,1,2025-06-24,2025-11-13,Closed Lost,9600.0,False
2749,85,18,3,2025-05-03,2025-08-28,Closed Won,11100.0,True
2750,90,14,2,2025-02-18,2025-08-01,Closed Lost,8100.0,False
2751,85,10,2,2024-10-01,2024-12-04,Closed Won,6400.0,True
2752,53,3,2,2026-01-24,2026-04-26,Closed Lost,7000.0,False
2753,82,9,3,2026-02-19,2026-04-21,Closed Won,22600.0,True
2754,45,3,2,2025-04-15,,Qualified,4700.0,False
2755,32,11,1,2025-11-28,2026-03-22,Closed Won,9500.0,True
2756,36,12,1,2025-04-07,2025-05-31,Closed Lost,3800.0,False
2757,81,12,1,2025-12-18,2026-05-05,Closed Lost,6000.0,False
2758,99,3,2,2025-10-26,2026-04-15,Closed Lost,11900.0,False
2759,60,7,1,2024-09-13,,Proposal,3300.0,False
2760,11,14,2,2025-07-31,2025-12-13,Closed Lost,12700.0,False
2761,63,11,1,2024-10-01,2024-11-23,Closed Lost,22600.0,False
2762,21,7,3,2025-02-11,2025-02-22,Closed Lost,9700.0,False
2763,52,10,3,2025-11-04,,Qualified,15200.0,False
2764,55,11,3,2025-02-17,2025-03-13,Closed Won,9200.0,True
2765,26,15,3,2025-01-02,2025-04-02,Closed Lost,11600.0,False
2766,68,19,2,2025-08-08,2026-01-17,Closed Lost,10200.0,False
2767,34,16,1,2026-01-29,2026-02-09,Closed Lost,6300.0,False
2768,52,20,3,2026-02-13,2026-03-21,Closed Lost,6000.0,False
2769,82,12,2,2026-01-10,,Negotiation,14600.0,False
2770,99,18,3,2024-11-14,,Proposal,7900.0,False
2771,93,13,3,2025-11-29,2026-02-25,Closed Lost,7500.0,False
2772,52,5,2,2025-07-31,2025-10-14,Closed Won,7500.0,True
2773,29,4,2,2025-05-29,2025-07-05,Closed Lost,9400.0,False
2774,38,14,1,2025-05-12,2025-08-17,Closed Lost,4500.0,False
2775,42,8,1,2025-02-04,2025-05-14,Closed Won,7400.0,True
2776,21,9,3,2025-06-11,2025-10-22,Closed Lost,9500.0,False
2777,42,19,3,2026-01-13,,Proposal,4300.0,False
2778,13,3,1,2025-04-05,2025-04-27,Closed Lost,9000.0,False
2779,64,5,1,2025-02-08,,Qualified,5200.0,False
2780,17,18,2,2025-11-13,2026-04-08,Closed Lost,9500.0,False
2781,9,1,1,2026-01-06,2026-02-01,Closed Lost,23800.0,False
2782,41,8,1,2026-01-31,2026-04-29,Closed Lost,7600.0,False
2783,1,19,3,2025-09-05,,Negotiation,4700.0,False
2784,2,17,1,2025-03-11,2025-08-15,Closed Lost,9100.0,False
2785,60,17,3,2025-04-29,,Proposal,10300.0,False
2786,48,11,1,2025-10-05,,Qualified,5100.0,False
2787,29,2,2,2024-12-25,2025-04-23,Closed Won,3400.0,True
2788,97,6,1,2024-12-13,2025-01-05,Closed Lost,5100.0,False
2789,10,14,1,2025-01-06,,Qualified,7900.0,False
2790,58,3,1,2025-12-31,2026-06-23,Closed Lost,6500.0,False
2791,60,12,3,2025-01-19,2025-05-31,Closed Won,13900.0,True
2792,21,4,2,2025-07-31,2025-08-09,Closed Won,10500.0,True
2793,28,12,1,2025-07-09,,Qualified,8500.0,False
2794,75,13,3,2026-02-05,2026-04-02,Closed Won,3400.0,True
2795,34,2,2,2025-06-07,,Proposal,11100.0,False
2796,8,2,3,2025-12-24,2026-03-30,Closed Lost,21800.0,False
2797,59,15,3,2025-12-27,2026-03-30,Closed Lost,12500.0,False
2798,86,17,2,2025-05-01,2025-05-13,Closed Lost,5800.0,False
2799,72,7,1,2024-11-07,2025-04-18,Closed Lost,7600.0,False
2800,49,14,3,2025-09-18,,Proposal,10200.0,False
2801,79,12,3,2025-10-08,,Qualified,16200.0,False
2802,17,17,1,2025-02-11,,Qualified,5700.0,False
2803,60,14,1,2025-03-11,,Qualified,6400.0,False
2804,87,6,2,2025-03-27,2025-05-01,Closed Won,7900.0,True
2805,88,19,2,2025-09-02,2026-02-06,Closed Lost,7600.0,False
2806,45,6,2,2024-09-02,2024-12-28,Closed Lost,12000.0,False
2807,83,18,1,2024-09-03,,Negotiation,9200.0,False
2808,69,5,3,2025-10-31,2025-11-16,Closed Lost,4000.0,False
2809,32,6,3,2025-08-30,,Negotiation,5800.0,False
2810,44,2,2,2025-05-22,2025-06-26,Closed Won,5900.0,True
2811,65,8,1,2026-01-13,,Proposal,2700.0,False
2812,87,15,3,2025-01-01,2025-02-27,Closed Lost,12900.0,False
2813,8,15,2,2025-07-07,2025-10-22,Closed Won,8700.0,True
2814,77,11,3,2025-02-06,,Negotiation,6200.0,False
2815,72,1,3,2025-09-23,,Negotiation,12700.0,False
2816,87,18,1,2025-02-18,2025-05-17,Closed Lost,9400.0,False
2817,43,12,1,2024-10-19,,Qualified,4300.0,False
2818,1,12,3,2025-12-15,,Negotiation,11000.0,False
2819,51,11,2,2025-11-25,2026-02-06,Closed Lost,16100.0,False
2820,24,8,1,2024-10-22,2024-12-29,Closed Lost,7600.0,False
2821,99,7,3,2025-08-26,2026-01-12,Closed Lost,7800.0,False
2822,24,2,1,2024-12-21,2025-05-13,Closed Lost,8600.0,False
2823,17,11,1,2026-02-19,,Negotiation,4400.0,False
2824,5,10,1,2024-09-08,2024-10-22,Closed Won,8700.0,True
2825,20,3,3,2025-12-31,2026-02-18,Closed Won,5200.0,True
2826,21,20,2,2026-01-01,2026-05-04,Closed Won,8100.0,True
2827,58,10,2,2026-01-09,2026-06-13,Closed Lost,8800.0,False
2828,31,18,2,2026-02-05,2026-03-29,Closed Lost,10600.0,False
2829,100,14,1,2025-07-03,2025-12-22,Closed Lost,10800.0,False
2830,11,18,3,2024-10-30,2024-12-24,Closed Won,5100.0,True
2831,52,8,1,2025-01-30,2025-03-16,Closed Lost,8900.0,False
2832,15,10,2,2025-01-14,,Proposal,13100.0,False
2833,83,13,2,2025-09-11,2026-01-22,Closed Won,4600.0,True
2834,7,8,3,2025-05-18,2025-10-29,Closed Won,19400.0,True
2835,28,4,1,2025-11-19,2026-04-23,Closed Lost,5000.0,False
2836,51,4,2,2026-01-22,2026-01-29,Closed Won,18300.0,True
2837,58,5,3,2025-08-07,2026-01-20,Closed Won,5000.0,True
2838,5,1,1,2024-12-10,,Proposal,7900.0,False
2839,5,17,1,2025-12-18,2026-03-03,Closed Lost,7400.0,False
2840,94,2,2,2025-10-03,,Proposal,4100.0,False
2841,96,8,2,2024-10-12,2025-02-10,Closed Lost,11500.0,False
2842,8,7,1,2025-09-29,,Proposal,11800.0,False
2843,64,15,1,2025-12-11,,Qualified,11000.0,False
2844,10,5,2,2024-11-17,2024-12-12,Closed Lost,7200.0,False
2845,38,2,1,2024-10-29,2025-01-02,Closed Won,5700.0,True
2846,96,7,2,2024-10-03,2025-03-16,Closed Lost,14000.0,False
2847,92,8,1,2024-10-18,2025-01-11,Closed Lost,9000.0,False
2848,81,7,2,2025-03-06,,Proposal,5600.0,False
2849,95,7,3,2024-10-23,2024-12-23,Closed Won,9000.0,True
2850,8,14,2,2025-05-12,2025-07-01,Closed Lost,3500.0,False
2851,25,18,2,2024-12-12,,Qualified,8600.0,False
2852,73,6,3,2025-02-16,,Negotiation,11200.0,False
2853,66,4,1,2024-09-17,2024-12-10,Closed Lost,7400.0,False
2854,79,10,3,2025-10-06,,Qualified,11600.0,False
2855,50,18,2,2026-02-04,2026-03-12,Closed Lost,12200.0,False
2856,67,12,1,2025-07-05,2025-08-19,Closed Won,9300.0,True
2857,49,16,3,2026-02-05,2026-02-24,Closed Won,19600.0,True
2858,36,7,1,2024-12-06,,Negotiation,15900.0,False
2859,68,6,1,2025-11-29,2026-04-28,Closed Lost,11100.0,False
2860,78,5,3,2025-04-25,2025-10-20,Closed Lost,9700.0,False
2861,41,3,1,2024-11-11,2025-03-09,Closed Lost,7100.0,False
2862,89,12,3,2025-09-22,2026-03-02,Closed Lost,5900.0,False
2863,62,15,2,2026-01-26,2026-03-18,Closed Lost,12100.0,False
2864,10,10,1,2025-05-13,,Proposal,7300.0,False
2865,21,20,2,2025-05-23,2025-07-03,Closed Won,4900.0,True
2866,36,19,2,2025-02-10,2025-07-22,Closed Lost,5400.0,False
2867,12,16,1,2025-05-14,,Qualified,5800.0,False
2868,91,11,3,2024-09-17,,Proposal,19500.0,False
2869,2,8,1,2025-12-04,2026-04-03,Closed Lost,12400.0,False
2870,13,3,2,2025-12-11,2026-02-06,Closed Lost,8200.0,False
2871,53,7,2,2025-08-13,,Qualified,10000.0,False
2872,32,7,3,2024-09-17,,Proposal,10600.0,False
2873,95,14,1,2024-09-25,2025-01-05,Closed Won,5200.0,True
2874,16,2,2,2025-05-13,2025-06-26,Closed Lost,4500.0,False
2875,32,10,2,2025-01-07,2025-04-27,Closed Won,13700.0,True
2876,32,19,2,2025-11-27,2026-01-04,Closed Won,4100.0,True
2877,98,9,3,2025-02-06,2025-07-16,Closed Lost,8000.0,False
2878,11,16,2,2024-11-11,2025-01-14,Closed Lost,5600.0,False
2879,10,19,2,2025-10-03,2026-03-25,Closed Lost,9000.0,False
2880,15,18,1,2024-10-07,,Negotiation,7100.0,False
2881,17,9,1,2024-10-14,2025-01-10,Closed Won,10600.0,True
2882,40,16,2,2025-12-11,2026-02-05,Closed Lost,2600.0,False
2883,18,13,2,2024-09-07,,Qualified,14200.0,False
2884,55,10,1,2025-08-17,2025-11-17,Closed Lost,11700.0,False
2885,73,20,3,2025-12-22,2026-04-22,Closed Lost,13400.0,False
2886,25,14,3,2026-01-06,,Proposal,12700.0,False
2887,59,12,3,2025-01-10,2025-03-10,Closed Lost,9500.0,False
2888,78,19,3,2025-11-12,,Qualified,5900.0,False
2889,89,7,3,2025-06-08,2025-10-09,Closed Lost,10100.0,False
2890,22,15,3,2025-03-19,2025-05-07,Closed Lost,9400.0,False
2891,30,16,3,2025-12-10,,Negotiation,12600.0,False
2892,84,8,3,2025-10-09,2026-03-15,Closed Lost,11100.0,False
2893,85,10,1,2025-10-23,,Proposal,8500.0,False
2894,44,4,3,2025-08-28,2026-01-18,Closed Won,10100.0,True
2895,32,19,3,2025-06-08,2025-10-05,Closed Lost,10500.0,False
2896,51,19,3,2025-10-28,,Qualified,14000.0,False
2897,46,15,2,2025-05-17,2025-11-08,Closed Won,19300.0,True
2898,21,14,1,2025-01-20,2025-03-21,Closed Won,10900.0,True
2899,99,1,1,2025-05-04,2025-07-14,Closed Lost,10500.0,False
2900,32,16,1,2025-08-10,2025-08-18,Closed Lost,7200.0,False
2901,94,10,3,2025-09-03,,Qualified,6800.0,False
2902,39,19,3,2025-08-15,,Proposal,5600.0,False
2903,12,3,2,2025-08-27,2025-10-04,Closed Lost,1600.0,False
2904,47,5,1,2025-04-06,2025-07-21,Closed Lost,5300.0,False
2905,18,9,3,2025-06-21,2025-11-04,Closed Lost,7400.0,False
2906,21,18,1,2025-09-15,2026-01-03,Closed Lost,7000.0,False
2907,13,11,2,2025-09-03,,Negotiation,10200.0,False
2908,21,16,2,2024-12-18,2025-05-21,Closed Won,5400.0,True
2909,8,2,2,2024-08-27,2024-11-30,Closed Lost,5500.0,False
2910,46,12,1,2025-11-09,,Qualified,2800.0,False
2911,7,6,3,2025-08-09,2025-12-29,Closed Won,10300.0,True
2912,23,11,3,2026-02-06,2026-07-11,Closed Lost,5200.0,False
2913,96,8,2,2024-12-24,2025-03-27,Closed Lost,5700.0,False
2914,75,12,3,2025-05-26,,Qualified,10700.0,False
2915,86,2,2,2025-09-20,2025-10-04,Closed Won,5200.0,True
2916,22,9,1,2025-08-17,2025-12-02,Closed Won,9800.0,True
2917,89,15,2,2025-12-04,,Negotiation,4400.0,False
2918,22,2,1,2024-10-18,,Qualified,8000.0,False
2919,92,1,2,2025-04-30,,Negotiation,6000.0,False
2920,29,10,3,2025-01-19,2025-02-21,Closed Lost,7100.0,False
2921,13,2,3,2025-11-17,2026-03-07,Closed Lost,17300.0,False
2922,82,12,2,2025-01-31,2025-05-22,Closed Lost,3600.0,False
2923,2,8,3,2024-12-20,2025-05-21,Closed Won,16500.0,True
2924,29,5,3,2025-08-08,2025-09-18,Closed Lost,5100.0,False
2925,85,1,3,2024-11-29,2025-03-28,Closed Won,12500.0,True
2926,79,15,1,2025-02-05,2025-04-04,Closed Won,13800.0,True
2927,52,6,3,2026-01-18,2026-06-16,Closed Lost,10000.0,False
2928,27,12,1,2025-09-27,,Proposal,4400.0,False
2929,50,8,2,2025-08-22,2025-11-27,Closed Won,9300.0,True
2930,95,13,3,2025-07-14,2025-10-09,Closed Lost,29100.0,False
2931,79,19,3,2025-04-26,2025-08-14,Closed Lost,8100.0,False
2932,23,1,3,2025-10-30,2026-01-10,Closed Lost,7700.0,False
2933,88,11,2,2024-11-23,2025-03-22,Closed Lost,7300.0,False
2934,44,20,1,2025-05-17,2025-06-23,Closed Lost,10500.0,False
2935,77,1,1,2025-07-09,,Proposal,7800.0,False
2936,22,8,3,2024-10-23,,Proposal,9300.0,False
2937,43,5,2,2025-06-18,2025-10-07,Closed Lost,7000.0,False
2938,37,17,2,2025-09-29,,Qualified,4800.0,False
2939,61,8,2,2025-06-21,2025-07-31,Closed Won,25900.0,True
2940,97,10,2,2025-05-02,,Proposal,7700.0,False
2941,56,2,2,2025-12-13,2025-12-22,Closed Won,40100.0,True
2942,3,9,1,2025-08-26,2025-09-18,Closed Lost,10000.0,False
2943,63,3,1,2025-01-29,,Proposal,10900.0,False
2944,19,18,1,2025-02-04,2025-03-28,Closed Lost,6900.0,False
2945,23,7,3,2025-03-15,2025-09-03,Closed Lost,6000.0,False
2946,29,15,2,2025-05-16,,Negotiation,7000.0,False
2947,30,20,3,2025-01-07,,Qualified,5300.0,False
2948,39,18,2,2025-08-25,2025-12-21,Closed Lost,5100.0,False
2949,25,3,1,2025-11-08,2026-04-20,Closed Lost,19800.0,False
2950,8,14,3,2024-09-08,,Proposal,12100.0,False
2951,58,2,1,2024-10-29,,Qualified,17100.0,False
2952,16,14,2,2025-01-02,2025-04-15,Closed Won,14200.0,True
2953,72,11,2,2025-10-26,,Qualified,6000.0,False
2954,1,16,2,2025-06-26,,Qualified,3800.0,False
2955,5,8,1,2025-02-12,2025-05-19,Closed Lost,6400.0,False
2956,3,7,2,2025-10-08,,Qualified,8500.0,False
2957,65,11,1,2024-11-27,2025-05-14,Closed Lost,14400.0,False
2958,4,3,3,2025-01-23,2025-03-29,Closed Won,7900.0,True
2959,99,17,2,2025-04-21,2025-05-15,Closed Lost,35700.0,False
2960,96,14,2,2025-06-22,2025-10-01,Closed Lost,6500.0,False
2961,64,6,2,2025-06-03,,Negotiation,10900.0,False
2962,98,8,3,2024-09-18,2024-10-10,Closed Lost,6000.0,False
2963,89,5,2,2025-09-28,,Qualified,9900.0,False
2964,10,8,1,2025-08-17,,Negotiation,7600.0,False
2965,21,2,1,2024-10-21,,Qualified,7200.0,False
2966,46,15,2,2025-03-12,2025-08-15,Closed Won,5900.0,True
2967,91,12,2,2025-08-27,2025-09-18,Closed Lost,8700.0,False
2968,27,17,3,2026-02-06,2026-02-24,Closed Lost,12300.0,False
2969,66,1,3,2025-01-21,,Proposal,5000.0,False
2970,41,15,3,2024-12-02,2025-04-16,Closed Lost,7900.0,False
2971,13,14,2,2025-11-11,,Negotiation,10400.0,False
2972,9,20,3,2025-04-08,,Proposal,11400.0,False
2973,36,16,3,2024-12-25,,Proposal,20600.0,False
2974,86,9,1,2025-04-15,2025-04-30,Closed Lost,10800.0,False
2975,90,1,3,2025-01-31,2025-03-31,Closed Lost,6600.0,False
2976,58,17,1,2025-08-10,,Negotiation,6100.0,False
2977,54,13,1,2024-10-29,2025-04-18,Closed Lost,6100.0,False
2978,12,5,3,2025-02-11,,Negotiation,5900.0,False
2979,81,10,1,2025-05-10,2025-07-04,Closed Won,9000.0,True
2980,78,6,2,2025-03-27,,Proposal,10000.0,False
2981,14,19,2,2024-12-24,,Proposal,12200.0,False
2982,34,13,3,2025-01-31,2025-05-08,Closed Lost,11300.0,False
2983,53,1,2,2025-03-11,2025-06-04,Closed Lost,15100.0,False
2984,20,20,1,2025-11-19,,Qualified,5800.0,False
2985,75,15,2,2025-09-28,2026-01-15,Closed Lost,18400.0,False
2986,16,14,3,2025-11-27,2026-03-24,Closed Lost,5900.0,False
2987,95,8,3,2025-05-24,2025-07-27,Closed Lost,9600.0,False
2988,70,10,1,2025-03-16,2025-06-12,Closed Lost,7400.0,False
2989,56,9,3,2024-10-01,2025-02-16,Closed Lost,8000.0,False
2990,83,17,2,2025-05-22,,Proposal,11300.0,False
2991,58,9,3,2024-11-23,2025-04-09,Closed Won,3900.0,True
2992,4,3,1,2024-10-03,2024-12-27,Closed Won,5300.0,True
2993,4,11,3,2025-11-30,,Proposal,11800.0,False
2994,20,12,2,2025-09-05,2025-10-19,Closed Lost,8100.0,False
2995,10,10,1,2024-12-07,2025-05-23,Closed Lost,7100.0,False
2996,24,17,2,2025-07-16,,Qualified,4600.0,False
2997,99,17,1,2024-10-26,,Negotiation,7200.0,False
2998,26,11,3,2025-08-22,2026-01-11,Closed Lost,11400.0,False
2999,37,4,1,2025-12-19,,Negotiation,6100.0,False
3000,85,7,1,2024-09-15,,Proposal,16000.0,False
